{
  "best_epoch": 14,
  "total_epochs_trained": 14,
  "mode": "singlelabel",
  "fold": 2,
  "optimizer": "adamw",
  "eval_decoder": "greedy",
  "mbr_threshold": 0.0,
  "train_loss": 0.02921811720760325,
  "val_loss": 0.15166021808981894,
  "train_composite_accuracy": 0.9939019742358411,
  "train_composite_micro_f1": 0.9939019742358411,
  "train_composite_macro_f1": 0.8320156617909142,
  "val_composite_accuracy": 0.977579927154998,
  "val_composite_micro_f1": 0.977579927154998,
  "val_composite_macro_f1": 0.8769713151966626,
  "per_word_class_accuracy": {
    "Word Class Noun": 0.9967081199707388,
    "Word Class Adjective": 0.9717138103161398,
    "Word Class Pronoun": 0.9894847528916929,
    "Word Class Number": 0.9942857142857143,
    "Word Class Verbs": 0.998015873015873,
    "Word Class Participle": 0.9263803680981595,
    "Word Class Adverb": 0.991504854368932,
    "Word Class Conjunctions": 0.9947526236881559,
    "Word Class Foreign words": 0.7272727272727273,
    "Word Class Unanalyzed word": 0.0,
    "Word Class Abbreviation": 0.95,
    "Word Class Web email or address": 0.0,
    "Word Class Punctuation": 1.0,
    "Word Class Symbol": 1.0,
    "Word Class R Article": 0.9699570815450643
  },
  "per_word_class_f1": {
    "Word Class Noun": 0.9976203551162365,
    "Word Class Adjective": 0.9629018961253092,
    "Word Class Pronoun": 0.9889647924330005,
    "Word Class Number": 0.9914529914529915,
    "Word Class Verbs": 0.9977684106124474,
    "Word Class Participle": 0.937888198757764,
    "Word Class Adverb": 0.9919061108862809,
    "Word Class Conjunctions": 0.9954988747186796,
    "Word Class Foreign words": 0.8421052631578948,
    "Word Class Unanalyzed word": 0.0,
    "Word Class Abbreviation": 0.9268292682926829,
    "Word Class Web email or address": 0.0,
    "Word Class Punctuation": 1.0,
    "Word Class Symbol": 0.8571428571428571,
    "Word Class R Article": 0.9699570815450643
  },
  "per_interval_accuracy": {
    "Subcategories": 0.9881710646041856,
    "Gender": 0.9824994852789788,
    "Number": 0.9915611814345991,
    "Case": 0.9843524809553222,
    "Article": 0.9948792977322605,
    "Proper Noun": 0.9941477688368691,
    "Degree": 0.9882850634559063,
    "Declension": 0.9764397905759162,
    "Mood": 0.9940476190476191,
    "Voice": 0.9975198412698413,
    "Tense": 0.9945436507936508,
    "Person": 0.9892146949780923,
    "Definiteness": 0.9699570815450643
  },
  "per_interval_f1": {
    "Subcategories": 0.9174286947632047,
    "Gender": 0.7875440116749786,
    "Number": 0.7430610387078221,
    "Case": 0.8221835758759323,
    "Article": 0.6644188473868634,
    "Proper Noun": 0.6634482738506677,
    "Degree": 0.6539823673260163,
    "Declension": 0.7382195967826235,
    "Mood": 0.7767293344790429,
    "Voice": 0.6618784023838176,
    "Tense": 0.7468688903627658,
    "Person": 0.7789065198205435,
    "Definiteness": 0.6534646369083456
  },
  "learning_rate": 1.72e-05,
  "base_learning_rate": 2e-05,
  "warmup_ratio": 0.0
}