{
  "epoch": 15,
  "mode": "singlelabel",
  "fold": 2,
  "eval_decoder": "greedy",
  "mbr_threshold": 0.0,
  "train_loss": 0.025675179556437822,
  "val_loss": 0.16603042110800742,
  "train_composite_accuracy": 0.994873847092004,
  "train_composite_micro_f1": 0.994873847092004,
  "train_composite_macro_f1": 0.8554994014920203,
  "val_composite_accuracy": 0.9770942938081748,
  "val_composite_micro_f1": 0.9770942938081748,
  "val_composite_macro_f1": 0.8614450002733367,
  "per_word_class_accuracy": {
    "Word Class Noun": 0.9981711777615215,
    "Word Class Adjective": 0.9600665557404326,
    "Word Class Pronoun": 0.9915878023133544,
    "Word Class Number": 0.9885714285714285,
    "Word Class Verbs": 0.9970238095238095,
    "Word Class Participle": 0.9386503067484663,
    "Word Class Adverb": 0.9923139158576052,
    "Word Class Conjunctions": 0.9962518740629686,
    "Word Class Foreign words": 0.8181818181818182,
    "Word Class Unanalyzed word": 0.0,
    "Word Class Abbreviation": 0.95,
    "Word Class Web email or address": 0.0,
    "Word Class Punctuation": 1.0,
    "Word Class Symbol": 1.0,
    "Word Class R Article": 0.9828326180257511
  },
  "per_word_class_f1": {
    "Word Class Noun": 0.9983537589171392,
    "Word Class Adjective": 0.964076858813701,
    "Word Class Pronoun": 0.9900262467191602,
    "Word Class Number": 0.9857549857549858,
    "Word Class Verbs": 0.9980139026812315,
    "Word Class Participle": 0.9272727272727274,
    "Word Class Adverb": 0.9923139158576052,
    "Word Class Conjunctions": 0.9955056179775281,
    "Word Class Foreign words": 0.9,
    "Word Class Unanalyzed word": 0.0,
    "Word Class Abbreviation": 0.9268292682926829,
    "Word Class Web email or address": 0.0,
    "Word Class Punctuation": 1.0,
    "Word Class Symbol": 1.0,
    "Word Class R Article": 0.9807280513918629
  },
  "per_interval_accuracy": {
    "Subcategories": 0.9895359417652412,
    "Gender": 0.9796170475602224,
    "Number": 0.9912701876909646,
    "Case": 0.9841465925468396,
    "Article": 0.9956108266276518,
    "Proper Noun": 0.9963423555230432,
    "Degree": 0.9853563293198828,
    "Declension": 0.9764397905759162,
    "Mood": 0.9930555555555556,
    "Voice": 0.9965277777777778,
    "Tense": 0.9935515873015873,
    "Person": 0.9888776541961577,
    "Definiteness": 0.9828326180257511
  },
  "per_interval_f1": {
    "Subcategories": 0.918388366554414,
    "Gender": 0.7856466192749539,
    "Number": 0.7430147249164429,
    "Case": 0.8219865581736537,
    "Article": 0.6642882920039181,
    "Proper Noun": 0.6644332078790126,
    "Degree": 0.6496133759360645,
    "Declension": 0.7413277585881649,
    "Mood": 0.7548343636931676,
    "Voice": 0.6617062263501893,
    "Tense": 0.7465491380751373,
    "Person": 0.7754900798508917,
    "Definiteness": 0.6601731601731601
  },
  "learning_rate": 1.7e-05
}