{
  "epoch": 6,
  "mode": "singlelabel",
  "fold": 2,
  "eval_decoder": "greedy",
  "mbr_threshold": 0.0,
  "train_loss": 0.12486709867437333,
  "val_loss": 0.1753513842821121,
  "train_composite_accuracy": 0.9778756002744111,
  "train_composite_micro_f1": 0.9778756002744111,
  "train_composite_macro_f1": 0.6255111373473149,
  "val_composite_accuracy": 0.9702144880615136,
  "val_composite_micro_f1": 0.9702144880615136,
  "val_composite_macro_f1": 0.7833123553118718,
  "per_word_class_accuracy": {
    "Word Class Noun": 0.9959765910753475,
    "Word Class Adjective": 0.9534109816971714,
    "Word Class Pronoun": 0.9915878023133544,
    "Word Class Number": 0.9485714285714286,
    "Word Class Verbs": 0.998015873015873,
    "Word Class Participle": 0.9263803680981595,
    "Word Class Adverb": 0.9931229773462783,
    "Word Class Conjunctions": 0.9940029985007496,
    "Word Class Foreign words": 0.6363636363636364,
    "Word Class Unanalyzed word": 0.0,
    "Word Class Abbreviation": 1.0,
    "Word Class Web email or address": 0.0,
    "Word Class Punctuation": 1.0,
    "Word Class Symbol": 1.0,
    "Word Class R Article": 0.9484978540772532
  },
  "per_word_class_f1": {
    "Word Class Noun": 0.9972532503204543,
    "Word Class Adjective": 0.9606035205364627,
    "Word Class Pronoun": 0.9807592303692149,
    "Word Class Number": 0.9651162790697676,
    "Word Class Verbs": 0.9970267591674925,
    "Word Class Participle": 0.940809968847352,
    "Word Class Adverb": 0.9915185783521809,
    "Word Class Conjunctions": 0.9943757030371204,
    "Word Class Foreign words": 0.7777777777777778,
    "Word Class Unanalyzed word": 0.0,
    "Word Class Abbreviation": 0.9523809523809523,
    "Word Class Web email or address": 0.0,
    "Word Class Punctuation": 1.0,
    "Word Class Symbol": 1.0,
    "Word Class R Article": 0.9546436285097192
  },
  "per_interval_accuracy": {
    "Subcategories": 0.9868061874431301,
    "Gender": 0.971999176446366,
    "Number": 0.986323294049178,
    "Case": 0.9777640518838789,
    "Article": 0.9945135332845647,
    "Proper Noun": 0.993050475493782,
    "Degree": 0.986007159127888,
    "Declension": 0.9607329842931938,
    "Mood": 0.9905753968253969,
    "Voice": 0.9975198412698413,
    "Tense": 0.9920634920634921,
    "Person": 0.9861813279406808,
    "Definiteness": 0.9484978540772532
  },
  "per_interval_f1": {
    "Subcategories": 0.9061499935283673,
    "Gender": 0.7804321494655562,
    "Number": 0.7385313042355608,
    "Case": 0.8121548941683271,
    "Article": 0.6644839532748064,
    "Proper Noun": 0.6629477141606521,
    "Degree": 0.6462009931674785,
    "Declension": 0.7358050450112528,
    "Mood": 0.6927324682799041,
    "Voice": 0.6618784023838176,
    "Tense": 0.7452583977774303,
    "Person": 0.7554016898444257,
    "Definiteness": 0.641671114273854
  },
  "learning_rate": 1.88e-05
}