{
  "epoch": 16,
  "mode": "singlelabel",
  "fold": 2,
  "eval_decoder": "greedy",
  "mbr_threshold": 0.0,
  "train_loss": 0.023560806406828613,
  "val_loss": 0.16506704166531563,
  "train_composite_accuracy": 0.9948929034225169,
  "train_composite_micro_f1": 0.9948929034225169,
  "train_composite_macro_f1": 0.8702242022846864,
  "val_composite_accuracy": 0.9770133549170377,
  "val_composite_micro_f1": 0.9770133549170377,
  "val_composite_macro_f1": 0.8784256290530049,
  "per_word_class_accuracy": {
    "Word Class Noun": 0.9978054133138259,
    "Word Class Adjective": 0.9733777038269551,
    "Word Class Pronoun": 0.9905362776025236,
    "Word Class Number": 0.9885714285714285,
    "Word Class Verbs": 0.9975198412698413,
    "Word Class Participle": 0.9447852760736196,
    "Word Class Adverb": 0.9898867313915858,
    "Word Class Conjunctions": 0.9955022488755623,
    "Word Class Foreign words": 0.6363636363636364,
    "Word Class Unanalyzed word": 0.0,
    "Word Class Abbreviation": 0.95,
    "Word Class Web email or address": 0.0,
    "Word Class Punctuation": 1.0,
    "Word Class Symbol": 1.0,
    "Word Class R Article": 0.9785407725321889
  },
  "per_word_class_f1": {
    "Word Class Noun": 0.9979879275653923,
    "Word Class Adjective": 0.964550700741962,
    "Word Class Pronoun": 0.9900157645822385,
    "Word Class Number": 0.9885714285714285,
    "Word Class Verbs": 0.9975198412698413,
    "Word Class Participle": 0.9506172839506172,
    "Word Class Adverb": 0.9908888438955255,
    "Word Class Conjunctions": 0.9962490622655664,
    "Word Class Foreign words": 0.7777777777777778,
    "Word Class Unanalyzed word": 0.0,
    "Word Class Abbreviation": 0.9268292682926829,
    "Word Class Web email or address": 0.0,
    "Word Class Punctuation": 1.0,
    "Word Class Symbol": 1.0,
    "Word Class R Article": 0.9764453961456103
  },
  "per_interval_accuracy": {
    "Subcategories": 0.9874127995147104,
    "Gender": 0.9827053736874614,
    "Number": 0.9906882002036956,
    "Case": 0.9827053736874614,
    "Article": 0.9945135332845647,
    "Proper Noun": 0.9959765910753475,
    "Degree": 0.9873088187438984,
    "Declension": 0.9777486910994765,
    "Mood": 0.9920634920634921,
    "Voice": 0.9970238095238095,
    "Tense": 0.9925595238095238,
    "Person": 0.9878665318503539,
    "Definiteness": 0.9785407725321889
  },
  "per_interval_f1": {
    "Subcategories": 0.9181019381606702,
    "Gender": 0.7875430670593249,
    "Number": 0.7421803577449405,
    "Case": 0.8208706736604606,
    "Article": 0.6636681478696053,
    "Proper Noun": 0.6643543210092426,
    "Degree": 0.6524190606599749,
    "Declension": 0.7409071667714253,
    "Mood": 0.7281882381191105,
    "Voice": 0.6617923365718053,
    "Tense": 0.7457875155738952,
    "Person": 0.771270069103486,
    "Definiteness": 0.656815988190541
  },
  "learning_rate": 1.6800000000000002e-05
}