{
  "epoch": 10,
  "mode": "singlelabel",
  "fold": 2,
  "eval_decoder": "greedy",
  "mbr_threshold": 0.0,
  "train_loss": 0.05704337708364624,
  "val_loss": 0.15558192729949952,
  "train_composite_accuracy": 0.9887472368320757,
  "train_composite_micro_f1": 0.9887472368320757,
  "train_composite_macro_f1": 0.7346907565699072,
  "val_composite_accuracy": 0.9732901659247268,
  "val_composite_micro_f1": 0.9732901659247268,
  "val_composite_macro_f1": 0.8350625934361599,
  "per_word_class_accuracy": {
    "Word Class Noun": 0.9974396488661302,
    "Word Class Adjective": 0.9667221297836939,
    "Word Class Pronoun": 0.9894847528916929,
    "Word Class Number": 0.9771428571428571,
    "Word Class Verbs": 0.9975198412698413,
    "Word Class Participle": 0.9386503067484663,
    "Word Class Adverb": 0.9902912621359223,
    "Word Class Conjunctions": 0.9932533733133433,
    "Word Class Foreign words": 0.5454545454545454,
    "Word Class Unanalyzed word": 0.0,
    "Word Class Abbreviation": 0.95,
    "Word Class Web email or address": 0.0,
    "Word Class Punctuation": 1.0,
    "Word Class Symbol": 1.0,
    "Word Class R Article": 0.9699570815450643
  },
  "per_word_class_f1": {
    "Word Class Noun": 0.9972572682391663,
    "Word Class Adjective": 0.9611248966087675,
    "Word Class Pronoun": 0.9889647924330005,
    "Word Class Number": 0.9827586206896551,
    "Word Class Verbs": 0.9975198412698413,
    "Word Class Participle": 0.9444444444444444,
    "Word Class Adverb": 0.9904916042888934,
    "Word Class Conjunctions": 0.9947447447447448,
    "Word Class Foreign words": 0.7058823529411764,
    "Word Class Unanalyzed word": 0.0,
    "Word Class Abbreviation": 0.9268292682926829,
    "Word Class Web email or address": 0.0,
    "Word Class Punctuation": 1.0,
    "Word Class Symbol": 1.0,
    "Word Class R Article": 0.9617021276595744
  },
  "per_interval_accuracy": {
    "Subcategories": 0.9860479223536548,
    "Gender": 0.9781758287008442,
    "Number": 0.987487269023716,
    "Case": 0.980852378011118,
    "Article": 0.9952450621799561,
    "Proper Noun": 0.9937820043891734,
    "Degree": 0.986007159127888,
    "Declension": 0.9712041884816754,
    "Mood": 0.9915674603174603,
    "Voice": 0.9975198412698413,
    "Tense": 0.9920634920634921,
    "Person": 0.9871924502864846,
    "Definiteness": 0.9699570815450643
  },
  "per_interval_f1": {
    "Subcategories": 0.9158372038280642,
    "Gender": 0.7843372947972991,
    "Number": 0.7396205706782693,
    "Case": 0.8183831970630261,
    "Article": 0.6643538455807984,
    "Proper Noun": 0.6626204817267992,
    "Degree": 0.6505857471701875,
    "Declension": 0.7392535501158772,
    "Mood": 0.7530755147297172,
    "Voice": 0.6640857103629376,
    "Tense": 0.7451496701998519,
    "Person": 0.7744613306814239,
    "Definiteness": 0.6546374078518773
  },
  "learning_rate": 1.8e-05
}