{
  "epoch": 12,
  "mode": "singlelabel",
  "fold": 2,
  "eval_decoder": "greedy",
  "mbr_threshold": 0.0,
  "train_loss": 0.0396775012026545,
  "val_loss": 0.188316510617733,
  "train_composite_accuracy": 0.991929644027746,
  "train_composite_micro_f1": 0.991929644027746,
  "train_composite_macro_f1": 0.7978885758668267,
  "val_composite_accuracy": 0.9735329825981384,
  "val_composite_micro_f1": 0.9735329825981384,
  "val_composite_macro_f1": 0.862527623217374,
  "per_word_class_accuracy": {
    "Word Class Noun": 0.9981711777615215,
    "Word Class Adjective": 0.9650582362728786,
    "Word Class Pronoun": 0.9905362776025236,
    "Word Class Number": 0.9885714285714285,
    "Word Class Verbs": 0.9970238095238095,
    "Word Class Participle": 0.9202453987730062,
    "Word Class Adverb": 0.9911003236245954,
    "Word Class Conjunctions": 0.9947526236881559,
    "Word Class Foreign words": 0.5454545454545454,
    "Word Class Unanalyzed word": 0.0,
    "Word Class Abbreviation": 0.95,
    "Word Class Web email or address": 0.0,
    "Word Class Punctuation": 1.0,
    "Word Class Symbol": 1.0,
    "Word Class R Article": 0.9742489270386266
  },
  "per_word_class_f1": {
    "Word Class Noun": 0.9972592727937145,
    "Word Class Adjective": 0.9610604805302403,
    "Word Class Pronoun": 0.9884575026232948,
    "Word Class Number": 0.9885714285714285,
    "Word Class Verbs": 0.9975186104218362,
    "Word Class Participle": 0.9404388714733541,
    "Word Class Adverb": 0.9911003236245954,
    "Word Class Conjunctions": 0.9951256092988376,
    "Word Class Foreign words": 0.7058823529411764,
    "Word Class Unanalyzed word": 0.0,
    "Word Class Abbreviation": 0.9268292682926829,
    "Word Class Web email or address": 0.0,
    "Word Class Punctuation": 1.0,
    "Word Class Symbol": 1.0,
    "Word Class R Article": 0.9742489270386266
  },
  "per_interval_accuracy": {
    "Subcategories": 0.9878677585683955,
    "Gender": 0.9759110562075355,
    "Number": 0.988651243998254,
    "Case": 0.9814700432365658,
    "Article": 0.9963423555230432,
    "Proper Noun": 0.9963423555230432,
    "Degree": 0.9869834038398959,
    "Declension": 0.9712041884816754,
    "Mood": 0.9920634920634921,
    "Voice": 0.9970238095238095,
    "Tense": 0.9925595238095238,
    "Person": 0.9878665318503539,
    "Definiteness": 0.9742489270386266
  },
  "per_interval_f1": {
    "Subcategories": 0.912515637622944,
    "Gender": 0.7825482175062973,
    "Number": 0.7406236627680752,
    "Case": 0.8185307018056482,
    "Article": 0.6648102981689309,
    "Proper Noun": 0.6644351286645979,
    "Degree": 0.6525056207821472,
    "Declension": 0.7374728072335428,
    "Mood": 0.7546954910294401,
    "Voice": 0.6639996445509252,
    "Tense": 0.7459008308271978,
    "Person": 0.7750933928493453,
    "Definiteness": 0.6568733899640203
  },
  "learning_rate": 1.76e-05
}