{
  "epoch": 4,
  "mode": "singlelabel",
  "fold": 2,
  "eval_decoder": "greedy",
  "mbr_threshold": 0.0,
  "train_loss": 0.22657102077461921,
  "val_loss": 0.2046891689300537,
  "train_composite_accuracy": 0.962782986508118,
  "train_composite_micro_f1": 0.962782986508118,
  "train_composite_macro_f1": 0.5243019577521478,
  "val_composite_accuracy": 0.9634965600971267,
  "val_composite_micro_f1": 0.9634965600971267,
  "val_composite_macro_f1": 0.7016258800689472,
  "per_word_class_accuracy": {
    "Word Class Noun": 0.9956108266276518,
    "Word Class Adjective": 0.9550748752079867,
    "Word Class Pronoun": 0.9884332281808622,
    "Word Class Number": 0.9314285714285714,
    "Word Class Verbs": 0.9970238095238095,
    "Word Class Participle": 0.9263803680981595,
    "Word Class Adverb": 0.9898867313915858,
    "Word Class Conjunctions": 0.9947526236881559,
    "Word Class Foreign words": 0.8181818181818182,
    "Word Class Unanalyzed word": 0.0,
    "Word Class Abbreviation": 0.95,
    "Word Class Web email or address": 0.0,
    "Word Class Punctuation": 1.0,
    "Word Class Symbol": 1.0,
    "Word Class R Article": 0.8927038626609443
  },
  "per_word_class_f1": {
    "Word Class Noun": 0.9972522440007328,
    "Word Class Adjective": 0.9526970954356846,
    "Word Class Pronoun": 0.9740932642487047,
    "Word Class Number": 0.9560117302052786,
    "Word Class Verbs": 0.9972711485983626,
    "Word Class Participle": 0.94375,
    "Word Class Adverb": 0.9886868686868686,
    "Word Class Conjunctions": 0.994007490636704,
    "Word Class Foreign words": 0.8571428571428572,
    "Word Class Unanalyzed word": 0.0,
    "Word Class Abbreviation": 0.9268292682926829,
    "Word Class Web email or address": 0.0,
    "Word Class Punctuation": 1.0,
    "Word Class Symbol": 1.0,
    "Word Class R Article": 0.9203539823008849
  },
  "per_interval_accuracy": {
    "Subcategories": 0.9822565969062784,
    "Gender": 0.965822524191888,
    "Number": 0.9838498472282846,
    "Case": 0.9722050648548487,
    "Article": 0.9912216532553035,
    "Proper Noun": 0.9923189465983906,
    "Degree": 0.9840546697038725,
    "Declension": 0.9607329842931938,
    "Mood": 0.9890873015873016,
    "Voice": 0.9970238095238095,
    "Tense": 0.9920634920634921,
    "Person": 0.9838220424671386,
    "Definiteness": 0.8927038626609443
  },
  "per_interval_f1": {
    "Subcategories": 0.8969791738407141,
    "Gender": 0.7752898774888408,
    "Number": 0.7363430193536948,
    "Case": 0.8036998427508668,
    "Article": 0.6621622573146357,
    "Proper Noun": 0.6623696756736664,
    "Degree": 0.6446502405163684,
    "Declension": 0.7366553604613217,
    "Mood": 0.5910224713215942,
    "Voice": 0.6639996445509252,
    "Tense": 0.745462128971627,
    "Person": 0.7457329528036795,
    "Definiteness": 0.6068580542264752
  },
  "learning_rate": 1.9200000000000003e-05
}