{
  "epoch": 1,
  "mode": "singlelabel",
  "fold": 2,
  "eval_decoder": "greedy",
  "mbr_threshold": 0.0,
  "train_loss": 2.08368038502149,
  "val_loss": 0.6811504006385803,
  "train_composite_accuracy": 0.7134975989023553,
  "train_composite_micro_f1": 0.7134975989023552,
  "train_composite_macro_f1": 0.13521946236786303,
  "val_composite_accuracy": 0.8964791582355321,
  "val_composite_micro_f1": 0.8964791582355321,
  "val_composite_macro_f1": 0.34098584305803364,
  "per_word_class_accuracy": {
    "Word Class Noun": 0.991953182150695,
    "Word Class Adjective": 0.8635607321131448,
    "Word Class Pronoun": 0.9232386961093586,
    "Word Class Number": 0.9314285714285714,
    "Word Class Verbs": 0.9945436507936508,
    "Word Class Participle": 0.8895705521472392,
    "Word Class Adverb": 0.9878640776699029,
    "Word Class Conjunctions": 0.9917541229385307,
    "Word Class Foreign words": 0.0,
    "Word Class Unanalyzed word": 0.0,
    "Word Class Abbreviation": 0.45,
    "Word Class Web email or address": 0.0,
    "Word Class Punctuation": 1.0,
    "Word Class Symbol": 0.0,
    "Word Class R Article": 0.6137339055793991
  },
  "per_word_class_f1": {
    "Word Class Noun": 0.9854651162790699,
    "Word Class Adjective": 0.8849104859335039,
    "Word Class Pronoun": 0.9074935400516797,
    "Word Class Number": 0.9131652661064426,
    "Word Class Verbs": 0.9938042131350683,
    "Word Class Participle": 0.9206349206349206,
    "Word Class Adverb": 0.9779735682819383,
    "Word Class Conjunctions": 0.9876819708846585,
    "Word Class Foreign words": 0.0,
    "Word Class Unanalyzed word": 0.0,
    "Word Class Abbreviation": 0.6206896551724138,
    "Word Class Web email or address": 0.0,
    "Word Class Punctuation": 1.0,
    "Word Class Symbol": 0.0,
    "Word Class R Article": 0.7314578005115088
  },
  "per_interval_accuracy": {
    "Subcategories": 0.9616317864725508,
    "Gender": 0.8910850319127033,
    "Number": 0.9532955041466609,
    "Case": 0.8972616841671814,
    "Article": 0.9842721287490855,
    "Proper Noun": 0.9798829553767374,
    "Degree": 0.955743573055646,
    "Declension": 0.8416230366492147,
    "Mood": 0.9846230158730159,
    "Voice": 0.9900793650793651,
    "Tense": 0.9856150793650794,
    "Person": 0.9386585776879003,
    "Definiteness": 0.5965665236051502
  },
  "per_interval_f1": {
    "Subcategories": 0.7930370609492593,
    "Gender": 0.7186317483415124,
    "Number": 0.7097841337991839,
    "Case": 0.69462293546046,
    "Article": 0.6587586683190585,
    "Proper Noun": 0.6533393449941872,
    "Degree": 0.5581116185148355,
    "Declension": 0.6483145948865986,
    "Mood": 0.5910278582025914,
    "Voice": 0.6412252610397419,
    "Tense": 0.7412684640251144,
    "Person": 0.6305287182178271,
    "Definiteness": 0.3252252252252253
  },
  "learning_rate": 1.98e-05
}