{
  "epoch": 9,
  "mode": "singlelabel",
  "fold": 2,
  "eval_decoder": "greedy",
  "mbr_threshold": 0.0,
  "train_loss": 0.06580639120294364,
  "val_loss": 0.1719138503074646,
  "train_composite_accuracy": 0.9874895190182178,
  "train_composite_micro_f1": 0.9874895190182178,
  "train_composite_macro_f1": 0.7121331529194546,
  "val_composite_accuracy": 0.9700526102792392,
  "val_composite_micro_f1": 0.9700526102792392,
  "val_composite_macro_f1": 0.8203580334249407,
  "per_word_class_accuracy": {
    "Word Class Noun": 0.9978054133138259,
    "Word Class Adjective": 0.9584026622296173,
    "Word Class Pronoun": 0.9926393270241851,
    "Word Class Number": 0.96,
    "Word Class Verbs": 0.998015873015873,
    "Word Class Participle": 0.9386503067484663,
    "Word Class Adverb": 0.9882686084142395,
    "Word Class Conjunctions": 0.9947526236881559,
    "Word Class Foreign words": 0.5454545454545454,
    "Word Class Unanalyzed word": 0.0,
    "Word Class Abbreviation": 0.95,
    "Word Class Web email or address": 0.0,
    "Word Class Punctuation": 1.0,
    "Word Class Symbol": 1.0,
    "Word Class R Article": 0.9785407725321889
  },
  "per_word_class_f1": {
    "Word Class Noun": 0.9979879275653923,
    "Word Class Adjective": 0.9528535980148883,
    "Word Class Pronoun": 0.9889994761655317,
    "Word Class Number": 0.9739130434782609,
    "Word Class Verbs": 0.9985111662531018,
    "Word Class Participle": 0.9415384615384614,
    "Word Class Adverb": 0.989469420818145,
    "Word Class Conjunctions": 0.9958724202626642,
    "Word Class Foreign words": 0.7058823529411764,
    "Word Class Unanalyzed word": 0.0,
    "Word Class Abbreviation": 0.9268292682926829,
    "Word Class Web email or address": 0.0,
    "Word Class Punctuation": 1.0,
    "Word Class Symbol": 0.8571428571428571,
    "Word Class R Article": 0.9640591966173361
  },
  "per_interval_accuracy": {
    "Subcategories": 0.9848346982104944,
    "Gender": 0.9771463866584311,
    "Number": 0.9889422377418885,
    "Case": 0.9773522750669137,
    "Article": 0.9948792977322605,
    "Proper Noun": 0.9923189465983906,
    "Degree": 0.9850309144158802,
    "Declension": 0.9685863874345549,
    "Mood": 0.9910714285714286,
    "Voice": 0.9975198412698413,
    "Tense": 0.9915674603174603,
    "Person": 0.9871924502864846,
    "Definiteness": 0.9785407725321889
  },
  "per_interval_f1": {
    "Subcategories": 0.9147605096609581,
    "Gender": 0.7838616806575743,
    "Number": 0.7409546334836025,
    "Case": 0.8141676321246331,
    "Article": 0.6639294111500204,
    "Proper Noun": 0.6610692293022997,
    "Degree": 0.6509857644473792,
    "Declension": 0.73698465574971,
    "Mood": 0.7273701240149084,
    "Voice": 0.6618784023838176,
    "Tense": 0.7449370973843767,
    "Person": 0.7682077729908158,
    "Definiteness": 0.6590803333474343
  },
  "learning_rate": 1.8200000000000002e-05
}