{
  "epoch": 5,
  "mode": "singlelabel",
  "fold": 2,
  "eval_decoder": "greedy",
  "mbr_threshold": 0.0,
  "train_loss": 0.1636328177019585,
  "val_loss": 0.19948077201843262,
  "train_composite_accuracy": 0.9719681378153823,
  "train_composite_micro_f1": 0.9719681378153823,
  "train_composite_macro_f1": 0.5815067584914314,
  "val_composite_accuracy": 0.9649534601375961,
  "val_composite_micro_f1": 0.9649534601375961,
  "val_composite_macro_f1": 0.7479534553428576,
  "per_word_class_accuracy": {
    "Word Class Noun": 0.9959765910753475,
    "Word Class Adjective": 0.961730449251248,
    "Word Class Pronoun": 0.9915878023133544,
    "Word Class Number": 0.9428571428571428,
    "Word Class Verbs": 0.996031746031746,
    "Word Class Participle": 0.9141104294478528,
    "Word Class Adverb": 0.9854368932038835,
    "Word Class Conjunctions": 0.9940029985007496,
    "Word Class Foreign words": 0.7272727272727273,
    "Word Class Unanalyzed word": 0.0,
    "Word Class Abbreviation": 0.95,
    "Word Class Web email or address": 0.0,
    "Word Class Punctuation": 1.0,
    "Word Class Symbol": 1.0,
    "Word Class R Article": 0.9656652360515021
  },
  "per_word_class_f1": {
    "Word Class Noun": 0.9970706700842182,
    "Word Class Adjective": 0.9490968801313628,
    "Word Class Pronoun": 0.9807592303692149,
    "Word Class Number": 0.9677419354838709,
    "Word Class Verbs": 0.9967733929014645,
    "Word Class Participle": 0.9254658385093167,
    "Word Class Adverb": 0.9882352941176471,
    "Word Class Conjunctions": 0.9940029985007496,
    "Word Class Foreign words": 0.7999999999999999,
    "Word Class Unanalyzed word": 0.0,
    "Word Class Abbreviation": 0.9268292682926829,
    "Word Class Web email or address": 0.0,
    "Word Class Punctuation": 1.0,
    "Word Class Symbol": 1.0,
    "Word Class R Article": 0.9656652360515021
  },
  "per_interval_accuracy": {
    "Subcategories": 0.9808917197452229,
    "Gender": 0.9732345068972617,
    "Number": 0.9873417721518988,
    "Case": 0.9765287214329833,
    "Article": 0.9934162399414777,
    "Proper Noun": 0.9893928310168252,
    "Degree": 0.9808005206638464,
    "Declension": 0.9659685863874345,
    "Mood": 0.9910714285714286,
    "Voice": 0.9955357142857143,
    "Tense": 0.9915674603174603,
    "Person": 0.9865183687226154,
    "Definiteness": 0.9656652360515021
  },
  "per_interval_f1": {
    "Subcategories": 0.9038389145913275,
    "Gender": 0.7812366417933203,
    "Number": 0.7396947175386375,
    "Case": 0.8088625340946427,
    "Article": 0.6636349905150712,
    "Proper Noun": 0.6594862888710872,
    "Degree": 0.6434278296701176,
    "Declension": 0.737422111095448,
    "Mood": 0.6942228696731493,
    "Voice": 0.661533872540584,
    "Tense": 0.7454561939012965,
    "Person": 0.7595540213848431,
    "Definiteness": 0.6523718100826197
  },
  "learning_rate": 1.9e-05
}