{
  "epoch": 13,
  "mode": "singlelabel",
  "fold": 2,
  "eval_decoder": "greedy",
  "mbr_threshold": 0.0,
  "train_loss": 0.03575651698679361,
  "val_loss": 0.155983005464077,
  "train_composite_accuracy": 0.9929396295449349,
  "train_composite_micro_f1": 0.9929396295449349,
  "train_composite_macro_f1": 0.8164548728236876,
  "val_composite_accuracy": 0.975070821529745,
  "val_composite_micro_f1": 0.975070821529745,
  "val_composite_macro_f1": 0.8652586053960817,
  "per_word_class_accuracy": {
    "Word Class Noun": 0.9956108266276518,
    "Word Class Adjective": 0.9600665557404326,
    "Word Class Pronoun": 0.9905362776025236,
    "Word Class Number": 0.9885714285714285,
    "Word Class Verbs": 0.998015873015873,
    "Word Class Participle": 0.9325153374233128,
    "Word Class Adverb": 0.9902912621359223,
    "Word Class Conjunctions": 0.9962518740629686,
    "Word Class Foreign words": 0.6363636363636364,
    "Word Class Unanalyzed word": 0.0,
    "Word Class Abbreviation": 0.95,
    "Word Class Web email or address": 0.0,
    "Word Class Punctuation": 1.0,
    "Word Class Symbol": 1.0,
    "Word Class R Article": 0.9527896995708155
  },
  "per_word_class_f1": {
    "Word Class Noun": 0.9967045038447455,
    "Word Class Adjective": 0.955298013245033,
    "Word Class Pronoun": 0.9863874345549739,
    "Word Class Number": 0.9829545454545454,
    "Word Class Verbs": 0.9975210708973723,
    "Word Class Participle": 0.9382716049382717,
    "Word Class Adverb": 0.9912937841668353,
    "Word Class Conjunctions": 0.9955056179775281,
    "Word Class Foreign words": 0.7777777777777778,
    "Word Class Unanalyzed word": 0.0,
    "Word Class Abbreviation": 0.9268292682926829,
    "Word Class Web email or address": 0.0,
    "Word Class Punctuation": 1.0,
    "Word Class Symbol": 1.0,
    "Word Class R Article": 0.9610389610389611
  },
  "per_interval_accuracy": {
    "Subcategories": 0.9878677585683955,
    "Gender": 0.9792052707432571,
    "Number": 0.9896697221009748,
    "Case": 0.9835289273213919,
    "Article": 0.9937820043891734,
    "Proper Noun": 0.9923189465983906,
    "Degree": 0.9856817442238854,
    "Declension": 0.9712041884816754,
    "Mood": 0.9935515873015873,
    "Voice": 0.9975198412698413,
    "Tense": 0.9940476190476191,
    "Person": 0.9888776541961577,
    "Definiteness": 0.9527896995708155
  },
  "per_interval_f1": {
    "Subcategories": 0.917426377780813,
    "Gender": 0.7852803142167518,
    "Number": 0.7417144497921228,
    "Case": 0.8215988356211564,
    "Article": 0.6640590429843111,
    "Proper Noun": 0.6625446310881421,
    "Degree": 0.6527382131614364,
    "Declension": 0.7385766748492735,
    "Mood": 0.7288609665935013,
    "Voice": 0.6618784023838176,
    "Tense": 0.7465462562230636,
    "Person": 0.7720167216170559,
    "Definiteness": 0.6453913196584207
  },
  "learning_rate": 1.7400000000000003e-05
}