{
  "epoch": 7,
  "mode": "singlelabel",
  "fold": 2,
  "eval_decoder": "greedy",
  "mbr_threshold": 0.0,
  "train_loss": 0.09943777875936817,
  "val_loss": 0.1663525015115738,
  "train_composite_accuracy": 0.9813057397667505,
  "train_composite_micro_f1": 0.9813057397667505,
  "train_composite_macro_f1": 0.6578768743515226,
  "val_composite_accuracy": 0.9706191825171995,
  "val_composite_micro_f1": 0.9706191825171995,
  "val_composite_macro_f1": 0.7963094764039912,
  "per_word_class_accuracy": {
    "Word Class Noun": 0.9974396488661302,
    "Word Class Adjective": 0.956738768718802,
    "Word Class Pronoun": 0.9884332281808622,
    "Word Class Number": 0.9657142857142857,
    "Word Class Verbs": 0.9975198412698413,
    "Word Class Participle": 0.950920245398773,
    "Word Class Adverb": 0.991504854368932,
    "Word Class Conjunctions": 0.9947526236881559,
    "Word Class Foreign words": 0.5454545454545454,
    "Word Class Unanalyzed word": 0.0,
    "Word Class Abbreviation": 0.95,
    "Word Class Web email or address": 0.0,
    "Word Class Punctuation": 1.0,
    "Word Class Symbol": 1.0,
    "Word Class R Article": 0.9742489270386266
  },
  "per_word_class_f1": {
    "Word Class Noun": 0.9976220962136455,
    "Word Class Adjective": 0.9615384615384615,
    "Word Class Pronoun": 0.9858416360776089,
    "Word Class Number": 0.9768786127167629,
    "Word Class Verbs": 0.9975198412698413,
    "Word Class Participle": 0.9365558912386707,
    "Word Class Adverb": 0.9913043478260869,
    "Word Class Conjunctions": 0.9951256092988376,
    "Word Class Foreign words": 0.7058823529411764,
    "Word Class Unanalyzed word": 0.0,
    "Word Class Abbreviation": 0.9268292682926829,
    "Word Class Web email or address": 0.0,
    "Word Class Punctuation": 1.0,
    "Word Class Symbol": 0.8571428571428571,
    "Word Class R Article": 0.9659574468085106
  },
  "per_interval_accuracy": {
    "Subcategories": 0.9855929632999697,
    "Gender": 0.9748816141651225,
    "Number": 0.987487269023716,
    "Case": 0.9800288243771875,
    "Article": 0.9945135332845647,
    "Proper Noun": 0.9945135332845647,
    "Degree": 0.9856817442238854,
    "Declension": 0.9712041884816754,
    "Mood": 0.9910714285714286,
    "Voice": 0.9970238095238095,
    "Tense": 0.9930555555555556,
    "Person": 0.9861813279406808,
    "Definiteness": 0.9742489270386266
  },
  "per_interval_f1": {
    "Subcategories": 0.9074339860488677,
    "Gender": 0.7824631202343232,
    "Number": 0.739774675045392,
    "Case": 0.8138716843980548,
    "Article": 0.6638979161770915,
    "Proper Noun": 0.6632770779733002,
    "Degree": 0.6516846386899776,
    "Declension": 0.740981387915034,
    "Mood": 0.6919840844900955,
    "Voice": 0.6617923365718053,
    "Tense": 0.7460024064721434,
    "Person": 0.7592823214435127,
    "Definiteness": 0.6557302346776032
  },
  "learning_rate": 1.86e-05
}