{
  "epoch": 17,
  "mode": "singlelabel",
  "fold": 2,
  "eval_decoder": "greedy",
  "mbr_threshold": 0.0,
  "train_loss": 0.01936760440257309,
  "val_loss": 0.16844910085201265,
  "train_composite_accuracy": 0.9959695860965012,
  "train_composite_micro_f1": 0.9959695860965012,
  "train_composite_macro_f1": 0.8811932637518819,
  "val_composite_accuracy": 0.9760420882233913,
  "val_composite_micro_f1": 0.9760420882233913,
  "val_composite_macro_f1": 0.8651228294204731,
  "per_word_class_accuracy": {
    "Word Class Noun": 0.9974396488661302,
    "Word Class Adjective": 0.9683860232945092,
    "Word Class Pronoun": 0.9947423764458465,
    "Word Class Number": 0.9942857142857143,
    "Word Class Verbs": 0.9975198412698413,
    "Word Class Participle": 0.9325153374233128,
    "Word Class Adverb": 0.9906957928802589,
    "Word Class Conjunctions": 0.9962518740629686,
    "Word Class Foreign words": 0.5454545454545454,
    "Word Class Unanalyzed word": 0.0,
    "Word Class Abbreviation": 0.95,
    "Word Class Web email or address": 0.0,
    "Word Class Punctuation": 1.0,
    "Word Class Symbol": 1.0,
    "Word Class R Article": 0.9656652360515021
  },
  "per_word_class_f1": {
    "Word Class Noun": 0.9974396488661302,
    "Word Class Adjective": 0.9643744821872411,
    "Word Class Pronoun": 0.989022477783586,
    "Word Class Number": 0.9914529914529915,
    "Word Class Verbs": 0.9975198412698413,
    "Word Class Participle": 0.9440993788819876,
    "Word Class Adverb": 0.9918995544754962,
    "Word Class Conjunctions": 0.995878606219558,
    "Word Class Foreign words": 0.7058823529411764,
    "Word Class Unanalyzed word": 0.0,
    "Word Class Abbreviation": 0.9268292682926829,
    "Word Class Web email or address": 0.0,
    "Word Class Punctuation": 1.0,
    "Word Class Symbol": 1.0,
    "Word Class R Article": 0.974025974025974
  },
  "per_interval_accuracy": {
    "Subcategories": 0.9881710646041856,
    "Gender": 0.9812641548280832,
    "Number": 0.9901062127164266,
    "Case": 0.981881820053531,
    "Article": 0.9952450621799561,
    "Proper Noun": 0.9956108266276518,
    "Degree": 0.9866579889358933,
    "Declension": 0.9738219895287958,
    "Mood": 0.9925595238095238,
    "Voice": 0.9970238095238095,
    "Tense": 0.9930555555555556,
    "Person": 0.9892146949780923,
    "Definiteness": 0.9656652360515021
  },
  "per_interval_f1": {
    "Subcategories": 0.9142358638097162,
    "Gender": 0.7864422347841453,
    "Number": 0.7416544895872412,
    "Case": 0.8189039777246704,
    "Article": 0.6643538455807984,
    "Proper Noun": 0.6642734742502553,
    "Degree": 0.6533300383016728,
    "Declension": 0.7408343007254078,
    "Mood": 0.6958460655711394,
    "Voice": 0.6639431652758698,
    "Tense": 0.7461099727728238,
    "Person": 0.7682553845905961,
    "Definiteness": 0.6499279627578317
  },
  "learning_rate": 1.66e-05
}