{
  "epoch": 8,
  "mode": "singlelabel",
  "fold": 2,
  "eval_decoder": "greedy",
  "mbr_threshold": 0.0,
  "train_loss": 0.07716077562757759,
  "val_loss": 0.15998333021998407,
  "train_composite_accuracy": 0.9854695479838402,
  "train_composite_micro_f1": 0.9854695479838402,
  "train_composite_macro_f1": 0.6894008594477927,
  "val_composite_accuracy": 0.9723998381222178,
  "val_composite_micro_f1": 0.9723998381222178,
  "val_composite_macro_f1": 0.8089873492894178,
  "per_word_class_accuracy": {
    "Word Class Noun": 0.9985369422092173,
    "Word Class Adjective": 0.9600665557404326,
    "Word Class Pronoun": 0.9915878023133544,
    "Word Class Number": 0.9657142857142857,
    "Word Class Verbs": 0.9970238095238095,
    "Word Class Participle": 0.9202453987730062,
    "Word Class Adverb": 0.9923139158576052,
    "Word Class Conjunctions": 0.9947526236881559,
    "Word Class Foreign words": 0.5454545454545454,
    "Word Class Unanalyzed word": 0.0,
    "Word Class Abbreviation": 0.95,
    "Word Class Web email or address": 0.0,
    "Word Class Punctuation": 1.0,
    "Word Class Symbol": 1.0,
    "Word Class R Article": 0.9699570815450643
  },
  "per_word_class_f1": {
    "Word Class Noun": 0.997624703087886,
    "Word Class Adjective": 0.9632721202003339,
    "Word Class Pronoun": 0.9858860428646105,
    "Word Class Number": 0.9797101449275363,
    "Word Class Verbs": 0.9980139026812315,
    "Word Class Participle": 0.9259259259259259,
    "Word Class Adverb": 0.9915117219078414,
    "Word Class Conjunctions": 0.9954988747186796,
    "Word Class Foreign words": 0.7058823529411764,
    "Word Class Unanalyzed word": 0.0,
    "Word Class Abbreviation": 0.9268292682926829,
    "Word Class Web email or address": 0.0,
    "Word Class Punctuation": 1.0,
    "Word Class Symbol": 1.0,
    "Word Class R Article": 0.9678800856531049
  },
  "per_interval_accuracy": {
    "Subcategories": 0.9875644525326054,
    "Gender": 0.9779699402923615,
    "Number": 0.9892332314855231,
    "Case": 0.9810582664196006,
    "Article": 0.9945135332845647,
    "Proper Noun": 0.9937820043891734,
    "Degree": 0.9863325740318907,
    "Declension": 0.9672774869109948,
    "Mood": 0.9900793650793651,
    "Voice": 0.9965277777777778,
    "Tense": 0.9915674603174603,
    "Person": 0.9865183687226154,
    "Definiteness": 0.9699570815450643
  },
  "per_interval_f1": {
    "Subcategories": 0.9143857833051694,
    "Gender": 0.7847687688192678,
    "Number": 0.7415044226372438,
    "Case": 0.8156363943706211,
    "Article": 0.6634085455276607,
    "Proper Noun": 0.6618770517888755,
    "Degree": 0.6511825477741374,
    "Declension": 0.7402456301819282,
    "Mood": 0.7251718983136206,
    "Voice": 0.6617062263501893,
    "Tense": 0.7451452617385458,
    "Person": 0.7662951664014868,
    "Definiteness": 0.6534646369083456
  },
  "learning_rate": 1.8400000000000003e-05
}