{
  "epoch": 3,
  "mode": "singlelabel",
  "fold": 2,
  "eval_decoder": "greedy",
  "mbr_threshold": 0.0,
  "train_loss": 0.33714435669272225,
  "val_loss": 0.2542311519384384,
  "train_composite_accuracy": 0.9458228523515512,
  "train_composite_micro_f1": 0.9458228523515512,
  "train_composite_macro_f1": 0.4334345022541148,
  "val_composite_accuracy": 0.9553217320922703,
  "val_composite_micro_f1": 0.9553217320922703,
  "val_composite_macro_f1": 0.6326890200240918,
  "per_word_class_accuracy": {
    "Word Class Noun": 0.9956108266276518,
    "Word Class Adjective": 0.9317803660565723,
    "Word Class Pronoun": 0.9842271293375394,
    "Word Class Number": 0.9085714285714286,
    "Word Class Verbs": 0.996031746031746,
    "Word Class Participle": 0.9079754601226994,
    "Word Class Adverb": 0.991504854368932,
    "Word Class Conjunctions": 0.9932533733133433,
    "Word Class Foreign words": 0.5454545454545454,
    "Word Class Unanalyzed word": 0.0,
    "Word Class Abbreviation": 0.95,
    "Word Class Web email or address": 0.0,
    "Word Class Punctuation": 1.0,
    "Word Class Symbol": 0.0,
    "Word Class R Article": 0.8669527896995708
  },
  "per_word_class_f1": {
    "Word Class Noun": 0.9963396778916545,
    "Word Class Adjective": 0.9388097233864207,
    "Word Class Pronoun": 0.9649484536082474,
    "Word Class Number": 0.943620178041543,
    "Word Class Verbs": 0.9967733929014645,
    "Word Class Participle": 0.9221183800623053,
    "Word Class Adverb": 0.9879081015719468,
    "Word Class Conjunctions": 0.9932533733133433,
    "Word Class Foreign words": 0.7058823529411764,
    "Word Class Unanalyzed word": 0.0,
    "Word Class Abbreviation": 0.8837209302325583,
    "Word Class Web email or address": 0.0,
    "Word Class Punctuation": 1.0,
    "Word Class Symbol": 0.0,
    "Word Class R Article": 0.8997772828507794
  },
  "per_interval_accuracy": {
    "Subcategories": 0.9802851076736427,
    "Gender": 0.9582046530780317,
    "Number": 0.9797759348174014,
    "Case": 0.965822524191888,
    "Article": 0.9904901243599122,
    "Proper Noun": 0.9912216532553035,
    "Degree": 0.979498861047836,
    "Declension": 0.943717277486911,
    "Mood": 0.9871031746031746,
    "Voice": 0.996031746031746,
    "Tense": 0.9890873015873016,
    "Person": 0.9814627569935962,
    "Definiteness": 0.8626609442060086
  },
  "per_interval_f1": {
    "Subcategories": 0.8935035538383413,
    "Gender": 0.7689391674466715,
    "Number": 0.7321866018401876,
    "Case": 0.795536193345659,
    "Article": 0.6617055461525253,
    "Proper Noun": 0.6613716847016947,
    "Degree": 0.6291619442754609,
    "Declension": 0.7303555772329469,
    "Mood": 0.5907339480414591,
    "Voice": 0.6638273796637079,
    "Tense": 0.7437519578077373,
    "Person": 0.7490801034994033,
    "Definiteness": 0.58832111834962
  },
  "learning_rate": 1.94e-05
}