{
  "epoch": 11,
  "mode": "singlelabel",
  "fold": 2,
  "eval_decoder": "greedy",
  "mbr_threshold": 0.0,
  "train_loss": 0.04597032656879578,
  "val_loss": 0.15919289514422416,
  "train_composite_accuracy": 0.9905480600655537,
  "train_composite_micro_f1": 0.9905480600655537,
  "train_composite_macro_f1": 0.7674008134137684,
  "val_composite_accuracy": 0.9736948603804128,
  "val_composite_micro_f1": 0.9736948603804128,
  "val_composite_macro_f1": 0.8553346973416506,
  "per_word_class_accuracy": {
    "Word Class Noun": 0.9959765910753475,
    "Word Class Adjective": 0.9683860232945092,
    "Word Class Pronoun": 0.9905362776025236,
    "Word Class Number": 0.9771428571428571,
    "Word Class Verbs": 0.998015873015873,
    "Word Class Participle": 0.9325153374233128,
    "Word Class Adverb": 0.9874595469255664,
    "Word Class Conjunctions": 0.9955022488755623,
    "Word Class Foreign words": 0.5454545454545454,
    "Word Class Unanalyzed word": 0.0,
    "Word Class Abbreviation": 0.95,
    "Word Class Web email or address": 0.0,
    "Word Class Punctuation": 1.0,
    "Word Class Symbol": 1.0,
    "Word Class R Article": 0.9742489270386266
  },
  "per_word_class_f1": {
    "Word Class Noun": 0.9968881566904632,
    "Word Class Adjective": 0.9556650246305419,
    "Word Class Pronoun": 0.9889763779527558,
    "Word Class Number": 0.9799426934097422,
    "Word Class Verbs": 0.998015873015873,
    "Word Class Participle": 0.9353846153846154,
    "Word Class Adverb": 0.9900628675725006,
    "Word Class Conjunctions": 0.995129261895841,
    "Word Class Foreign words": 0.7058823529411764,
    "Word Class Unanalyzed word": 0.0,
    "Word Class Abbreviation": 0.9268292682926829,
    "Word Class Web email or address": 0.0,
    "Word Class Punctuation": 1.0,
    "Word Class Symbol": 1.0,
    "Word Class R Article": 0.9659574468085106
  },
  "per_interval_accuracy": {
    "Subcategories": 0.9851380042462845,
    "Gender": 0.9789993823347746,
    "Number": 0.9896697221009748,
    "Case": 0.9816759316450484,
    "Article": 0.9941477688368691,
    "Proper Noun": 0.991953182150695,
    "Degree": 0.986007159127888,
    "Declension": 0.9777486910994765,
    "Mood": 0.9910714285714286,
    "Voice": 0.998015873015873,
    "Tense": 0.9920634920634921,
    "Person": 0.9875294910684193,
    "Definiteness": 0.9742489270386266
  },
  "per_interval_f1": {
    "Subcategories": 0.9143419359922494,
    "Gender": 0.7847321075430405,
    "Number": 0.7410082122657856,
    "Case": 0.818557037876705,
    "Article": 0.6640907671852049,
    "Proper Noun": 0.6619703730477715,
    "Degree": 0.6528889595458023,
    "Declension": 0.7411310799817828,
    "Mood": 0.726761914466262,
    "Voice": 0.6641717317996924,
    "Tense": 0.7452630946479805,
    "Person": 0.77134394077831,
    "Definiteness": 0.6568733899640203
  },
  "learning_rate": 1.7800000000000002e-05
}