{
  "epoch": 2,
  "mode": "singlelabel",
  "fold": 2,
  "eval_decoder": "greedy",
  "mbr_threshold": 0.0,
  "train_loss": 0.5930607076924094,
  "val_loss": 0.3539705157279968,
  "train_composite_accuracy": 0.9117787178900831,
  "train_composite_micro_f1": 0.9117787178900831,
  "train_composite_macro_f1": 0.32255047509347395,
  "val_composite_accuracy": 0.939943342776204,
  "val_composite_micro_f1": 0.939943342776204,
  "val_composite_macro_f1": 0.5030027439963541,
  "per_word_class_accuracy": {
    "Word Class Noun": 0.9934162399414777,
    "Word Class Adjective": 0.9118136439267887,
    "Word Class Pronoun": 0.9789695057833859,
    "Word Class Number": 0.9257142857142857,
    "Word Class Verbs": 0.996031746031746,
    "Word Class Participle": 0.9202453987730062,
    "Word Class Adverb": 0.9882686084142395,
    "Word Class Conjunctions": 0.9940029985007496,
    "Word Class Foreign words": 0.5454545454545454,
    "Word Class Unanalyzed word": 0.0,
    "Word Class Abbreviation": 0.9,
    "Word Class Web email or address": 0.0,
    "Word Class Punctuation": 1.0,
    "Word Class Symbol": 0.0,
    "Word Class R Article": 0.7510729613733905
  },
  "per_word_class_f1": {
    "Word Class Noun": 0.9945075064079092,
    "Word Class Adjective": 0.9179229480737019,
    "Word Class Pronoun": 0.9485481406011207,
    "Word Class Number": 0.9310344827586206,
    "Word Class Verbs": 0.9965260545905706,
    "Word Class Participle": 0.9375,
    "Word Class Adverb": 0.9852792901794717,
    "Word Class Conjunctions": 0.9917726252804787,
    "Word Class Foreign words": 0.7058823529411764,
    "Word Class Unanalyzed word": 0.0,
    "Word Class Abbreviation": 0.9230769230769231,
    "Word Class Web email or address": 0.0,
    "Word Class Punctuation": 1.0,
    "Word Class Symbol": 0.0,
    "Word Class R Article": 0.8393285371702638
  },
  "per_interval_accuracy": {
    "Subcategories": 0.9774037003336367,
    "Gender": 0.9386452542721845,
    "Number": 0.9710461225083661,
    "Case": 0.9454395717521104,
    "Article": 0.9879297732260425,
    "Proper Noun": 0.9879297732260425,
    "Degree": 0.9742922225837943,
    "Declension": 0.9227748691099477,
    "Mood": 0.9900793650793651,
    "Voice": 0.9940476190476191,
    "Tense": 0.9895833333333334,
    "Person": 0.9774182676103809,
    "Definiteness": 0.7381974248927039
  },
  "per_interval_f1": {
    "Subcategories": 0.8800885401357401,
    "Gender": 0.7518899611217145,
    "Number": 0.7236977160689202,
    "Case": 0.7553067778463521,
    "Article": 0.6608561976058316,
    "Proper Noun": 0.6597282040051585,
    "Degree": 0.6185168020007378,
    "Declension": 0.7217396297003076,
    "Mood": 0.5931397186587796,
    "Voice": 0.6542271529870538,
    "Tense": 0.7430725894058293,
    "Person": 0.7376640067226121,
    "Definiteness": 0.46293614219881496
  },
  "learning_rate": 1.9600000000000002e-05
}