{
  "mode": "singlelabel",
  "fold": 2,
  "eval_decoder": "greedy",
  "mbr_threshold": 0.0,
  "temperature": 1.0,
  "ood_data_path": "data/OOD-BRAGD.json",
  "num_sentences": 500,
  "composite_accuracy": 0.9574992300585156,
  "composite_micro_f1": 0.9574992300585154,
  "composite_macro_f1": 0.7847754568985432,
  "word_class_accuracy": 0.987886253978031,
  "word_class_macro_f1": 0.941283017095462,
  "per_word_class_accuracy": {
    "Word Class Noun": 0.9895470383275261,
    "Word Class Adjective": 0.9549248747913188,
    "Word Class Pronoun": 0.989041095890411,
    "Word Class Number": 1.0,
    "Word Class Verbs": 0.9971469329529244,
    "Word Class Participle": 0.9261744966442953,
    "Word Class Adverb": 0.988442487616951,
    "Word Class Conjunctions": 0.9925847457627118,
    "Word Class Foreign words": 0.65,
    "Word Class Unanalyzed word": 0.0,
    "Word Class Abbreviation": 1.0,
    "Word Class Web email or address": 0.0,
    "Word Class Punctuation": 1.0,
    "Word Class Symbol": 0.9230769230769231,
    "Word Class R Article": 0.98125
  },
  "per_word_class_f1": {
    "Word Class Noun": 0.9917066783064165,
    "Word Class Adjective": 0.9549248747913188,
    "Word Class Pronoun": 0.9897189856065799,
    "Word Class Number": 1.0,
    "Word Class Verbs": 0.9967914438502673,
    "Word Class Participle": 0.9387755102040818,
    "Word Class Adverb": 0.9849191115985741,
    "Word Class Conjunctions": 0.9920592906299629,
    "Word Class Foreign words": 0.7428571428571429,
    "Word Class Unanalyzed word": 0.0,
    "Word Class Abbreviation": 0.7027027027027027,
    "Word Class Web email or address": 0.0,
    "Word Class Punctuation": 1.0,
    "Word Class Symbol": 0.9600000000000001,
    "Word Class R Article": 0.98125
  },
  "per_interval_accuracy": {
    "Subcategories": 0.9860373647984267,
    "Gender": 0.958273381294964,
    "Number": 0.9825915290739411,
    "Case": 0.9693045563549161,
    "Article": 0.9864982578397212,
    "Proper Noun": 0.9729965156794426,
    "Degree": 0.9801324503311258,
    "Declension": 0.9679144385026738,
    "Mood": 0.9950071326676176,
    "Voice": 0.9971469329529244,
    "Tense": 0.9950071326676176,
    "Person": 0.9896810506566605,
    "Definiteness": 0.98125
  },
  "per_interval_f1": {
    "Subcategories": 0.8974033289178983,
    "Gender": 0.7704817945622625,
    "Number": 0.7372430998605135,
    "Case": 0.7979704926773868,
    "Article": 0.6612489971960239,
    "Proper Noun": 0.6475226846848906,
    "Degree": 0.6506938431938432,
    "Declension": 0.7421864046946665,
    "Mood": 0.7656742063875693,
    "Voice": 0.6661713719663199,
    "Tense": 0.7469863242950631,
    "Person": 0.7852094414654809,
    "Definiteness": 0.6595744680851063
  }
}