{
  "epoch": 2,
  "mode": "singlelabel",
  "fold": 4,
  "eval_decoder": "greedy",
  "mbr_threshold": 0.0,
  "train_loss": 0.5922248513807896,
  "val_loss": 0.387101474404335,
  "train_composite_accuracy": 0.9118472131704968,
  "train_composite_micro_f1": 0.9118472131704968,
  "train_composite_macro_f1": 0.31555201330691696,
  "val_composite_accuracy": 0.9339688647892251,
  "val_composite_micro_f1": 0.9339688647892251,
  "val_composite_macro_f1": 0.49558209001859915,
  "per_word_class_accuracy": {
    "Word Class Noun": 0.9898635477582846,
    "Word Class Adjective": 0.8998211091234347,
    "Word Class Pronoun": 0.9580973952434881,
    "Word Class Number": 0.922077922077922,
    "Word Class Verbs": 0.9973404255319149,
    "Word Class Participle": 0.9263157894736842,
    "Word Class Adverb": 0.9908774978279756,
    "Word Class Conjunctions": 0.9933554817275747,
    "Word Class Foreign words": 1.0,
    "Word Class Unanalyzed word": 0.0,
    "Word Class Abbreviation": 0.8461538461538461,
    "Word Class Web email or address": 0.0,
    "Word Class Punctuation": 1.0,
    "Word Class Symbol": 0.0,
    "Word Class R Article": 0.7647058823529411
  },
  "per_word_class_f1": {
    "Word Class Noun": 0.9916032024995118,
    "Word Class Adjective": 0.9195612431444242,
    "Word Class Pronoun": 0.9478991596638654,
    "Word Class Number": 0.9342105263157895,
    "Word Class Verbs": 0.9973404255319149,
    "Word Class Participle": 0.9436997319034852,
    "Word Class Adverb": 0.979600601245437,
    "Word Class Conjunctions": 0.9929431299294313,
    "Word Class Foreign words": 0.8108108108108109,
    "Word Class Unanalyzed word": 0.0,
    "Word Class Abbreviation": 0.8627450980392156,
    "Word Class Web email or address": 0.0,
    "Word Class Punctuation": 1.0,
    "Word Class Symbol": 0.0,
    "Word Class R Article": 0.8275862068965517
  },
  "per_interval_accuracy": {
    "Subcategories": 0.9742396543127805,
    "Gender": 0.9279912184412733,
    "Number": 0.9665889665889665,
    "Case": 0.9389681668496158,
    "Article": 0.9851851851851852,
    "Proper Noun": 0.9840155945419103,
    "Degree": 0.9744844459979028,
    "Declension": 0.910547396528705,
    "Mood": 0.9888297872340426,
    "Voice": 0.9946808510638298,
    "Tense": 0.9877659574468085,
    "Person": 0.9743032935215346,
    "Definiteness": 0.7549019607843137
  },
  "per_interval_f1": {
    "Subcategories": 0.8680385715920933,
    "Gender": 0.7489543013763601,
    "Number": 0.7231375014005306,
    "Case": 0.7596689251512457,
    "Article": 0.6601986430089047,
    "Proper Noun": 0.6585555627193737,
    "Degree": 0.6211951362446396,
    "Declension": 0.6978098426420318,
    "Mood": 0.592971897742185,
    "Voice": 0.6524347276954242,
    "Tense": 0.7419760464549953,
    "Person": 0.7611695112713622,
    "Definiteness": 0.48395061728395056
  },
  "learning_rate": 1.9600000000000002e-05
}