{
  "epoch": 8,
  "mode": "singlelabel",
  "fold": 4,
  "eval_decoder": "greedy",
  "mbr_threshold": 0.0,
  "train_loss": 0.07913012002639505,
  "val_loss": 0.20769482851028442,
  "train_composite_accuracy": 0.9852370292709189,
  "train_composite_micro_f1": 0.9852370292709189,
  "train_composite_macro_f1": 0.6889045140084133,
  "val_composite_accuracy": 0.9671156200804618,
  "val_composite_micro_f1": 0.9671156200804618,
  "val_composite_macro_f1": 0.808478111062618,
  "per_word_class_accuracy": {
    "Word Class Noun": 0.9949317738791423,
    "Word Class Adjective": 0.9534883720930233,
    "Word Class Pronoun": 0.9807474518686297,
    "Word Class Number": 0.948051948051948,
    "Word Class Verbs": 0.9989361702127659,
    "Word Class Participle": 0.9421052631578948,
    "Word Class Adverb": 0.9913119026933102,
    "Word Class Conjunctions": 0.9933554817275747,
    "Word Class Foreign words": 0.9333333333333333,
    "Word Class Unanalyzed word": 0.0,
    "Word Class Abbreviation": 0.8846153846153846,
    "Word Class Web email or address": 0.0,
    "Word Class Punctuation": 1.0,
    "Word Class Symbol": 1.0,
    "Word Class R Article": 0.9852941176470589
  },
  "per_word_class_f1": {
    "Word Class Noun": 0.9966803358719,
    "Word Class Adjective": 0.954341987466428,
    "Word Class Pronoun": 0.9835320840431573,
    "Word Class Number": 0.9700996677740864,
    "Word Class Verbs": 0.9986705663387396,
    "Word Class Participle": 0.9421052631578948,
    "Word Class Adverb": 0.988734835355286,
    "Word Class Conjunctions": 0.9954223886808157,
    "Word Class Foreign words": 0.8484848484848485,
    "Word Class Unanalyzed word": 0.0,
    "Word Class Abbreviation": 0.9387755102040816,
    "Word Class Web email or address": 0.0,
    "Word Class Punctuation": 1.0,
    "Word Class Symbol": 1.0,
    "Word Class R Article": 0.95260663507109
  },
  "per_interval_accuracy": {
    "Subcategories": 0.9855409672594316,
    "Gender": 0.973655323819978,
    "Number": 0.9853923853923854,
    "Case": 0.9710208562019759,
    "Article": 0.9914230019493178,
    "Proper Noun": 0.9898635477582846,
    "Degree": 0.9811254806011884,
    "Declension": 0.965287049399199,
    "Mood": 0.9920212765957447,
    "Voice": 0.9984042553191489,
    "Tense": 0.9920212765957447,
    "Person": 0.9869706840390879,
    "Definiteness": 0.9852941176470589
  },
  "per_interval_f1": {
    "Subcategories": 0.914770724990829,
    "Gender": 0.7818386093702029,
    "Number": 0.7386872366138267,
    "Case": 0.8078522919246519,
    "Article": 0.6625428726960623,
    "Proper Noun": 0.660741374428426,
    "Degree": 0.6415464657640003,
    "Declension": 0.7308983275684655,
    "Mood": 0.7942055279787195,
    "Voice": 0.6627351285753144,
    "Tense": 0.7448088988156207,
    "Person": 0.7833915911421545,
    "Definiteness": 0.6617460144532811
  },
  "learning_rate": 1.8400000000000003e-05
}