{
  "epoch": 3,
  "mode": "singlelabel",
  "fold": 4,
  "eval_decoder": "greedy",
  "mbr_threshold": 0.0,
  "train_loss": 0.33550126870126185,
  "val_loss": 0.29239255636930467,
  "train_composite_accuracy": 0.9456329753572676,
  "train_composite_micro_f1": 0.9456329753572676,
  "train_composite_macro_f1": 0.42862037776008854,
  "val_composite_accuracy": 0.9487493440615707,
  "val_composite_micro_f1": 0.9487493440615706,
  "val_composite_macro_f1": 0.60921165567197,
  "per_word_class_accuracy": {
    "Word Class Noun": 0.991812865497076,
    "Word Class Adjective": 0.9338103756708408,
    "Word Class Pronoun": 0.9671574178935447,
    "Word Class Number": 0.935064935064935,
    "Word Class Verbs": 0.997872340425532,
    "Word Class Participle": 0.9315789473684211,
    "Word Class Adverb": 0.9904430929626412,
    "Word Class Conjunctions": 0.9958471760797342,
    "Word Class Foreign words": 1.0,
    "Word Class Unanalyzed word": 0.0,
    "Word Class Abbreviation": 0.9230769230769231,
    "Word Class Web email or address": 0.0,
    "Word Class Punctuation": 1.0,
    "Word Class Symbol": 0.0,
    "Word Class R Article": 0.8921568627450981
  },
  "per_word_class_f1": {
    "Word Class Noun": 0.9941383352872216,
    "Word Class Adjective": 0.9396939693969396,
    "Word Class Pronoun": 0.9666100735710244,
    "Word Class Number": 0.9600000000000001,
    "Word Class Verbs": 0.997872340425532,
    "Word Class Participle": 0.946524064171123,
    "Word Class Adverb": 0.9853068280034573,
    "Word Class Conjunctions": 0.9937836717778699,
    "Word Class Foreign words": 0.7894736842105263,
    "Word Class Unanalyzed word": 0.0,
    "Word Class Abbreviation": 0.888888888888889,
    "Word Class Web email or address": 0.0,
    "Word Class Punctuation": 1.0,
    "Word Class Symbol": 0.0,
    "Word Class R Article": 0.8987654320987655
  },
  "per_interval_accuracy": {
    "Subcategories": 0.9792255276715971,
    "Gender": 0.9457738748627882,
    "Number": 0.976068376068376,
    "Case": 0.9576289791437981,
    "Article": 0.9879142300194932,
    "Proper Noun": 0.9851851851851852,
    "Degree": 0.9807759524641734,
    "Declension": 0.9479305740987984,
    "Mood": 0.9898936170212767,
    "Voice": 0.9968085106382979,
    "Tense": 0.9904255319148936,
    "Person": 0.9771986970684039,
    "Definiteness": 0.8921568627450981
  },
  "per_interval_f1": {
    "Subcategories": 0.8953533812311062,
    "Gender": 0.7620207582516664,
    "Number": 0.7306354681013112,
    "Case": 0.793151244875705,
    "Article": 0.6615297745732528,
    "Proper Noun": 0.6581520118023589,
    "Degree": 0.6404368140276439,
    "Declension": 0.7218486086971736,
    "Mood": 0.593566380273557,
    "Voice": 0.6605512697262594,
    "Tense": 0.7441767862487707,
    "Person": 0.7600462511548366,
    "Definiteness": 0.607681929336369
  },
  "learning_rate": 1.94e-05
}