{
  "epoch": 4,
  "mode": "singlelabel",
  "fold": 4,
  "eval_decoder": "greedy",
  "mbr_threshold": 0.0,
  "train_loss": 0.22534267014377848,
  "val_loss": 0.2432761773467064,
  "train_composite_accuracy": 0.962370009350826,
  "train_composite_micro_f1": 0.962370009350826,
  "train_composite_macro_f1": 0.5119853869427244,
  "val_composite_accuracy": 0.9603813188735351,
  "val_composite_micro_f1": 0.9603813188735351,
  "val_composite_macro_f1": 0.6987545615306041,
  "per_word_class_accuracy": {
    "Word Class Noun": 0.9925925925925926,
    "Word Class Adjective": 0.9516994633273703,
    "Word Class Pronoun": 0.9739524348810872,
    "Word Class Number": 0.9415584415584416,
    "Word Class Verbs": 0.997872340425532,
    "Word Class Participle": 0.9368421052631579,
    "Word Class Adverb": 0.9900086880973067,
    "Word Class Conjunctions": 0.9958471760797342,
    "Word Class Foreign words": 0.9333333333333333,
    "Word Class Unanalyzed word": 0.0,
    "Word Class Abbreviation": 0.9230769230769231,
    "Word Class Web email or address": 0.0,
    "Word Class Punctuation": 1.0,
    "Word Class Symbol": 1.0,
    "Word Class R Article": 0.9607843137254902
  },
  "per_word_class_f1": {
    "Word Class Noun": 0.9949198905822587,
    "Word Class Adjective": 0.9491525423728815,
    "Word Class Pronoun": 0.9778283115406481,
    "Word Class Number": 0.9666666666666667,
    "Word Class Verbs": 0.9976070194097315,
    "Word Class Participle": 0.9493333333333333,
    "Word Class Adverb": 0.987863025574339,
    "Word Class Conjunctions": 0.9958471760797342,
    "Word Class Foreign words": 0.7000000000000001,
    "Word Class Unanalyzed word": 0.0,
    "Word Class Abbreviation": 0.9600000000000001,
    "Word Class Web email or address": 0.0,
    "Word Class Punctuation": 1.0,
    "Word Class Symbol": 1.0,
    "Word Class R Article": 0.9377990430622011
  },
  "per_interval_accuracy": {
    "Subcategories": 0.982881834801396,
    "Gender": 0.960482985729967,
    "Number": 0.9799533799533799,
    "Case": 0.9657519209659715,
    "Article": 0.9879142300194932,
    "Proper Noun": 0.9867446393762184,
    "Degree": 0.9804264243271583,
    "Declension": 0.9626168224299065,
    "Mood": 0.9898936170212767,
    "Voice": 0.9962765957446809,
    "Tense": 0.9909574468085106,
    "Person": 0.9822656532754253,
    "Definiteness": 0.9607843137254902
  },
  "per_interval_f1": {
    "Subcategories": 0.9046112878371957,
    "Gender": 0.7725361141918801,
    "Number": 0.7341086052590478,
    "Case": 0.8009324387745913,
    "Article": 0.6612475081050916,
    "Proper Noun": 0.6586265078002903,
    "Degree": 0.6403459912068219,
    "Declension": 0.7255842383071183,
    "Mood": 0.5922578224424511,
    "Voice": 0.658532249873032,
    "Tense": 0.7443449787899826,
    "Person": 0.7585469411472747,
    "Definiteness": 0.6490275893260967
  },
  "learning_rate": 1.9200000000000003e-05
}