{
  "epoch": 10,
  "mode": "singlelabel",
  "fold": 4,
  "eval_decoder": "greedy",
  "mbr_threshold": 0.0,
  "train_loss": 0.055976121357657026,
  "val_loss": 0.19732286632061005,
  "train_composite_accuracy": 0.9889301332728836,
  "train_composite_micro_f1": 0.9889301332728836,
  "train_composite_macro_f1": 0.7449925661826835,
  "val_composite_accuracy": 0.9709637921987057,
  "val_composite_micro_f1": 0.9709637921987057,
  "val_composite_macro_f1": 0.8160571559802638,
  "per_word_class_accuracy": {
    "Word Class Noun": 0.9961013645224172,
    "Word Class Adjective": 0.9499105545617174,
    "Word Class Pronoun": 0.9830124575311439,
    "Word Class Number": 0.961038961038961,
    "Word Class Verbs": 0.9984042553191489,
    "Word Class Participle": 0.9368421052631579,
    "Word Class Adverb": 0.9917463075586447,
    "Word Class Conjunctions": 0.9941860465116279,
    "Word Class Foreign words": 1.0,
    "Word Class Unanalyzed word": 0.0,
    "Word Class Abbreviation": 0.9615384615384616,
    "Word Class Web email or address": 0.0,
    "Word Class Punctuation": 1.0,
    "Word Class Symbol": 1.0,
    "Word Class R Article": 0.9607843137254902
  },
  "per_word_class_f1": {
    "Word Class Noun": 0.9962955741860011,
    "Word Class Adjective": 0.954177897574124,
    "Word Class Pronoun": 0.9835694050991501,
    "Word Class Number": 0.9736842105263157,
    "Word Class Verbs": 0.9981387928742356,
    "Word Class Participle": 0.9493333333333333,
    "Word Class Adverb": 0.9902407286922578,
    "Word Class Conjunctions": 0.9958402662229617,
    "Word Class Foreign words": 0.8108108108108109,
    "Word Class Unanalyzed word": 0.0,
    "Word Class Abbreviation": 0.9803921568627451,
    "Word Class Web email or address": 0.0,
    "Word Class Punctuation": 1.0,
    "Word Class Symbol": 1.0,
    "Word Class R Article": 0.9468599033816426
  },
  "per_interval_accuracy": {
    "Subcategories": 0.9870367292670766,
    "Gender": 0.9762897914379802,
    "Number": 0.9869463869463869,
    "Case": 0.9765093304061471,
    "Article": 0.9925925925925926,
    "Proper Noun": 0.991812865497076,
    "Degree": 0.9821740650122335,
    "Declension": 0.9586114819759679,
    "Mood": 0.9930851063829788,
    "Voice": 0.9984042553191489,
    "Tense": 0.9925531914893617,
    "Person": 0.9887803112558813,
    "Definiteness": 0.9607843137254902
  },
  "per_interval_f1": {
    "Subcategories": 0.9203081251616984,
    "Gender": 0.7836848777368475,
    "Number": 0.7397972871094406,
    "Case": 0.8138380446285819,
    "Article": 0.663016983016983,
    "Proper Noun": 0.6611679420056383,
    "Degree": 0.6501224972263157,
    "Declension": 0.7265405460247867,
    "Mood": 0.7949194970317035,
    "Voice": 0.6646181454429251,
    "Tense": 0.7450957887486781,
    "Person": 0.7896561967464546,
    "Definiteness": 0.6490275893260967
  },
  "learning_rate": 1.8e-05
}