{
  "epoch": 1,
  "mode": "singlelabel",
  "fold": 4,
  "eval_decoder": "greedy",
  "mbr_threshold": 0.0,
  "train_loss": 2.0805180408114774,
  "val_loss": 0.7222164690494537,
  "train_composite_accuracy": 0.7125612762460684,
  "train_composite_micro_f1": 0.7125612762460685,
  "train_composite_macro_f1": 0.13584994948475065,
  "val_composite_accuracy": 0.8875284239986007,
  "val_composite_micro_f1": 0.8875284239986007,
  "val_composite_macro_f1": 0.3237221332748204,
  "per_word_class_accuracy": {
    "Word Class Noun": 0.989083820662768,
    "Word Class Adjective": 0.8318425760286225,
    "Word Class Pronoun": 0.883352208380521,
    "Word Class Number": 0.935064935064935,
    "Word Class Verbs": 0.9952127659574468,
    "Word Class Participle": 0.9157894736842105,
    "Word Class Adverb": 0.9908774978279756,
    "Word Class Conjunctions": 0.989202657807309,
    "Word Class Foreign words": 0.0,
    "Word Class Unanalyzed word": 0.0,
    "Word Class Abbreviation": 0.4230769230769231,
    "Word Class Web email or address": 0.0,
    "Word Class Punctuation": 1.0,
    "Word Class Symbol": 0.0,
    "Word Class R Article": 0.6176470588235294
  },
  "per_word_class_f1": {
    "Word Class Noun": 0.979725815794555,
    "Word Class Adjective": 0.852428964252979,
    "Word Class Pronoun": 0.8986175115207373,
    "Word Class Number": 0.888888888888889,
    "Word Class Verbs": 0.996537949400799,
    "Word Class Participle": 0.9109947643979057,
    "Word Class Adverb": 0.9727078891257995,
    "Word Class Conjunctions": 0.9896136269214789,
    "Word Class Foreign words": 0.0,
    "Word Class Unanalyzed word": 0.0,
    "Word Class Abbreviation": 0.5945945945945945,
    "Word Class Web email or address": 0.0,
    "Word Class Punctuation": 1.0,
    "Word Class Symbol": 0.0,
    "Word Class R Article": 0.7159090909090908
  },
  "per_interval_accuracy": {
    "Subcategories": 0.9549609439920226,
    "Gender": 0.8858397365532382,
    "Number": 0.9502719502719502,
    "Case": 0.893523600439078,
    "Article": 0.9789473684210527,
    "Proper Noun": 0.9762183235867447,
    "Degree": 0.9486193638587906,
    "Declension": 0.8371161548731643,
    "Mood": 0.9872340425531915,
    "Voice": 0.9824468085106383,
    "Tense": 0.9861702127659574,
    "Person": 0.9337676438653637,
    "Definiteness": 0.6078431372549019
  },
  "per_interval_f1": {
    "Subcategories": 0.8016538715142717,
    "Gender": 0.7154848674685645,
    "Number": 0.7097833398013029,
    "Case": 0.7037680462431055,
    "Article": 0.6560939568252183,
    "Proper Noun": 0.6526017383906478,
    "Degree": 0.5409100689095204,
    "Declension": 0.6292482619043157,
    "Mood": 0.590524872830526,
    "Voice": 0.6050638154094322,
    "Tense": 0.7415328534143264,
    "Person": 0.5687733886993774,
    "Definiteness": 0.33280765675131874
  },
  "learning_rate": 1.98e-05
}