{
  "epoch": 5,
  "mode": "singlelabel",
  "fold": 4,
  "eval_decoder": "greedy",
  "mbr_threshold": 0.0,
  "train_loss": 0.16744290038487797,
  "val_loss": 0.22165074050426484,
  "train_composite_accuracy": 0.9714091411408008,
  "train_composite_micro_f1": 0.9714091411408008,
  "train_composite_macro_f1": 0.5716473636101955,
  "val_composite_accuracy": 0.9631799895049852,
  "val_composite_micro_f1": 0.9631799895049852,
  "val_composite_macro_f1": 0.7413977195333514,
  "per_word_class_accuracy": {
    "Word Class Noun": 0.9949317738791423,
    "Word Class Adjective": 0.9570661896243292,
    "Word Class Pronoun": 0.9739524348810872,
    "Word Class Number": 0.9415584415584416,
    "Word Class Verbs": 0.9973404255319149,
    "Word Class Participle": 0.9421052631578948,
    "Word Class Adverb": 0.9904430929626412,
    "Word Class Conjunctions": 0.9925249169435216,
    "Word Class Foreign words": 0.9333333333333333,
    "Word Class Unanalyzed word": 0.0,
    "Word Class Abbreviation": 0.9615384615384616,
    "Word Class Web email or address": 0.0,
    "Word Class Punctuation": 1.0,
    "Word Class Symbol": 1.0,
    "Word Class R Article": 0.9803921568627451
  },
  "per_word_class_f1": {
    "Word Class Noun": 0.9957081545064378,
    "Word Class Adjective": 0.9545049063336307,
    "Word Class Pronoun": 0.979498861047836,
    "Word Class Number": 0.9602649006622517,
    "Word Class Verbs": 0.9978712080894092,
    "Word Class Participle": 0.9496021220159151,
    "Word Class Adverb": 0.9895833333333334,
    "Word Class Conjunctions": 0.9954185755935027,
    "Word Class Foreign words": 0.7567567567567568,
    "Word Class Unanalyzed word": 0.0,
    "Word Class Abbreviation": 0.9803921568627451,
    "Word Class Web email or address": 0.0,
    "Word Class Punctuation": 1.0,
    "Word Class Symbol": 1.0,
    "Word Class R Article": 0.936768149882904
  },
  "per_interval_accuracy": {
    "Subcategories": 0.9840452052517866,
    "Gender": 0.9683863885839736,
    "Number": 0.9846153846153847,
    "Case": 0.9705817782656422,
    "Article": 0.9902534113060428,
    "Proper Noun": 0.9894736842105263,
    "Degree": 0.9807759524641734,
    "Declension": 0.9692923898531375,
    "Mood": 0.9893617021276596,
    "Voice": 0.9962765957446809,
    "Tense": 0.9893617021276596,
    "Person": 0.9815418023887079,
    "Definiteness": 0.9803921568627451
  },
  "per_interval_f1": {
    "Subcategories": 0.9169096531242109,
    "Gender": 0.7779722572012655,
    "Number": 0.7375391969643872,
    "Case": 0.8072847140322607,
    "Article": 0.6618598373168837,
    "Proper Noun": 0.6598897881128224,
    "Degree": 0.6377178277995031,
    "Declension": 0.7295213599687461,
    "Mood": 0.726565262392207,
    "Voice": 0.6604579776600885,
    "Tense": 0.7432261479450814,
    "Person": 0.7748342578441082,
    "Definiteness": 0.6592771436932982
  },
  "learning_rate": 1.9e-05
}