{
  "epoch": 9,
  "mode": "singlelabel",
  "fold": 4,
  "eval_decoder": "greedy",
  "mbr_threshold": 0.0,
  "train_loss": 0.061463294268804,
  "val_loss": 0.19745760709047316,
  "train_composite_accuracy": 0.9878817073285918,
  "train_composite_micro_f1": 0.9878817073285918,
  "train_composite_macro_f1": 0.7155023317120391,
  "val_composite_accuracy": 0.9695644568829805,
  "val_composite_micro_f1": 0.9695644568829805,
  "val_composite_macro_f1": 0.822609384920058,
  "per_word_class_accuracy": {
    "Word Class Noun": 0.9964912280701754,
    "Word Class Adjective": 0.962432915921288,
    "Word Class Pronoun": 0.9830124575311439,
    "Word Class Number": 0.961038961038961,
    "Word Class Verbs": 0.9989361702127659,
    "Word Class Participle": 0.9263157894736842,
    "Word Class Adverb": 0.9917463075586447,
    "Word Class Conjunctions": 0.9941860465116279,
    "Word Class Foreign words": 1.0,
    "Word Class Unanalyzed word": 0.0,
    "Word Class Abbreviation": 0.8846153846153846,
    "Word Class Web email or address": 0.0,
    "Word Class Punctuation": 1.0,
    "Word Class Symbol": 1.0,
    "Word Class R Article": 0.9754901960784313
  },
  "per_word_class_f1": {
    "Word Class Noun": 0.9970743124634289,
    "Word Class Adjective": 0.9581478183437221,
    "Word Class Pronoun": 0.9863636363636364,
    "Word Class Number": 0.9768976897689768,
    "Word Class Verbs": 0.9986705663387396,
    "Word Class Participle": 0.946236559139785,
    "Word Class Adverb": 0.9904555314533623,
    "Word Class Conjunctions": 0.994599085999169,
    "Word Class Foreign words": 0.8108108108108109,
    "Word Class Unanalyzed word": 0.0,
    "Word Class Abbreviation": 0.9387755102040816,
    "Word Class Web email or address": 0.0,
    "Word Class Punctuation": 1.0,
    "Word Class Symbol": 1.0,
    "Word Class R Article": 0.9590361445783132
  },
  "per_interval_accuracy": {
    "Subcategories": 0.9863719461525677,
    "Gender": 0.9749725576289792,
    "Number": 0.9849261849261849,
    "Case": 0.9747530186608123,
    "Article": 0.9937621832358674,
    "Proper Noun": 0.9914230019493178,
    "Degree": 0.9835721775602936,
    "Declension": 0.9666221628838452,
    "Mood": 0.9898936170212767,
    "Voice": 0.9989361702127659,
    "Tense": 0.9914893617021276,
    "Person": 0.9862468331523706,
    "Definiteness": 0.9754901960784313
  },
  "per_interval_f1": {
    "Subcategories": 0.9107022821351063,
    "Gender": 0.7826955412641723,
    "Number": 0.737960485464234,
    "Case": 0.8147662038596923,
    "Article": 0.6636853785813778,
    "Proper Noun": 0.660752066314851,
    "Degree": 0.6451599388341447,
    "Declension": 0.7283264467474994,
    "Mood": 0.7916176891727751,
    "Voice": 0.6647113333884864,
    "Tense": 0.7446363160648874,
    "Person": 0.7918768547628131,
    "Definiteness": 0.6567716970702046
  },
  "learning_rate": 1.8200000000000002e-05
}