{
  "epoch": 11,
  "mode": "singlelabel",
  "fold": 4,
  "eval_decoder": "greedy",
  "mbr_threshold": 0.0,
  "train_loss": 0.04755077756984699,
  "val_loss": 0.19875120967626572,
  "train_composite_accuracy": 0.9905452759438195,
  "train_composite_micro_f1": 0.9905452759438195,
  "train_composite_macro_f1": 0.7749688252595504,
  "val_composite_accuracy": 0.9702641245408431,
  "val_composite_micro_f1": 0.9702641245408431,
  "val_composite_macro_f1": 0.8325011227009916,
  "per_word_class_accuracy": {
    "Word Class Noun": 0.9957115009746589,
    "Word Class Adjective": 0.9677996422182469,
    "Word Class Pronoun": 0.9773499433748585,
    "Word Class Number": 0.961038961038961,
    "Word Class Verbs": 0.999468085106383,
    "Word Class Participle": 0.9421052631578948,
    "Word Class Adverb": 0.9904430929626412,
    "Word Class Conjunctions": 0.9941860465116279,
    "Word Class Foreign words": 0.8666666666666667,
    "Word Class Unanalyzed word": 0.0,
    "Word Class Abbreviation": 0.9615384615384616,
    "Word Class Web email or address": 0.0,
    "Word Class Punctuation": 1.0,
    "Word Class Symbol": 1.0,
    "Word Class R Article": 0.9852941176470589
  },
  "per_word_class_f1": {
    "Word Class Noun": 0.9968774395003903,
    "Word Class Adjective": 0.9634906500445236,
    "Word Class Pronoun": 0.9851598173515982,
    "Word Class Number": 0.9801324503311257,
    "Word Class Verbs": 0.9986712729205421,
    "Word Class Participle": 0.9470899470899471,
    "Word Class Adverb": 0.9904430929626412,
    "Word Class Conjunctions": 0.9950124688279302,
    "Word Class Foreign words": 0.7027027027027029,
    "Word Class Unanalyzed word": 0.0,
    "Word Class Abbreviation": 0.9803921568627451,
    "Word Class Web email or address": 0.0,
    "Word Class Punctuation": 1.0,
    "Word Class Symbol": 1.0,
    "Word Class R Article": 0.9481132075471699
  },
  "per_interval_accuracy": {
    "Subcategories": 0.9850423799235499,
    "Gender": 0.9773874862788144,
    "Number": 0.9863247863247864,
    "Case": 0.9756311745334797,
    "Article": 0.9922027290448343,
    "Proper Noun": 0.991812865497076,
    "Degree": 0.9846207619713387,
    "Declension": 0.9759679572763685,
    "Mood": 0.9914893617021276,
    "Voice": 0.999468085106383,
    "Tense": 0.9920212765957447,
    "Person": 0.9866087585957293,
    "Definiteness": 0.9852941176470589
  },
  "per_interval_f1": {
    "Subcategories": 0.9198358878884784,
    "Gender": 0.7843549297711003,
    "Number": 0.7390651926234219,
    "Case": 0.8134087085717817,
    "Article": 0.6629983738884836,
    "Proper Noun": 0.6614213914045842,
    "Degree": 0.6499749531134076,
    "Declension": 0.7348273414587438,
    "Mood": 0.7936418215685105,
    "Voice": 0.664804469273743,
    "Tense": 0.7446881893748196,
    "Person": 0.7892832635309995,
    "Definiteness": 0.6617460144532811
  },
  "learning_rate": 1.7800000000000002e-05
}