{
  "epoch": 6,
  "mode": "singlelabel",
  "fold": 4,
  "eval_decoder": "greedy",
  "mbr_threshold": 0.0,
  "train_loss": 0.1315468811257871,
  "val_loss": 0.19557539671659468,
  "train_composite_accuracy": 0.9769724103406912,
  "train_composite_micro_f1": 0.9769724103406912,
  "train_composite_macro_f1": 0.6168915591422856,
  "val_composite_accuracy": 0.967028161623229,
  "val_composite_micro_f1": 0.9670281616232291,
  "val_composite_macro_f1": 0.7882014070618851,
  "per_word_class_accuracy": {
    "Word Class Noun": 0.9941520467836257,
    "Word Class Adjective": 0.9481216457960644,
    "Word Class Pronoun": 0.9773499433748585,
    "Word Class Number": 0.9415584415584416,
    "Word Class Verbs": 0.9984042553191489,
    "Word Class Participle": 0.9421052631578948,
    "Word Class Adverb": 0.9913119026933102,
    "Word Class Conjunctions": 0.9941860465116279,
    "Word Class Foreign words": 1.0,
    "Word Class Unanalyzed word": 0.0,
    "Word Class Abbreviation": 0.9230769230769231,
    "Word Class Web email or address": 0.0,
    "Word Class Punctuation": 1.0,
    "Word Class Symbol": 1.0,
    "Word Class R Article": 0.9607843137254902
  },
  "per_word_class_f1": {
    "Word Class Noun": 0.99609375,
    "Word Class Adjective": 0.9498207885304659,
    "Word Class Pronoun": 0.9801249290176037,
    "Word Class Number": 0.9602649006622517,
    "Word Class Verbs": 0.9986698590050544,
    "Word Class Participle": 0.9421052631578948,
    "Word Class Adverb": 0.9883066262451279,
    "Word Class Conjunctions": 0.9954261954261955,
    "Word Class Foreign words": 0.8571428571428571,
    "Word Class Unanalyzed word": 0.0,
    "Word Class Abbreviation": 0.9411764705882353,
    "Word Class Web email or address": 0.0,
    "Word Class Punctuation": 1.0,
    "Word Class Symbol": 1.0,
    "Word Class R Article": 0.9400479616306955
  },
  "per_interval_accuracy": {
    "Subcategories": 0.984377596809041,
    "Gender": 0.9727771679473106,
    "Number": 0.983993783993784,
    "Case": 0.9725576289791438,
    "Article": 0.989083820662768,
    "Proper Noun": 0.9886939571150097,
    "Degree": 0.9804264243271583,
    "Declension": 0.9626168224299065,
    "Mood": 0.9909574468085106,
    "Voice": 0.9968085106382979,
    "Tense": 0.9909574468085106,
    "Person": 0.9847991313789359,
    "Definiteness": 0.9607843137254902
  },
  "per_interval_f1": {
    "Subcategories": 0.9124649961787716,
    "Gender": 0.780906434074423,
    "Number": 0.7374748717759472,
    "Case": 0.805461783412906,
    "Article": 0.6612884537718545,
    "Proper Noun": 0.659872866009766,
    "Degree": 0.6372301359818403,
    "Declension": 0.7213762814023693,
    "Mood": 0.7936322333811574,
    "Voice": 0.6567706256148468,
    "Tense": 0.7442241526754474,
    "Person": 0.7773728743567585,
    "Definiteness": 0.6503900199938047
  },
  "learning_rate": 1.88e-05
}