{
  "epoch": 7,
  "mode": "singlelabel",
  "fold": 4,
  "eval_decoder": "greedy",
  "mbr_threshold": 0.0,
  "train_loss": 0.09547502780400943,
  "val_loss": 0.19081940203905107,
  "train_composite_accuracy": 0.9825734606556913,
  "train_composite_micro_f1": 0.9825734606556913,
  "train_composite_macro_f1": 0.6600355129251093,
  "val_composite_accuracy": 0.968427496938954,
  "val_composite_micro_f1": 0.968427496938954,
  "val_composite_macro_f1": 0.8015819928461203,
  "per_word_class_accuracy": {
    "Word Class Noun": 0.9953216374269006,
    "Word Class Adjective": 0.9552772808586762,
    "Word Class Pronoun": 0.9807474518686297,
    "Word Class Number": 0.948051948051948,
    "Word Class Verbs": 0.9989361702127659,
    "Word Class Participle": 0.9263157894736842,
    "Word Class Adverb": 0.9891398783666377,
    "Word Class Conjunctions": 0.9958471760797342,
    "Word Class Foreign words": 1.0,
    "Word Class Unanalyzed word": 0.0,
    "Word Class Abbreviation": 0.8846153846153846,
    "Word Class Web email or address": 0.0,
    "Word Class Punctuation": 1.0,
    "Word Class Symbol": 1.0,
    "Word Class R Article": 0.9803921568627451
  },
  "per_word_class_f1": {
    "Word Class Noun": 0.9960983222785799,
    "Word Class Adjective": 0.9552772808586762,
    "Word Class Pronoun": 0.982416335791265,
    "Word Class Number": 0.9636963696369636,
    "Word Class Verbs": 0.9989361702127659,
    "Word Class Participle": 0.9436997319034852,
    "Word Class Adverb": 0.9902152641878669,
    "Word Class Conjunctions": 0.9950207468879668,
    "Word Class Foreign words": 0.7894736842105263,
    "Word Class Unanalyzed word": 0.0,
    "Word Class Abbreviation": 0.9387755102040816,
    "Word Class Web email or address": 0.0,
    "Word Class Punctuation": 1.0,
    "Word Class Symbol": 1.0,
    "Word Class R Article": 0.9411764705882353
  },
  "per_interval_accuracy": {
    "Subcategories": 0.9848761841449227,
    "Gender": 0.9729967069154775,
    "Number": 0.9861693861693862,
    "Case": 0.973874862788145,
    "Article": 0.9914230019493178,
    "Proper Noun": 0.9910331384015595,
    "Degree": 0.9804264243271583,
    "Declension": 0.9679572763684913,
    "Mood": 0.9920212765957447,
    "Voice": 0.997872340425532,
    "Tense": 0.9925531914893617,
    "Person": 0.9858849077090119,
    "Definiteness": 0.9803921568627451
  },
  "per_interval_f1": {
    "Subcategories": 0.9144199612120936,
    "Gender": 0.780589309082523,
    "Number": 0.7389062177293446,
    "Case": 0.8079577535558672,
    "Article": 0.6625290519842003,
    "Proper Noun": 0.661169254538121,
    "Degree": 0.643491751511617,
    "Declension": 0.7318507085208465,
    "Mood": 0.7935761689580383,
    "Voice": 0.6607376975468456,
    "Tense": 0.7451688424857015,
    "Person": 0.7776157272214891,
    "Definiteness": 0.6592771436932982
  },
  "learning_rate": 1.86e-05
}