{
  "epoch": 12,
  "mode": "singlelabel",
  "fold": 4,
  "eval_decoder": "greedy",
  "mbr_threshold": 0.0,
  "train_loss": 0.03715220154527429,
  "val_loss": 0.20137482807040213,
  "train_composite_accuracy": 0.9920754111057588,
  "train_composite_micro_f1": 0.9920754111057588,
  "train_composite_macro_f1": 0.7938079413509556,
  "val_composite_accuracy": 0.9707014168270072,
  "val_composite_micro_f1": 0.9707014168270072,
  "val_composite_macro_f1": 0.828719197178577,
  "per_word_class_accuracy": {
    "Word Class Noun": 0.9968810916179337,
    "Word Class Adjective": 0.9660107334525939,
    "Word Class Pronoun": 0.986409966024915,
    "Word Class Number": 0.961038961038961,
    "Word Class Verbs": 0.9984042553191489,
    "Word Class Participle": 0.9315789473684211,
    "Word Class Adverb": 0.9895742832319722,
    "Word Class Conjunctions": 0.9958471760797342,
    "Word Class Foreign words": 0.9333333333333333,
    "Word Class Unanalyzed word": 0.0,
    "Word Class Abbreviation": 0.9615384615384616,
    "Word Class Web email or address": 0.0,
    "Word Class Punctuation": 1.0,
    "Word Class Symbol": 1.0,
    "Word Class R Article": 0.9656862745098039
  },
  "per_word_class_f1": {
    "Word Class Noun": 0.9972698907956318,
    "Word Class Adjective": 0.9617097061442564,
    "Word Class Pronoun": 0.9847371396269078,
    "Word Class Number": 0.9736842105263157,
    "Word Class Verbs": 0.9981387928742356,
    "Word Class Participle": 0.9490616621983914,
    "Word Class Adverb": 0.9902195174961964,
    "Word Class Conjunctions": 0.9962609056917324,
    "Word Class Foreign words": 0.8,
    "Word Class Unanalyzed word": 0.0,
    "Word Class Abbreviation": 0.9803921568627451,
    "Word Class Web email or address": 0.0,
    "Word Class Punctuation": 1.0,
    "Word Class Symbol": 1.0,
    "Word Class R Article": 0.9563106796116505
  },
  "per_interval_accuracy": {
    "Subcategories": 0.9862057503739405,
    "Gender": 0.9773874862788144,
    "Number": 0.9864801864801864,
    "Case": 0.9767288693743139,
    "Article": 0.9937621832358674,
    "Proper Noun": 0.991812865497076,
    "Degree": 0.9839217056973086,
    "Declension": 0.9719626168224299,
    "Mood": 0.9909574468085106,
    "Voice": 0.997872340425532,
    "Tense": 0.9909574468085106,
    "Person": 0.9887803112558813,
    "Definiteness": 0.9656862745098039
  },
  "per_interval_f1": {
    "Subcategories": 0.9204199769289397,
    "Gender": 0.7840528628708477,
    "Number": 0.7387651795318833,
    "Case": 0.8149455767162498,
    "Article": 0.6635875366605314,
    "Proper Noun": 0.6608398068598804,
    "Degree": 0.6513963226888202,
    "Declension": 0.7302298638799247,
    "Mood": 0.7936233296932695,
    "Voice": 0.662641940658837,
    "Tense": 0.7442193844886467,
    "Person": 0.7898697079484204,
    "Definiteness": 0.6529710995583878
  },
  "learning_rate": 1.76e-05
}