{
  "epoch": 13,
  "mode": "singlelabel",
  "fold": 4,
  "eval_decoder": "greedy",
  "mbr_threshold": 0.0,
  "train_loss": 0.03437287962908709,
  "val_loss": 0.207672318816185,
  "train_composite_accuracy": 0.9933788595770404,
  "train_composite_micro_f1": 0.9933788595770404,
  "train_composite_macro_f1": 0.814394774726487,
  "val_composite_accuracy": 0.9690397061395837,
  "val_composite_micro_f1": 0.9690397061395837,
  "val_composite_macro_f1": 0.8381776949149218,
  "per_word_class_accuracy": {
    "Word Class Noun": 0.9961013645224172,
    "Word Class Adjective": 0.9660107334525939,
    "Word Class Pronoun": 0.9875424688561721,
    "Word Class Number": 0.961038961038961,
    "Word Class Verbs": 0.9984042553191489,
    "Word Class Participle": 0.9210526315789473,
    "Word Class Adverb": 0.9913119026933102,
    "Word Class Conjunctions": 0.9925249169435216,
    "Word Class Foreign words": 0.9333333333333333,
    "Word Class Unanalyzed word": 0.0,
    "Word Class Abbreviation": 0.9615384615384616,
    "Word Class Web email or address": 0.0,
    "Word Class Punctuation": 1.0,
    "Word Class Symbol": 1.0,
    "Word Class R Article": 0.9656862745098039
  },
  "per_word_class_f1": {
    "Word Class Noun": 0.9964898595943837,
    "Word Class Adjective": 0.9591474245115453,
    "Word Class Pronoun": 0.9869835880022638,
    "Word Class Number": 0.9801324503311257,
    "Word Class Verbs": 0.9984042553191489,
    "Word Class Participle": 0.951086956521739,
    "Word Class Adverb": 0.9898069833008024,
    "Word Class Conjunctions": 0.9954185755935027,
    "Word Class Foreign words": 0.7777777777777778,
    "Word Class Unanalyzed word": 0.0,
    "Word Class Abbreviation": 0.9803921568627451,
    "Word Class Web email or address": 0.0,
    "Word Class Punctuation": 1.0,
    "Word Class Symbol": 1.0,
    "Word Class R Article": 0.9516908212560387
  },
  "per_interval_accuracy": {
    "Subcategories": 0.9855409672594316,
    "Gender": 0.9760702524698134,
    "Number": 0.9861693861693862,
    "Case": 0.9723380900109769,
    "Article": 0.9922027290448343,
    "Proper Noun": 0.9914230019493178,
    "Degree": 0.9853198182453687,
    "Declension": 0.9666221628838452,
    "Mood": 0.9909574468085106,
    "Voice": 0.9984042553191489,
    "Tense": 0.9920212765957447,
    "Person": 0.9895041621425986,
    "Definiteness": 0.9656862745098039
  },
  "per_interval_f1": {
    "Subcategories": 0.9159216496178136,
    "Gender": 0.782658196349576,
    "Number": 0.7386000164961314,
    "Case": 0.8091549523912267,
    "Article": 0.6628157481377243,
    "Proper Noun": 0.6608331418202674,
    "Degree": 0.6503711871110146,
    "Declension": 0.7288032230469936,
    "Mood": 0.7923235720921319,
    "Voice": 0.6646181454429251,
    "Tense": 0.7449252842328524,
    "Person": 0.7897139426797843,
    "Definiteness": 0.6516477761568099
  },
  "learning_rate": 1.7400000000000003e-05
}