{
  "mode": "singlelabel",
  "fold": 4,
  "eval_decoder": "greedy",
  "mbr_threshold": 0.0,
  "temperature": 1.0,
  "ood_data_path": "data/OOD-BRAGD.json",
  "num_sentences": 500,
  "composite_accuracy": 0.9535981932039832,
  "composite_micro_f1": 0.9535981932039832,
  "composite_macro_f1": 0.7651095779754451,
  "word_class_accuracy": 0.9866543476029155,
  "word_class_macro_f1": 0.9370437026926381,
  "per_word_class_accuracy": {
    "Word Class Noun": 0.9886759581881533,
    "Word Class Adjective": 0.9465776293823038,
    "Word Class Pronoun": 0.9917808219178083,
    "Word Class Number": 1.0,
    "Word Class Verbs": 0.9957203994293866,
    "Word Class Participle": 0.9060402684563759,
    "Word Class Adverb": 0.988442487616951,
    "Word Class Conjunctions": 0.9915254237288136,
    "Word Class Foreign words": 0.65,
    "Word Class Unanalyzed word": 0.0,
    "Word Class Abbreviation": 1.0,
    "Word Class Web email or address": 0.0,
    "Word Class Punctuation": 1.0,
    "Word Class Symbol": 0.9230769230769231,
    "Word Class R Article": 0.975
  },
  "per_word_class_f1": {
    "Word Class Noun": 0.9888913090829885,
    "Word Class Adjective": 0.9489539748953973,
    "Word Class Pronoun": 0.9890710382513661,
    "Word Class Number": 0.9978858350951374,
    "Word Class Verbs": 0.9964311206281228,
    "Word Class Participle": 0.9342560553633219,
    "Word Class Adverb": 0.9860005489980784,
    "Word Class Conjunctions": 0.9915254237288136,
    "Word Class Foreign words": 0.6666666666666667,
    "Word Class Unanalyzed word": 0.0,
    "Word Class Abbreviation": 0.7428571428571429,
    "Word Class Web email or address": 0.0,
    "Word Class Punctuation": 1.0,
    "Word Class Symbol": 0.9600000000000001,
    "Word Class R Article": 0.9780564263322885
  },
  "per_interval_accuracy": {
    "Subcategories": 0.9868239921337266,
    "Gender": 0.9544364508393285,
    "Number": 0.9831299353912419,
    "Case": 0.9690647482014388,
    "Article": 0.9869337979094077,
    "Proper Noun": 0.9690766550522648,
    "Degree": 0.9751655629139073,
    "Declension": 0.9558823529411765,
    "Mood": 0.992867332382311,
    "Voice": 0.9957203994293866,
    "Tense": 0.9914407988587732,
    "Person": 0.9882739212007504,
    "Definiteness": 0.975
  },
  "per_interval_f1": {
    "Subcategories": 0.9134144954243677,
    "Gender": 0.7674468674653877,
    "Number": 0.7374134805419503,
    "Case": 0.8031067416297167,
    "Article": 0.6620454864937977,
    "Proper Noun": 0.6438108814445236,
    "Degree": 0.642607575918179,
    "Declension": 0.7359283448127262,
    "Mood": 0.7649303886504304,
    "Voice": 0.6659231722428748,
    "Tense": 0.744834889971272,
    "Person": 0.7862239158922321,
    "Definiteness": 0.6571428571428571
  }
}