{
  "best_epoch": 18,
  "total_epochs_trained": 18,
  "mode": "multilabel",
  "fold": 2,
  "optimizer": "adamw",
  "eval_decoder": "greedy",
  "mbr_threshold": 0.0,
  "train_loss": 0.013761961358169627,
  "val_loss": 0.24462398439645766,
  "train_composite_accuracy": 0.9969221386848098,
  "train_composite_micro_f1": 0.9969221386848098,
  "train_composite_macro_f1": 0.9737536866696933,
  "val_composite_accuracy": 0.9789473684210527,
  "val_composite_micro_f1": 0.9789473684210527,
  "val_composite_macro_f1": 0.9145365273684847,
  "per_word_class_accuracy": {
    "Word Class Noun": 0.9981711777615215,
    "Word Class Adjective": 0.9683860232945092,
    "Word Class Pronoun": 0.9915878023133544,
    "Word Class Number": 0.9885714285714285,
    "Word Class Verbs": 0.9970238095238095,
    "Word Class Participle": 0.9754601226993865,
    "Word Class Adverb": 0.9939320388349514,
    "Word Class Conjunctions": 0.9947526236881559,
    "Word Class Foreign words": 0.5454545454545454,
    "Word Class Unanalyzed word": 0.0,
    "Word Class Abbreviation": 1.0,
    "Word Class Web email or address": 0.0,
    "Word Class Punctuation": 1.0,
    "Word Class Symbol": 1.0,
    "Word Class R Article": 0.9742489270386266
  },
  "per_word_class_f1": {
    "Word Class Noun": 0.9974415204678362,
    "Word Class Adjective": 0.9748743718592965,
    "Word Class Pronoun": 0.9915878023133544,
    "Word Class Number": 0.991404011461318,
    "Word Class Verbs": 0.9977661950856292,
    "Word Class Participle": 0.960725075528701,
    "Word Class Adverb": 0.9925267622702484,
    "Word Class Conjunctions": 0.9958724202626642,
    "Word Class Foreign words": 0.7058823529411764,
    "Word Class Unanalyzed word": 0.0,
    "Word Class Abbreviation": 0.9302325581395349,
    "Word Class Web email or address": 0.0,
    "Word Class Punctuation": 1.0,
    "Word Class Symbol": 1.0,
    "Word Class R Article": 0.9721627408993576
  },
  "per_interval_accuracy": {
    "Subcategories": 0.9901425538368214,
    "Gender": 0.9862054766316657,
    "Number": 0.991415684562782,
    "Case": 0.9845583693638048,
    "Article": 0.9963423555230432,
    "Proper Noun": 0.9963423555230432,
    "Degree": 0.9931662870159453,
    "Declension": 0.9947643979057592,
    "Mood": 0.9925595238095238,
    "Voice": 0.9990079365079365,
    "Tense": 0.9925595238095238,
    "Person": 0.9888776541961577,
    "Definiteness": 0.9871244635193133
  },
  "per_interval_f1": {
    "Subcategories": 0.9839066751111116,
    "Gender": 0.9864650707192775,
    "Number": 0.9890136302456874,
    "Case": 0.9812178066303329,
    "Article": 0.9960981318414706,
    "Proper Noun": 0.9950272102904372,
    "Degree": 0.9925033014104232,
    "Declension": 0.9926223692902137,
    "Mood": 0.8670414439047891,
    "Voice": 0.9930757341576508,
    "Tense": 0.9935090078038659,
    "Person": 0.9676595692959857,
    "Definiteness": 0.985680044250507
  },
  "learning_rate": 1.64e-05,
  "base_learning_rate": 2e-05,
  "warmup_ratio": 0.0
}