{
  "epoch": 3,
  "mode": "multilabel",
  "fold": 2,
  "eval_decoder": "greedy",
  "mbr_threshold": 0.0,
  "train_loss": 0.18731183324448406,
  "val_loss": 0.22491143196821212,
  "train_composite_accuracy": 0.9676242851277939,
  "train_composite_micro_f1": 0.9676242851277939,
  "train_composite_macro_f1": 0.7482935562524683,
  "val_composite_accuracy": 0.970969834576711,
  "val_composite_micro_f1": 0.970969834576711,
  "val_composite_macro_f1": 0.8420950971197372,
  "per_word_class_accuracy": {
    "Word Class Noun": 0.9959765910753475,
    "Word Class Adjective": 0.9717138103161398,
    "Word Class Pronoun": 0.9873817034700315,
    "Word Class Number": 0.9828571428571429,
    "Word Class Verbs": 0.9975198412698413,
    "Word Class Participle": 0.9141104294478528,
    "Word Class Adverb": 0.9874595469255664,
    "Word Class Conjunctions": 0.9955022488755623,
    "Word Class Foreign words": 0.6363636363636364,
    "Word Class Unanalyzed word": 0.0,
    "Word Class Abbreviation": 1.0,
    "Word Class Web email or address": 0.0,
    "Word Class Punctuation": 1.0,
    "Word Class Symbol": 1.0,
    "Word Class R Article": 0.944206008583691
  },
  "per_word_class_f1": {
    "Word Class Noun": 0.9972532503204543,
    "Word Class Adjective": 0.957377049180328,
    "Word Class Pronoun": 0.9837611314824515,
    "Word Class Number": 0.98567335243553,
    "Word Class Verbs": 0.9970252850768468,
    "Word Class Participle": 0.9254658385093167,
    "Word Class Adverb": 0.9900628675725006,
    "Word Class Conjunctions": 0.9940119760479041,
    "Word Class Foreign words": 0.6666666666666666,
    "Word Class Unanalyzed word": 0.0,
    "Word Class Abbreviation": 0.975609756097561,
    "Word Class Web email or address": 0.0,
    "Word Class Punctuation": 1.0,
    "Word Class Symbol": 1.0,
    "Word Class R Article": 0.9565217391304348
  },
  "per_interval_accuracy": {
    "Subcategories": 0.9848346982104944,
    "Gender": 0.9759110562075355,
    "Number": 0.9879237596391678,
    "Case": 0.9822935968704962,
    "Article": 0.9937820043891734,
    "Proper Noun": 0.993050475493782,
    "Degree": 0.9895867230719166,
    "Declension": 0.9895287958115183,
    "Mood": 0.9910714285714286,
    "Voice": 0.9990079365079365,
    "Tense": 0.9925595238095238,
    "Person": 0.9865183687226154,
    "Definiteness": 0.9871244635193133
  },
  "per_interval_f1": {
    "Subcategories": 0.9743636420138055,
    "Gender": 0.9758498066653536,
    "Number": 0.9845020217064655,
    "Case": 0.9801527444915605,
    "Article": 0.9933758307469029,
    "Proper Noun": 0.9905948547087375,
    "Degree": 0.7849024679220402,
    "Declension": 0.9850444845651117,
    "Mood": 0.8118957613512436,
    "Voice": 0.9930757341576508,
    "Tense": 0.9935308189908153,
    "Person": 0.9519290559152265,
    "Definiteness": 0.985680044250507
  },
  "learning_rate": 1.94e-05
}