{
  "epoch": 6,
  "mode": "multilabel",
  "fold": 2,
  "eval_decoder": "greedy",
  "mbr_threshold": 0.0,
  "train_loss": 0.0774554553058058,
  "val_loss": 0.22709209471940994,
  "train_composite_accuracy": 0.9849805462313092,
  "train_composite_micro_f1": 0.9849805462313092,
  "train_composite_macro_f1": 0.8649782468930838,
  "val_composite_accuracy": 0.9725394896719319,
  "val_composite_micro_f1": 0.9725394896719319,
  "val_composite_macro_f1": 0.8781073257755867,
  "per_word_class_accuracy": {
    "Word Class Noun": 0.9985369422092173,
    "Word Class Adjective": 0.9683860232945092,
    "Word Class Pronoun": 0.982124079915878,
    "Word Class Number": 0.9942857142857143,
    "Word Class Verbs": 0.9970238095238095,
    "Word Class Participle": 0.8957055214723927,
    "Word Class Adverb": 0.9866504854368932,
    "Word Class Conjunctions": 0.9955022488755623,
    "Word Class Foreign words": 0.5454545454545454,
    "Word Class Unanalyzed word": 0.0,
    "Word Class Abbreviation": 0.95,
    "Word Class Web email or address": 0.0,
    "Word Class Punctuation": 1.0,
    "Word Class Symbol": 1.0,
    "Word Class R Article": 0.9699570815450643
  },
  "per_word_class_f1": {
    "Word Class Noun": 0.9974424552429668,
    "Word Class Adjective": 0.9509803921568628,
    "Word Class Pronoun": 0.9857519788918205,
    "Word Class Number": 0.9802816901408451,
    "Word Class Verbs": 0.9977661950856292,
    "Word Class Participle": 0.9182389937106917,
    "Word Class Adverb": 0.9894523326572007,
    "Word Class Conjunctions": 0.995875515560555,
    "Word Class Foreign words": 0.7058823529411764,
    "Word Class Unanalyzed word": 0.0,
    "Word Class Abbreviation": 0.9268292682926829,
    "Word Class Web email or address": 0.0,
    "Word Class Punctuation": 1.0,
    "Word Class Symbol": 1.0,
    "Word Class R Article": 0.9617021276595744
  },
  "per_interval_accuracy": {
    "Subcategories": 0.983924780103124,
    "Gender": 0.980852378011118,
    "Number": 0.9911246908191473,
    "Case": 0.9835289273213919,
    "Article": 0.9970738844184345,
    "Proper Noun": 0.993050475493782,
    "Degree": 0.9892613081679141,
    "Declension": 0.9842931937172775,
    "Mood": 0.9910714285714286,
    "Voice": 0.9990079365079365,
    "Tense": 0.9925595238095238,
    "Person": 0.985170205594877,
    "Definiteness": 0.9957081545064378
  },
  "per_interval_f1": {
    "Subcategories": 0.9715627124030508,
    "Gender": 0.9814799097796274,
    "Number": 0.9882278981386129,
    "Case": 0.9791468799894967,
    "Article": 0.9968760587150135,
    "Proper Noun": 0.9906043538743339,
    "Degree": 0.7881973260497185,
    "Declension": 0.9803213971731926,
    "Mood": 0.9057866724543826,
    "Voice": 0.9930757341576508,
    "Tense": 0.9932407420001216,
    "Person": 0.9625408269688043,
    "Definiteness": 0.9951971636468575
  },
  "learning_rate": 1.88e-05
}