{
  "epoch": 1,
  "mode": "multilabel",
  "fold": 2,
  "eval_decoder": "greedy",
  "mbr_threshold": 0.0,
  "train_loss": 1.3416061646900148,
  "val_loss": 0.38421987891197207,
  "train_composite_accuracy": 0.8340629685157421,
  "train_composite_micro_f1": 0.8340629685157421,
  "train_composite_macro_f1": 0.4205082805440499,
  "val_composite_accuracy": 0.955481403108977,
  "val_composite_micro_f1": 0.955481403108977,
  "val_composite_macro_f1": 0.7727009592086037,
  "per_word_class_accuracy": {
    "Word Class Noun": 0.9974396488661302,
    "Word Class Adjective": 0.9633943427620633,
    "Word Class Pronoun": 0.9894847528916929,
    "Word Class Number": 0.9657142857142857,
    "Word Class Verbs": 0.9965277777777778,
    "Word Class Participle": 0.9202453987730062,
    "Word Class Adverb": 0.9805825242718447,
    "Word Class Conjunctions": 0.9895052473763118,
    "Word Class Foreign words": 0.0,
    "Word Class Unanalyzed word": 0.0,
    "Word Class Abbreviation": 0.7,
    "Word Class Web email or address": 0.0,
    "Word Class Punctuation": 1.0,
    "Word Class Symbol": 0.0,
    "Word Class R Article": 0.9484978540772532
  },
  "per_word_class_f1": {
    "Word Class Noun": 0.995982468955442,
    "Word Class Adjective": 0.946078431372549,
    "Word Class Pronoun": 0.981230448383733,
    "Word Class Number": 0.9629629629629629,
    "Word Class Verbs": 0.9962806843540788,
    "Word Class Participle": 0.9287925696594428,
    "Word Class Adverb": 0.9843654822335025,
    "Word Class Conjunctions": 0.992108229988726,
    "Word Class Foreign words": 0.0,
    "Word Class Unanalyzed word": 0.0,
    "Word Class Abbreviation": 0.8235294117647058,
    "Word Class Web email or address": 0.0,
    "Word Class Punctuation": 1.0,
    "Word Class Symbol": 0.0,
    "Word Class R Article": 0.9464668094218415
  },
  "per_interval_accuracy": {
    "Subcategories": 0.9722474977252047,
    "Gender": 0.9641754169240272,
    "Number": 0.9831223628691983,
    "Case": 0.9711756228124356,
    "Article": 0.9926847110460864,
    "Proper Noun": 0.9908558888076079,
    "Degree": 0.981125935567849,
    "Declension": 0.9777486910994765,
    "Mood": 0.9875992063492064,
    "Voice": 0.9950396825396826,
    "Tense": 0.9866071428571429,
    "Person": 0.9804516346477924,
    "Definiteness": 0.9957081545064378
  },
  "per_interval_f1": {
    "Subcategories": 0.8821147678197109,
    "Gender": 0.9635847157262174,
    "Number": 0.977291922995874,
    "Case": 0.9430040500415846,
    "Article": 0.9921901467875338,
    "Proper Noun": 0.9876497635566658,
    "Degree": 0.762267641447877,
    "Declension": 0.966265761361968,
    "Mood": 0.7379658508916052,
    "Voice": 0.9630010277492291,
    "Tense": 0.9877971832382167,
    "Person": 0.9181809606377582,
    "Definiteness": 0.9951971636468575
  },
  "learning_rate": 1.98e-05
}