{
  "epoch": 11,
  "mode": "multilabel",
  "fold": 2,
  "eval_decoder": "greedy",
  "mbr_threshold": 0.0,
  "train_loss": 0.03054193092653802,
  "val_loss": 0.2181301608681679,
  "train_composite_accuracy": 0.9935370712828627,
  "train_composite_micro_f1": 0.9935370712828627,
  "train_composite_macro_f1": 0.9393184837719517,
  "val_composite_accuracy": 0.9773869346733668,
  "val_composite_micro_f1": 0.9773869346733668,
  "val_composite_macro_f1": 0.9136292442770506,
  "per_word_class_accuracy": {
    "Word Class Noun": 0.9978054133138259,
    "Word Class Adjective": 0.9683860232945092,
    "Word Class Pronoun": 0.9800210304942166,
    "Word Class Number": 0.9885714285714285,
    "Word Class Verbs": 0.998015873015873,
    "Word Class Participle": 0.9631901840490797,
    "Word Class Adverb": 0.9906957928802589,
    "Word Class Conjunctions": 0.9955022488755623,
    "Word Class Foreign words": 0.5454545454545454,
    "Word Class Unanalyzed word": 0.0,
    "Word Class Abbreviation": 1.0,
    "Word Class Web email or address": 0.0,
    "Word Class Punctuation": 1.0,
    "Word Class Symbol": 1.0,
    "Word Class R Article": 1.0
  },
  "per_word_class_f1": {
    "Word Class Noun": 0.9976229658072774,
    "Word Class Adjective": 0.9691923397169026,
    "Word Class Pronoun": 0.9883351007423118,
    "Word Class Number": 0.991404011461318,
    "Word Class Verbs": 0.9977684106124474,
    "Word Class Participle": 0.9457831325301205,
    "Word Class Adverb": 0.9916987244381453,
    "Word Class Conjunctions": 0.9947565543071162,
    "Word Class Foreign words": 0.7058823529411764,
    "Word Class Unanalyzed word": 0.0,
    "Word Class Abbreviation": 0.9523809523809523,
    "Word Class Web email or address": 0.0,
    "Word Class Punctuation": 1.0,
    "Word Class Symbol": 1.0,
    "Word Class R Article": 0.9668049792531119
  },
  "per_interval_accuracy": {
    "Subcategories": 0.9868061874431301,
    "Gender": 0.9820877084620135,
    "Number": 0.9905427033318783,
    "Case": 0.9841465925468396,
    "Article": 0.9952450621799561,
    "Proper Noun": 0.9941477688368691,
    "Degree": 0.9928408721119427,
    "Declension": 0.9908376963350786,
    "Mood": 0.9925595238095238,
    "Voice": 0.9990079365079365,
    "Tense": 0.9940476190476191,
    "Person": 0.9865183687226154,
    "Definiteness": 1.0
  },
  "per_interval_f1": {
    "Subcategories": 0.9780278633645225,
    "Gender": 0.9816047221174495,
    "Number": 0.9871944834010554,
    "Case": 0.9821713239490487,
    "Article": 0.9949285607982687,
    "Proper Noun": 0.9920758676258326,
    "Degree": 0.9944289233827112,
    "Declension": 0.9864036055923472,
    "Mood": 0.9076693849784881,
    "Voice": 0.9930757341576508,
    "Tense": 0.9948181547824677,
    "Person": 0.9636025209228166,
    "Definiteness": 1.0
  },
  "learning_rate": 1.7800000000000002e-05
}