{
  "epoch": 17,
  "mode": "multilabel",
  "fold": 2,
  "eval_decoder": "greedy",
  "mbr_threshold": 0.0,
  "train_loss": 0.0202021195158075,
  "val_loss": 0.2590779811143875,
  "train_composite_accuracy": 0.9953497236516105,
  "train_composite_micro_f1": 0.9953497236516105,
  "train_composite_macro_f1": 0.9673279464037061,
  "val_composite_accuracy": 0.9781270252754375,
  "val_composite_micro_f1": 0.9781270252754375,
  "val_composite_macro_f1": 0.9123969279248314,
  "per_word_class_accuracy": {
    "Word Class Noun": 0.9970738844184345,
    "Word Class Adjective": 0.9733777038269551,
    "Word Class Pronoun": 0.9905362776025236,
    "Word Class Number": 0.9885714285714285,
    "Word Class Verbs": 0.996031746031746,
    "Word Class Participle": 0.9570552147239264,
    "Word Class Adverb": 0.9919093851132686,
    "Word Class Conjunctions": 0.9962518740629686,
    "Word Class Foreign words": 0.5454545454545454,
    "Word Class Unanalyzed word": 0.0,
    "Word Class Abbreviation": 0.95,
    "Word Class Web email or address": 0.0,
    "Word Class Punctuation": 1.0,
    "Word Class Symbol": 1.0,
    "Word Class R Article": 0.9742489270386266
  },
  "per_word_class_f1": {
    "Word Class Noun": 0.9972562648618987,
    "Word Class Adjective": 0.9669421487603307,
    "Word Class Pronoun": 0.991578947368421,
    "Word Class Number": 0.9857549857549858,
    "Word Class Verbs": 0.9970208540218469,
    "Word Class Participle": 0.9483282674772037,
    "Word Class Adverb": 0.9919093851132686,
    "Word Class Conjunctions": 0.9966254218222722,
    "Word Class Foreign words": 0.7058823529411764,
    "Word Class Unanalyzed word": 0.0,
    "Word Class Abbreviation": 0.9500000000000001,
    "Word Class Web email or address": 0.0,
    "Word Class Punctuation": 1.0,
    "Word Class Symbol": 1.0,
    "Word Class R Article": 0.9721627408993576
  },
  "per_interval_accuracy": {
    "Subcategories": 0.9878677585683955,
    "Gender": 0.983940704138357,
    "Number": 0.9908336970755128,
    "Case": 0.9868231418571134,
    "Article": 0.9956108266276518,
    "Proper Noun": 0.9945135332845647,
    "Degree": 0.993491701919948,
    "Declension": 0.9947643979057592,
    "Mood": 0.9910714285714286,
    "Voice": 0.9995039682539683,
    "Tense": 0.9905753968253969,
    "Person": 0.9878665318503539,
    "Definiteness": 0.9914163090128756
  },
  "per_interval_f1": {
    "Subcategories": 0.9798371288560429,
    "Gender": 0.98398032165143,
    "Number": 0.9881861266971194,
    "Case": 0.9871087916764105,
    "Article": 0.9953159265350877,
    "Proper Noun": 0.99256735999913,
    "Degree": 0.9939575857524512,
    "Declension": 0.9926223692902137,
    "Mood": 0.9059408599438988,
    "Voice": 0.9965155288842952,
    "Tense": 0.9911932283463306,
    "Person": 0.9697151429338378,
    "Definiteness": 0.9904241328291961
  },
  "learning_rate": 1.66e-05
}