{
  "epoch": 14,
  "mode": "multilabel",
  "fold": 2,
  "eval_decoder": "greedy",
  "mbr_threshold": 0.0,
  "train_loss": 0.020699952860204218,
  "val_loss": 0.2683227211236954,
  "train_composite_accuracy": 0.9955111649051245,
  "train_composite_micro_f1": 0.9955111649051245,
  "train_composite_macro_f1": 0.9589578340439798,
  "val_composite_accuracy": 0.976418152350081,
  "val_composite_micro_f1": 0.976418152350081,
  "val_composite_macro_f1": 0.8967575825070577,
  "per_word_class_accuracy": {
    "Word Class Noun": 0.9974396488661302,
    "Word Class Adjective": 0.9767054908485857,
    "Word Class Pronoun": 0.9936908517350158,
    "Word Class Number": 0.9828571428571429,
    "Word Class Verbs": 0.9955357142857143,
    "Word Class Participle": 0.9447852760736196,
    "Word Class Adverb": 0.9890776699029126,
    "Word Class Conjunctions": 0.9977511244377811,
    "Word Class Foreign words": 0.5454545454545454,
    "Word Class Unanalyzed word": 0.0,
    "Word Class Abbreviation": 0.95,
    "Word Class Web email or address": 0.0,
    "Word Class Punctuation": 1.0,
    "Word Class Symbol": 1.0,
    "Word Class R Article": 0.9184549356223176
  },
  "per_word_class_f1": {
    "Word Class Noun": 0.9972572682391663,
    "Word Class Adjective": 0.9670510708401977,
    "Word Class Pronoun": 0.9828393135725428,
    "Word Class Number": 0.98567335243553,
    "Word Class Verbs": 0.9972670807453415,
    "Word Class Participle": 0.9447852760736196,
    "Word Class Adverb": 0.9914841849148419,
    "Word Class Conjunctions": 0.9958847736625515,
    "Word Class Foreign words": 0.7058823529411764,
    "Word Class Unanalyzed word": 0.0,
    "Word Class Abbreviation": 0.9268292682926829,
    "Word Class Web email or address": 0.0,
    "Word Class Punctuation": 1.0,
    "Word Class Symbol": 1.0,
    "Word Class R Article": 0.9490022172949003
  },
  "per_interval_accuracy": {
    "Subcategories": 0.9884743706399758,
    "Gender": 0.9841465925468396,
    "Number": 0.9901062127164266,
    "Case": 0.9845583693638048,
    "Article": 0.9959765910753475,
    "Proper Noun": 0.9937820043891734,
    "Degree": 0.9905629677839245,
    "Declension": 0.9947643979057592,
    "Mood": 0.9905753968253969,
    "Voice": 0.9990079365079365,
    "Tense": 0.9915674603174603,
    "Person": 0.9885406134142232,
    "Definiteness": 0.9871244635193133
  },
  "per_interval_f1": {
    "Subcategories": 0.9810378375381881,
    "Gender": 0.9839141040313094,
    "Number": 0.9871575648851438,
    "Case": 0.9823141206344642,
    "Article": 0.9957054241404173,
    "Proper Noun": 0.9915848700025547,
    "Degree": 0.99051086174483,
    "Declension": 0.9951746981659135,
    "Mood": 0.9055907833946348,
    "Voice": 0.9930757341576508,
    "Tense": 0.9923551285643916,
    "Person": 0.9671713656004567,
    "Definiteness": 0.985680044250507
  },
  "learning_rate": 1.72e-05
}