{
  "epoch": 16,
  "mode": "multilabel",
  "fold": 2,
  "eval_decoder": "greedy",
  "mbr_threshold": 0.0,
  "train_loss": 0.01699807305869089,
  "val_loss": 0.2462472438812256,
  "train_composite_accuracy": 0.996274132377885,
  "train_composite_micro_f1": 0.996274132377885,
  "train_composite_macro_f1": 0.9696552776155468,
  "val_composite_accuracy": 0.976582124625233,
  "val_composite_micro_f1": 0.976582124625233,
  "val_composite_macro_f1": 0.9031252766821847,
  "per_word_class_accuracy": {
    "Word Class Noun": 0.9978054133138259,
    "Word Class Adjective": 0.9667221297836939,
    "Word Class Pronoun": 0.9905362776025236,
    "Word Class Number": 0.9828571428571429,
    "Word Class Verbs": 0.9965277777777778,
    "Word Class Participle": 0.950920245398773,
    "Word Class Adverb": 0.9935275080906149,
    "Word Class Conjunctions": 0.9962518740629686,
    "Word Class Foreign words": 0.5454545454545454,
    "Word Class Unanalyzed word": 0.0,
    "Word Class Abbreviation": 0.95,
    "Word Class Web email or address": 0.0,
    "Word Class Punctuation": 1.0,
    "Word Class Symbol": 1.0,
    "Word Class R Article": 0.9613733905579399
  },
  "per_word_class_f1": {
    "Word Class Noun": 0.9970760233918129,
    "Word Class Adjective": 0.969140950792327,
    "Word Class Pronoun": 0.9889763779527558,
    "Word Class Number": 0.98567335243553,
    "Word Class Verbs": 0.9975173783515393,
    "Word Class Participle": 0.948012232415902,
    "Word Class Adverb": 0.9923232323232323,
    "Word Class Conjunctions": 0.9962518740629686,
    "Word Class Foreign words": 0.7058823529411764,
    "Word Class Unanalyzed word": 0.0,
    "Word Class Abbreviation": 0.9268292682926829,
    "Word Class Web email or address": 0.0,
    "Word Class Punctuation": 1.0,
    "Word Class Symbol": 1.0,
    "Word Class R Article": 0.9655172413793105
  },
  "per_interval_accuracy": {
    "Subcategories": 0.989080982711556,
    "Gender": 0.9822935968704962,
    "Number": 0.9906882002036956,
    "Case": 0.9837348157298744,
    "Article": 0.9959765910753475,
    "Proper Noun": 0.9948792977322605,
    "Degree": 0.9921900423039375,
    "Declension": 0.9921465968586387,
    "Mood": 0.9930555555555556,
    "Voice": 0.9995039682539683,
    "Tense": 0.9920634920634921,
    "Person": 0.9885406134142232,
    "Definiteness": 0.9914163090128756
  },
  "per_interval_f1": {
    "Subcategories": 0.981151030700204,
    "Gender": 0.9829031519573203,
    "Number": 0.9880526091567866,
    "Case": 0.9838476287823965,
    "Article": 0.9957071062850196,
    "Proper Noun": 0.993059348409975,
    "Degree": 0.9917307227826957,
    "Declension": 0.9874559465770177,
    "Mood": 0.941835448004608,
    "Voice": 0.9965155288842952,
    "Tense": 0.9925055439345093,
    "Person": 0.9668238066489877,
    "Definiteness": 0.9904241328291961
  },
  "learning_rate": 1.6800000000000002e-05
}