{
  "epoch": 19,
  "mode": "multilabel",
  "fold": 2,
  "eval_decoder": "greedy",
  "mbr_threshold": 0.0,
  "train_loss": 0.014050526297217427,
  "val_loss": 0.2595054104924202,
  "train_composite_accuracy": 0.9971600655662715,
  "train_composite_micro_f1": 0.9971600655662715,
  "train_composite_macro_f1": 0.9781473924668003,
  "val_composite_accuracy": 0.9772377480761442,
  "val_composite_micro_f1": 0.9772377480761442,
  "val_composite_macro_f1": 0.9008000552876745,
  "per_word_class_accuracy": {
    "Word Class Noun": 0.9989027066569129,
    "Word Class Adjective": 0.9816971713810316,
    "Word Class Pronoun": 0.9873817034700315,
    "Word Class Number": 0.9885714285714285,
    "Word Class Verbs": 0.996031746031746,
    "Word Class Participle": 0.9570552147239264,
    "Word Class Adverb": 0.9878640776699029,
    "Word Class Conjunctions": 0.9955022488755623,
    "Word Class Foreign words": 0.5454545454545454,
    "Word Class Unanalyzed word": 0.0,
    "Word Class Abbreviation": 1.0,
    "Word Class Web email or address": 0.0,
    "Word Class Punctuation": 1.0,
    "Word Class Symbol": 1.0,
    "Word Class R Article": 0.9914163090128756
  },
  "per_word_class_f1": {
    "Word Class Noun": 0.9983549625297021,
    "Word Class Adjective": 0.9664209664209664,
    "Word Class Pronoun": 0.9915522703273495,
    "Word Class Number": 0.991404011461318,
    "Word Class Verbs": 0.9972684380432084,
    "Word Class Participle": 0.9483282674772037,
    "Word Class Adverb": 0.9910714285714286,
    "Word Class Conjunctions": 0.995875515560555,
    "Word Class Foreign words": 0.7058823529411764,
    "Word Class Unanalyzed word": 0.0,
    "Word Class Abbreviation": 0.9523809523809523,
    "Word Class Web email or address": 0.0,
    "Word Class Punctuation": 1.0,
    "Word Class Symbol": 1.0,
    "Word Class R Article": 0.9726315789473685
  },
  "per_interval_accuracy": {
    "Subcategories": 0.9868061874431301,
    "Gender": 0.9851760345892526,
    "Number": 0.991415684562782,
    "Case": 0.9845583693638048,
    "Article": 0.9967081199707388,
    "Proper Noun": 0.9956108266276518,
    "Degree": 0.9908883826879271,
    "Declension": 0.9921465968586387,
    "Mood": 0.9910714285714286,
    "Voice": 0.9995039682539683,
    "Tense": 0.9925595238095238,
    "Person": 0.9868554095045501,
    "Definiteness": 0.9957081545064378
  },
  "per_interval_f1": {
    "Subcategories": 0.9767909596509292,
    "Gender": 0.9853120788687094,
    "Number": 0.9890099806484994,
    "Case": 0.9819173839801969,
    "Article": 0.9964862561148868,
    "Proper Noun": 0.9940387459707751,
    "Degree": 0.9918424096166474,
    "Declension": 0.9902251900447777,
    "Mood": 0.9395708511840571,
    "Voice": 0.9965155288842952,
    "Tense": 0.9935145036377055,
    "Person": 0.9646821851729475,
    "Definiteness": 0.9951971636468575
  },
  "learning_rate": 1.62e-05
}