{
  "epoch": 15,
  "mode": "multilabel",
  "fold": 2,
  "eval_decoder": "greedy",
  "mbr_threshold": 0.0,
  "train_loss": 0.017377340072817462,
  "val_loss": 0.24105620086193086,
  "train_composite_accuracy": 0.9962930139035803,
  "train_composite_micro_f1": 0.9962930139035803,
  "train_composite_macro_f1": 0.967027292602347,
  "val_composite_accuracy": 0.9782908059943297,
  "val_composite_micro_f1": 0.9782908059943297,
  "val_composite_macro_f1": 0.9057857738979005,
  "per_word_class_accuracy": {
    "Word Class Noun": 0.9978054133138259,
    "Word Class Adjective": 0.956738768718802,
    "Word Class Pronoun": 0.9905362776025236,
    "Word Class Number": 0.9885714285714285,
    "Word Class Verbs": 0.9975198412698413,
    "Word Class Participle": 0.9631901840490797,
    "Word Class Adverb": 0.9919093851132686,
    "Word Class Conjunctions": 0.9947526236881559,
    "Word Class Foreign words": 0.5454545454545454,
    "Word Class Unanalyzed word": 0.0,
    "Word Class Abbreviation": 0.95,
    "Word Class Web email or address": 0.0,
    "Word Class Punctuation": 1.0,
    "Word Class Symbol": 1.0,
    "Word Class R Article": 0.9828326180257511
  },
  "per_word_class_f1": {
    "Word Class Noun": 0.9974405850091409,
    "Word Class Adjective": 0.9688289806234205,
    "Word Class Pronoun": 0.9900157645822385,
    "Word Class Number": 0.9885714285714285,
    "Word Class Verbs": 0.9972725018596579,
    "Word Class Participle": 0.9486404833836858,
    "Word Class Adverb": 0.9911075181891673,
    "Word Class Conjunctions": 0.994007490636704,
    "Word Class Foreign words": 0.7058823529411764,
    "Word Class Unanalyzed word": 0.0,
    "Word Class Abbreviation": 0.9268292682926829,
    "Word Class Web email or address": 0.0,
    "Word Class Punctuation": 1.0,
    "Word Class Symbol": 1.0,
    "Word Class R Article": 0.9744680851063829
  },
  "per_interval_accuracy": {
    "Subcategories": 0.9887776766757659,
    "Gender": 0.9835289273213919,
    "Number": 0.9917066783064165,
    "Case": 0.9855878114062179,
    "Article": 0.9959765910753475,
    "Proper Noun": 0.9945135332845647,
    "Degree": 0.9899121379759193,
    "Declension": 0.9895287958115183,
    "Mood": 0.9925595238095238,
    "Voice": 0.9990079365079365,
    "Tense": 0.9935515873015873,
    "Person": 0.989551735760027,
    "Definiteness": 0.9957081545064378
  },
  "per_interval_f1": {
    "Subcategories": 0.9809103853979685,
    "Gender": 0.9835765575127108,
    "Number": 0.9893797389030424,
    "Case": 0.9863369870591846,
    "Article": 0.9957071062850196,
    "Proper Noun": 0.99256735999913,
    "Degree": 0.9899426798100139,
    "Declension": 0.9821110410825061,
    "Mood": 0.941646561045482,
    "Voice": 0.9930757341576508,
    "Tense": 0.9943744734300172,
    "Person": 0.9760476311477871,
    "Definiteness": 0.9951971636468575
  },
  "learning_rate": 1.7e-05
}