{
  "epoch": 21,
  "mode": "multilabel",
  "fold": 2,
  "eval_decoder": "greedy",
  "mbr_threshold": 0.0,
  "train_loss": 0.016567424404688363,
  "val_loss": 0.2501203313469887,
  "train_composite_accuracy": 0.9968834288001678,
  "train_composite_micro_f1": 0.9968834288001678,
  "train_composite_macro_f1": 0.9743522476927055,
  "val_composite_accuracy": 0.9787819889860706,
  "val_composite_micro_f1": 0.9787819889860706,
  "val_composite_macro_f1": 0.9084016297243637,
  "per_word_class_accuracy": {
    "Word Class Noun": 0.9981711777615215,
    "Word Class Adjective": 0.9750415973377704,
    "Word Class Pronoun": 0.9873817034700315,
    "Word Class Number": 0.9942857142857143,
    "Word Class Verbs": 0.998015873015873,
    "Word Class Participle": 0.950920245398773,
    "Word Class Adverb": 0.9906957928802589,
    "Word Class Conjunctions": 0.9940029985007496,
    "Word Class Foreign words": 0.5454545454545454,
    "Word Class Unanalyzed word": 0.0,
    "Word Class Abbreviation": 0.95,
    "Word Class Web email or address": 0.0,
    "Word Class Punctuation": 1.0,
    "Word Class Symbol": 1.0,
    "Word Class R Article": 0.9742489270386266
  },
  "per_word_class_f1": {
    "Word Class Noun": 0.9979886633753886,
    "Word Class Adjective": 0.9693961952026469,
    "Word Class Pronoun": 0.9889415481832542,
    "Word Class Number": 0.9858356940509916,
    "Word Class Verbs": 0.9985111662531018,
    "Word Class Participle": 0.9538461538461538,
    "Word Class Adverb": 0.9908962168723447,
    "Word Class Conjunctions": 0.994748687171793,
    "Word Class Foreign words": 0.7058823529411764,
    "Word Class Unanalyzed word": 0.0,
    "Word Class Abbreviation": 0.9500000000000001,
    "Word Class Web email or address": 0.0,
    "Word Class Punctuation": 1.0,
    "Word Class Symbol": 1.0,
    "Word Class R Article": 0.9680170575692963
  },
  "per_interval_accuracy": {
    "Subcategories": 0.9874127995147104,
    "Gender": 0.985999588223183,
    "Number": 0.9921431689218682,
    "Case": 0.9853819229977352,
    "Article": 0.9963423555230432,
    "Proper Noun": 0.9956108266276518,
    "Degree": 0.9928408721119427,
    "Declension": 0.9869109947643979,
    "Mood": 0.9935515873015873,
    "Voice": 0.9995039682539683,
    "Tense": 0.9940476190476191,
    "Person": 0.9888776541961577,
    "Definiteness": 0.9957081545064378
  },
  "per_interval_f1": {
    "Subcategories": 0.9777847233957055,
    "Gender": 0.9858983077083384,
    "Number": 0.9897923576380657,
    "Case": 0.9837106887724121,
    "Article": 0.9960981318414706,
    "Proper Noun": 0.9940387459707751,
    "Degree": 0.9944193534351478,
    "Declension": 0.9795106982435411,
    "Mood": 0.9507381295545182,
    "Voice": 0.9965155288842952,
    "Tense": 0.9948137926058213,
    "Person": 0.9715572439788738,
    "Definiteness": 0.9951971636468575
  },
  "learning_rate": 1.58e-05
}