{
  "epoch": 9,
  "mode": "multilabel",
  "fold": 2,
  "eval_decoder": "greedy",
  "mbr_threshold": 0.0,
  "train_loss": 0.04226290078744227,
  "val_loss": 0.23180018365383148,
  "train_composite_accuracy": 0.9910876838463079,
  "train_composite_micro_f1": 0.9910876838463079,
  "train_composite_macro_f1": 0.9179413880517208,
  "val_composite_accuracy": 0.976339032493315,
  "val_composite_micro_f1": 0.976339032493315,
  "val_composite_macro_f1": 0.9036852184867624,
  "per_word_class_accuracy": {
    "Word Class Noun": 0.9967081199707388,
    "Word Class Adjective": 0.9683860232945092,
    "Word Class Pronoun": 0.9894847528916929,
    "Word Class Number": 0.9828571428571429,
    "Word Class Verbs": 0.998015873015873,
    "Word Class Participle": 0.950920245398773,
    "Word Class Adverb": 0.9878640776699029,
    "Word Class Conjunctions": 0.9955022488755623,
    "Word Class Foreign words": 0.5454545454545454,
    "Word Class Unanalyzed word": 0.0,
    "Word Class Abbreviation": 0.95,
    "Word Class Web email or address": 0.0,
    "Word Class Punctuation": 1.0,
    "Word Class Symbol": 1.0,
    "Word Class R Article": 0.9570815450643777
  },
  "per_word_class_f1": {
    "Word Class Noun": 0.9965258731029439,
    "Word Class Adjective": 0.9627791563275433,
    "Word Class Pronoun": 0.9868904037755637,
    "Word Class Number": 0.98567335243553,
    "Word Class Verbs": 0.9975210708973723,
    "Word Class Participle": 0.9393939393939393,
    "Word Class Adverb": 0.9908703590992087,
    "Word Class Conjunctions": 0.995129261895841,
    "Word Class Foreign words": 0.7058823529411764,
    "Word Class Unanalyzed word": 0.0,
    "Word Class Abbreviation": 0.9268292682926829,
    "Word Class Web email or address": 0.0,
    "Word Class Punctuation": 1.0,
    "Word Class Symbol": 1.0,
    "Word Class R Article": 0.9570815450643777
  },
  "per_interval_accuracy": {
    "Subcategories": 0.9858962693357598,
    "Gender": 0.9835289273213919,
    "Number": 0.9922886657936855,
    "Case": 0.985999588223183,
    "Article": 0.9948792977322605,
    "Proper Noun": 0.9926847110460864,
    "Degree": 0.9899121379759193,
    "Declension": 0.9882198952879581,
    "Mood": 0.9930555555555556,
    "Voice": 0.9990079365079365,
    "Tense": 0.9940476190476191,
    "Person": 0.9892146949780923,
    "Definiteness": 0.9871244635193133
  },
  "per_interval_f1": {
    "Subcategories": 0.9765219040193942,
    "Gender": 0.9836294222856949,
    "Number": 0.9902384952135451,
    "Case": 0.9870584823655696,
    "Article": 0.9945395136292463,
    "Proper Noun": 0.9901148328126808,
    "Degree": 0.7910367663036538,
    "Declension": 0.9808856902029436,
    "Mood": 0.9410520766708247,
    "Voice": 0.9930757341576508,
    "Tense": 0.9948137926058213,
    "Person": 0.9685849445806229,
    "Definiteness": 0.985680044250507
  },
  "learning_rate": 1.8200000000000002e-05
}