{
  "epoch": 13,
  "mode": "multilabel",
  "fold": 2,
  "eval_decoder": "greedy",
  "mbr_threshold": 0.0,
  "train_loss": 0.026945773989648127,
  "val_loss": 0.23537839949131012,
  "train_composite_accuracy": 0.9942911603526329,
  "train_composite_micro_f1": 0.9942911603526329,
  "train_composite_macro_f1": 0.9512440735281509,
  "val_composite_accuracy": 0.9769156001943949,
  "val_composite_micro_f1": 0.9769156001943949,
  "val_composite_macro_f1": 0.8981138793845465,
  "per_word_class_accuracy": {
    "Word Class Noun": 0.9974396488661302,
    "Word Class Adjective": 0.9667221297836939,
    "Word Class Pronoun": 0.9863301787592008,
    "Word Class Number": 0.9942857142857143,
    "Word Class Verbs": 0.9975198412698413,
    "Word Class Participle": 0.950920245398773,
    "Word Class Adverb": 0.9927184466019418,
    "Word Class Conjunctions": 0.9947526236881559,
    "Word Class Foreign words": 0.5454545454545454,
    "Word Class Unanalyzed word": 0.0,
    "Word Class Abbreviation": 0.95,
    "Word Class Web email or address": 0.0,
    "Word Class Punctuation": 1.0,
    "Word Class Symbol": 1.0,
    "Word Class R Article": 0.9699570815450643
  },
  "per_word_class_f1": {
    "Word Class Noun": 0.9970749542961609,
    "Word Class Adjective": 0.9667221297836939,
    "Word Class Pronoun": 0.989451476793249,
    "Word Class Number": 0.9802816901408451,
    "Word Class Verbs": 0.9977673033986604,
    "Word Class Participle": 0.9451219512195123,
    "Word Class Adverb": 0.9917154980804203,
    "Word Class Conjunctions": 0.9954988747186796,
    "Word Class Foreign words": 0.7058823529411764,
    "Word Class Unanalyzed word": 0.0,
    "Word Class Abbreviation": 0.9268292682926829,
    "Word Class Web email or address": 0.0,
    "Word Class Punctuation": 1.0,
    "Word Class Symbol": 1.0,
    "Word Class R Article": 0.9720430107526882
  },
  "per_interval_accuracy": {
    "Subcategories": 0.9887776766757659,
    "Gender": 0.982911262095944,
    "Number": 0.9911246908191473,
    "Case": 0.9845583693638048,
    "Article": 0.9952450621799561,
    "Proper Noun": 0.9941477688368691,
    "Degree": 0.9925154572079401,
    "Declension": 0.9895287958115183,
    "Mood": 0.9915674603174603,
    "Voice": 0.9990079365079365,
    "Tense": 0.9925595238095238,
    "Person": 0.9871924502864846,
    "Definiteness": 0.9914163090128756
  },
  "per_interval_f1": {
    "Subcategories": 0.9809304950689922,
    "Gender": 0.9831891831851836,
    "Number": 0.9885557100920788,
    "Case": 0.9805449867331058,
    "Article": 0.9949265801550231,
    "Proper Noun": 0.9920758676258326,
    "Degree": 0.9919806404079571,
    "Declension": 0.9794195649676417,
    "Mood": 0.865526232397534,
    "Voice": 0.9930757341576508,
    "Tense": 0.9935090078038659,
    "Person": 0.965139676458934,
    "Definiteness": 0.9904241328291961
  },
  "learning_rate": 1.7400000000000003e-05
}