{
  "epoch": 7,
  "mode": "multilabel",
  "fold": 2,
  "eval_decoder": "greedy",
  "mbr_threshold": 0.0,
  "train_loss": 0.06143722976008877,
  "val_loss": 0.22403509616851808,
  "train_composite_accuracy": 0.9872703174315601,
  "train_composite_micro_f1": 0.9872703174315601,
  "train_composite_macro_f1": 0.8786808314130772,
  "val_composite_accuracy": 0.9749615104124463,
  "val_composite_micro_f1": 0.9749615104124463,
  "val_composite_macro_f1": 0.8833539844688396,
  "per_word_class_accuracy": {
    "Word Class Noun": 0.9970738844184345,
    "Word Class Adjective": 0.9750415973377704,
    "Word Class Pronoun": 0.9884332281808622,
    "Word Class Number": 0.9828571428571429,
    "Word Class Verbs": 0.9975198412698413,
    "Word Class Participle": 0.9325153374233128,
    "Word Class Adverb": 0.9874595469255664,
    "Word Class Conjunctions": 0.9947526236881559,
    "Word Class Foreign words": 0.5454545454545454,
    "Word Class Unanalyzed word": 0.0,
    "Word Class Abbreviation": 0.95,
    "Word Class Web email or address": 0.0,
    "Word Class Punctuation": 1.0,
    "Word Class Symbol": 1.0,
    "Word Class R Article": 0.9613733905579399
  },
  "per_word_class_f1": {
    "Word Class Noun": 0.9970738844184345,
    "Word Class Adjective": 0.9575163398692811,
    "Word Class Pronoun": 0.9879138202837624,
    "Word Class Number": 0.9828571428571429,
    "Word Class Verbs": 0.9972725018596579,
    "Word Class Participle": 0.9382716049382717,
    "Word Class Adverb": 0.9900628675725006,
    "Word Class Conjunctions": 0.9958724202626642,
    "Word Class Foreign words": 0.6666666666666665,
    "Word Class Unanalyzed word": 0.0,
    "Word Class Abbreviation": 0.9268292682926829,
    "Word Class Web email or address": 0.0,
    "Word Class Punctuation": 1.0,
    "Word Class Symbol": 1.0,
    "Word Class R Article": 0.9676025917926566
  },
  "per_interval_accuracy": {
    "Subcategories": 0.9868061874431301,
    "Gender": 0.9802347127856702,
    "Number": 0.9905427033318783,
    "Case": 0.9843524809553222,
    "Article": 0.9959765910753475,
    "Proper Noun": 0.9934162399414777,
    "Degree": 0.9905629677839245,
    "Declension": 0.9908376963350786,
    "Mood": 0.9930555555555556,
    "Voice": 0.9995039682539683,
    "Tense": 0.9925595238095238,
    "Person": 0.9882035726322885,
    "Definiteness": 0.9828326180257511
  },
  "per_interval_f1": {
    "Subcategories": 0.9774779099240535,
    "Gender": 0.9806040786862946,
    "Number": 0.9878541276547134,
    "Case": 0.9803273663201498,
    "Article": 0.9957087822139197,
    "Proper Noun": 0.9910763050985394,
    "Degree": 0.7893947262872837,
    "Declension": 0.9864036055923472,
    "Mood": 0.9418299236126172,
    "Voice": 0.9965155288842952,
    "Tense": 0.9935145036377055,
    "Person": 0.970007084688735,
    "Definiteness": 0.9809640522875818
  },
  "learning_rate": 1.86e-05
}