{
  "epoch": 8,
  "mode": "multilabel",
  "fold": 2,
  "eval_decoder": "greedy",
  "mbr_threshold": 0.0,
  "train_loss": 0.05255787714697648,
  "val_loss": 0.21898988038301467,
  "train_composite_accuracy": 0.9889022367141468,
  "train_composite_micro_f1": 0.9889022367141468,
  "train_composite_macro_f1": 0.8972780270370271,
  "val_composite_accuracy": 0.9760226812474686,
  "val_composite_micro_f1": 0.9760226812474686,
  "val_composite_macro_f1": 0.8850315475742188,
  "per_word_class_accuracy": {
    "Word Class Noun": 0.9967081199707388,
    "Word Class Adjective": 0.9700499168053245,
    "Word Class Pronoun": 0.9905362776025236,
    "Word Class Number": 0.9771428571428571,
    "Word Class Verbs": 0.998015873015873,
    "Word Class Participle": 0.9447852760736196,
    "Word Class Adverb": 0.9898867313915858,
    "Word Class Conjunctions": 0.9947526236881559,
    "Word Class Foreign words": 0.5454545454545454,
    "Word Class Unanalyzed word": 0.0,
    "Word Class Abbreviation": 0.95,
    "Word Class Web email or address": 0.0,
    "Word Class Punctuation": 1.0,
    "Word Class Symbol": 1.0,
    "Word Class R Article": 0.9742489270386266
  },
  "per_word_class_f1": {
    "Word Class Noun": 0.9968904335101518,
    "Word Class Adjective": 0.9652317880794703,
    "Word Class Pronoun": 0.9889763779527558,
    "Word Class Number": 0.9799426934097422,
    "Word Class Verbs": 0.9975210708973723,
    "Word Class Participle": 0.9390243902439024,
    "Word Class Adverb": 0.9914910858995138,
    "Word Class Conjunctions": 0.9951256092988376,
    "Word Class Foreign words": 0.7058823529411764,
    "Word Class Unanalyzed word": 0.0,
    "Word Class Abbreviation": 0.9268292682926829,
    "Word Class Web email or address": 0.0,
    "Word Class Punctuation": 1.0,
    "Word Class Symbol": 1.0,
    "Word Class R Article": 0.9700854700854702
  },
  "per_interval_accuracy": {
    "Subcategories": 0.986351228389445,
    "Gender": 0.983940704138357,
    "Number": 0.9912701876909646,
    "Case": 0.983940704138357,
    "Article": 0.9952450621799561,
    "Proper Noun": 0.9937820043891734,
    "Degree": 0.9918646273999349,
    "Declension": 0.9921465968586387,
    "Mood": 0.9935515873015873,
    "Voice": 0.9995039682539683,
    "Tense": 0.9935515873015873,
    "Person": 0.989551735760027,
    "Definiteness": 0.9914163090128756
  },
  "per_interval_f1": {
    "Subcategories": 0.9771781566212169,
    "Gender": 0.9844727805916187,
    "Number": 0.9889390439125626,
    "Case": 0.981632946389016,
    "Article": 0.9949305341110641,
    "Proper Noun": 0.9915763413323473,
    "Degree": 0.7914189253373703,
    "Declension": 0.9902049394691644,
    "Mood": 0.9416294438763675,
    "Voice": 0.9965155288842952,
    "Tense": 0.9943744734300172,
    "Person": 0.972027630218685,
    "Definiteness": 0.9904241328291961
  },
  "learning_rate": 1.8400000000000003e-05
}