{
  "epoch": 5,
  "mode": "multilabel",
  "fold": 2,
  "eval_decoder": "greedy",
  "mbr_threshold": 0.0,
  "train_loss": 0.10133471983055187,
  "val_loss": 0.1999101907014847,
  "train_composite_accuracy": 0.9808011444921316,
  "train_composite_micro_f1": 0.9808011444921316,
  "train_composite_macro_f1": 0.8444182580003317,
  "val_composite_accuracy": 0.9748784440842788,
  "val_composite_micro_f1": 0.9748784440842788,
  "val_composite_macro_f1": 0.8791539565316153,
  "per_word_class_accuracy": {
    "Word Class Noun": 0.9963423555230432,
    "Word Class Adjective": 0.9733777038269551,
    "Word Class Pronoun": 0.9884332281808622,
    "Word Class Number": 0.9885714285714285,
    "Word Class Verbs": 0.9970238095238095,
    "Word Class Participle": 0.950920245398773,
    "Word Class Adverb": 0.9882686084142395,
    "Word Class Conjunctions": 0.9962518740629686,
    "Word Class Foreign words": 0.8181818181818182,
    "Word Class Unanalyzed word": 0.0,
    "Word Class Abbreviation": 1.0,
    "Word Class Web email or address": 0.0,
    "Word Class Punctuation": 1.0,
    "Word Class Symbol": 1.0,
    "Word Class R Article": 0.9699570815450643
  },
  "per_word_class_f1": {
    "Word Class Noun": 0.9978021978021978,
    "Word Class Adjective": 0.962962962962963,
    "Word Class Pronoun": 0.9879138202837624,
    "Word Class Number": 0.9885714285714285,
    "Word Class Verbs": 0.9975186104218362,
    "Word Class Participle": 0.9422492401215805,
    "Word Class Adverb": 0.9906731549067316,
    "Word Class Conjunctions": 0.995132909022838,
    "Word Class Foreign words": 0.8571428571428572,
    "Word Class Unanalyzed word": 0.0,
    "Word Class Abbreviation": 0.975609756097561,
    "Word Class Web email or address": 0.0,
    "Word Class Punctuation": 1.0,
    "Word Class Symbol": 1.0,
    "Word Class R Article": 0.9658119658119658
  },
  "per_interval_accuracy": {
    "Subcategories": 0.9874127995147104,
    "Gender": 0.9802347127856702,
    "Number": 0.9905427033318783,
    "Case": 0.9822935968704962,
    "Article": 0.9948792977322605,
    "Proper Noun": 0.9926847110460864,
    "Degree": 0.9908883826879271,
    "Declension": 0.9895287958115183,
    "Mood": 0.9915674603174603,
    "Voice": 0.9995039682539683,
    "Tense": 0.9920634920634921,
    "Person": 0.9875294910684193,
    "Definiteness": 0.9957081545064378
  },
  "per_interval_f1": {
    "Subcategories": 0.9784039728927336,
    "Gender": 0.9806741534853006,
    "Number": 0.9870220020772745,
    "Case": 0.979597245006396,
    "Article": 0.9945416347943543,
    "Proper Noun": 0.9901148328126808,
    "Degree": 0.78945428940347,
    "Declension": 0.9903493963318271,
    "Mood": 0.9407445240061592,
    "Voice": 0.9965155288842952,
    "Tense": 0.9928119853974406,
    "Person": 0.9733708759604539,
    "Definiteness": 0.9951971636468575
  },
  "learning_rate": 1.9e-05
}