{
  "epoch": 2,
  "mode": "multilabel",
  "fold": 2,
  "eval_decoder": "greedy",
  "mbr_threshold": 0.0,
  "train_loss": 0.30186483663068936,
  "val_loss": 0.2572137087583542,
  "train_composite_accuracy": 0.9523777641747647,
  "train_composite_micro_f1": 0.9523777641747647,
  "train_composite_macro_f1": 0.6568163929632901,
  "val_composite_accuracy": 0.9680116911585613,
  "val_composite_micro_f1": 0.9680116911585613,
  "val_composite_macro_f1": 0.8388931947764566,
  "per_word_class_accuracy": {
    "Word Class Noun": 0.9967081199707388,
    "Word Class Adjective": 0.9683860232945092,
    "Word Class Pronoun": 0.9842271293375394,
    "Word Class Number": 0.9828571428571429,
    "Word Class Verbs": 0.9975198412698413,
    "Word Class Participle": 0.9263803680981595,
    "Word Class Adverb": 0.9846278317152104,
    "Word Class Conjunctions": 0.992503748125937,
    "Word Class Foreign words": 0.45454545454545453,
    "Word Class Unanalyzed word": 0.0,
    "Word Class Abbreviation": 0.95,
    "Word Class Web email or address": 0.0,
    "Word Class Punctuation": 1.0,
    "Word Class Symbol": 1.0,
    "Word Class R Article": 0.9785407725321889
  },
  "per_word_class_f1": {
    "Word Class Noun": 0.9967081199707388,
    "Word Class Adjective": 0.9517579721995094,
    "Word Class Pronoun": 0.9863013698630136,
    "Word Class Number": 0.9772727272727272,
    "Word Class Verbs": 0.9972725018596579,
    "Word Class Participle": 0.9263803680981595,
    "Word Class Adverb": 0.9884263959390863,
    "Word Class Conjunctions": 0.9943672549755914,
    "Word Class Foreign words": 0.625,
    "Word Class Unanalyzed word": 0.0,
    "Word Class Abbreviation": 0.9268292682926829,
    "Word Class Web email or address": 0.0,
    "Word Class Punctuation": 1.0,
    "Word Class Symbol": 1.0,
    "Word Class R Article": 0.96
  },
  "per_interval_accuracy": {
    "Subcategories": 0.9802851076736427,
    "Gender": 0.9748816141651225,
    "Number": 0.9889422377418885,
    "Case": 0.978793493926292,
    "Article": 0.9941477688368691,
    "Proper Noun": 0.993050475493782,
    "Degree": 0.9869834038398959,
    "Declension": 0.9895287958115183,
    "Mood": 0.9890873015873016,
    "Voice": 0.9985119047619048,
    "Tense": 0.9910714285714286,
    "Person": 0.9834850016852039,
    "Definiteness": 0.9914163090128756
  },
  "per_interval_f1": {
    "Subcategories": 0.9649790759023429,
    "Gender": 0.9748394573890071,
    "Number": 0.9847412138138325,
    "Case": 0.965777268281221,
    "Article": 0.9937570109463528,
    "Proper Noun": 0.990613820303066,
    "Degree": 0.7794611443000512,
    "Declension": 0.9877875096481151,
    "Mood": 0.7400387760384214,
    "Voice": 0.9894098179812465,
    "Tense": 0.9922402159244265,
    "Person": 0.9426956446795185,
    "Definiteness": 0.9904241328291961
  },
  "learning_rate": 1.9600000000000002e-05
}