{
  "epoch": 20,
  "mode": "multilabel",
  "fold": 2,
  "eval_decoder": "greedy",
  "mbr_threshold": 0.0,
  "train_loss": 0.01478456335313065,
  "val_loss": 0.2849219232797623,
  "train_composite_accuracy": 0.9970361193176404,
  "train_composite_micro_f1": 0.9970361193176404,
  "train_composite_macro_f1": 0.9747827883972483,
  "val_composite_accuracy": 0.97812525317994,
  "val_composite_micro_f1": 0.97812525317994,
  "val_composite_macro_f1": 0.9174072118858836,
  "per_word_class_accuracy": {
    "Word Class Noun": 0.9978054133138259,
    "Word Class Adjective": 0.961730449251248,
    "Word Class Pronoun": 0.9905362776025236,
    "Word Class Number": 0.9885714285714285,
    "Word Class Verbs": 0.998015873015873,
    "Word Class Participle": 0.9693251533742331,
    "Word Class Adverb": 0.9923139158576052,
    "Word Class Conjunctions": 0.9947526236881559,
    "Word Class Foreign words": 0.5454545454545454,
    "Word Class Unanalyzed word": 0.0,
    "Word Class Abbreviation": 0.95,
    "Word Class Web email or address": 0.0,
    "Word Class Punctuation": 1.0,
    "Word Class Symbol": 1.0,
    "Word Class R Article": 0.9699570815450643
  },
  "per_word_class_f1": {
    "Word Class Noun": 0.9974405850091409,
    "Word Class Adjective": 0.9689857502095557,
    "Word Class Pronoun": 0.9884575026232948,
    "Word Class Number": 0.9857549857549858,
    "Word Class Verbs": 0.9977684106124474,
    "Word Class Participle": 0.9575757575757576,
    "Word Class Adverb": 0.9915117219078414,
    "Word Class Conjunctions": 0.9966203529853549,
    "Word Class Foreign words": 0.7058823529411764,
    "Word Class Unanalyzed word": 0.0,
    "Word Class Abbreviation": 0.9268292682926829,
    "Word Class Web email or address": 0.0,
    "Word Class Punctuation": 1.0,
    "Word Class Symbol": 0.8571428571428571,
    "Word Class R Article": 0.9678800856531049
  },
  "per_interval_accuracy": {
    "Subcategories": 0.9898392478010313,
    "Gender": 0.9827053736874614,
    "Number": 0.9901062127164266,
    "Case": 0.9820877084620135,
    "Article": 0.9959765910753475,
    "Proper Noun": 0.9956108266276518,
    "Degree": 0.9928408721119427,
    "Declension": 0.9882198952879581,
    "Mood": 0.9935515873015873,
    "Voice": 0.9990079365079365,
    "Tense": 0.9945436507936508,
    "Person": 0.989551735760027,
    "Definiteness": 0.9957081545064378
  },
  "per_interval_f1": {
    "Subcategories": 0.9820751713233205,
    "Gender": 0.9823676651307869,
    "Number": 0.9868945914661197,
    "Case": 0.9822866630047477,
    "Article": 0.9957071062850196,
    "Proper Noun": 0.9940448185129036,
    "Degree": 0.9943610278703977,
    "Declension": 0.9810301478430606,
    "Mood": 0.9091669856548356,
    "Voice": 0.9930757341576508,
    "Tense": 0.9952439693343175,
    "Person": 0.9683601837872367,
    "Definiteness": 0.9951971636468575
  },
  "learning_rate": 1.6000000000000003e-05
}