{
  "epoch": 4,
  "mode": "multilabel",
  "fold": 2,
  "eval_decoder": "greedy",
  "mbr_threshold": 0.0,
  "train_loss": 0.12958766496164137,
  "val_loss": 0.2073247879743576,
  "train_composite_accuracy": 0.976465537801097,
  "train_composite_micro_f1": 0.976465537801097,
  "train_composite_macro_f1": 0.802840093407257,
  "val_composite_accuracy": 0.9740764744005185,
  "val_composite_micro_f1": 0.9740764744005185,
  "val_composite_macro_f1": 0.8691320100503819,
  "per_word_class_accuracy": {
    "Word Class Noun": 0.9967081199707388,
    "Word Class Adjective": 0.9683860232945092,
    "Word Class Pronoun": 0.9810725552050473,
    "Word Class Number": 0.9885714285714285,
    "Word Class Verbs": 0.9970238095238095,
    "Word Class Participle": 0.9325153374233128,
    "Word Class Adverb": 0.9890776699029126,
    "Word Class Conjunctions": 0.9947526236881559,
    "Word Class Foreign words": 0.5454545454545454,
    "Word Class Unanalyzed word": 0.0,
    "Word Class Abbreviation": 0.95,
    "Word Class Web email or address": 0.0,
    "Word Class Punctuation": 1.0,
    "Word Class Symbol": 1.0,
    "Word Class R Article": 0.9742489270386266
  },
  "per_word_class_f1": {
    "Word Class Noun": 0.9968904335101518,
    "Word Class Adjective": 0.9603960396039605,
    "Word Class Pronoun": 0.9841772151898733,
    "Word Class Number": 0.991404011461318,
    "Word Class Verbs": 0.9972711485983626,
    "Word Class Participle": 0.9240121580547112,
    "Word Class Adverb": 0.9904800486125177,
    "Word Class Conjunctions": 0.9951256092988376,
    "Word Class Foreign words": 0.6666666666666665,
    "Word Class Unanalyzed word": 0.0,
    "Word Class Abbreviation": 0.9268292682926829,
    "Word Class Web email or address": 0.0,
    "Word Class Punctuation": 1.0,
    "Word Class Symbol": 1.0,
    "Word Class R Article": 0.9598308668076111
  },
  "per_interval_accuracy": {
    "Subcategories": 0.9845313921747043,
    "Gender": 0.9802347127856702,
    "Number": 0.9901062127164266,
    "Case": 0.9855878114062179,
    "Article": 0.9948792977322605,
    "Proper Noun": 0.9934162399414777,
    "Degree": 0.9918646273999349,
    "Declension": 0.9908376963350786,
    "Mood": 0.9935515873015873,
    "Voice": 0.9995039682539683,
    "Tense": 0.9930555555555556,
    "Person": 0.9858442871587462,
    "Definiteness": 0.9914163090128756
  },
  "per_interval_f1": {
    "Subcategories": 0.9749578552965593,
    "Gender": 0.9807598373653871,
    "Number": 0.9874716675024467,
    "Case": 0.9812239170634285,
    "Article": 0.9945395136292463,
    "Proper Noun": 0.9910853510790616,
    "Degree": 0.7879090035158537,
    "Declension": 0.9862403430121441,
    "Mood": 0.9693857084359707,
    "Voice": 0.9965155288842952,
    "Tense": 0.9939494247067914,
    "Person": 0.9703248879385837,
    "Definiteness": 0.9904241328291961
  },
  "learning_rate": 1.9200000000000003e-05
}