{
  "epoch": 10,
  "mode": "multilabel",
  "fold": 2,
  "eval_decoder": "greedy",
  "mbr_threshold": 0.0,
  "train_loss": 0.03782723144373248,
  "val_loss": 0.23780310302972793,
  "train_composite_accuracy": 0.9922692696318609,
  "train_composite_micro_f1": 0.9922692696318609,
  "train_composite_macro_f1": 0.9148923820194099,
  "val_composite_accuracy": 0.9750465851089687,
  "val_composite_micro_f1": 0.9750465851089687,
  "val_composite_macro_f1": 0.8885623652735695,
  "per_word_class_accuracy": {
    "Word Class Noun": 0.9978054133138259,
    "Word Class Adjective": 0.9767054908485857,
    "Word Class Pronoun": 0.9894847528916929,
    "Word Class Number": 0.9828571428571429,
    "Word Class Verbs": 0.998015873015873,
    "Word Class Participle": 0.9631901840490797,
    "Word Class Adverb": 0.9894822006472492,
    "Word Class Conjunctions": 0.9940029985007496,
    "Word Class Foreign words": 0.5454545454545454,
    "Word Class Unanalyzed word": 0.0,
    "Word Class Abbreviation": 0.95,
    "Word Class Web email or address": 0.0,
    "Word Class Punctuation": 1.0,
    "Word Class Symbol": 1.0,
    "Word Class R Article": 0.944206008583691
  },
  "per_word_class_f1": {
    "Word Class Noun": 0.9976229658072774,
    "Word Class Adjective": 0.9678483099752679,
    "Word Class Pronoun": 0.9858564693556836,
    "Word Class Number": 0.9885057471264367,
    "Word Class Verbs": 0.9977684106124474,
    "Word Class Participle": 0.9573170731707318,
    "Word Class Adverb": 0.9910858995137763,
    "Word Class Conjunctions": 0.9951219512195122,
    "Word Class Foreign words": 0.7058823529411764,
    "Word Class Unanalyzed word": 0.0,
    "Word Class Abbreviation": 0.9500000000000001,
    "Word Class Web email or address": 0.0,
    "Word Class Punctuation": 1.0,
    "Word Class Symbol": 1.0,
    "Word Class R Article": 0.9523809523809524
  },
  "per_interval_accuracy": {
    "Subcategories": 0.9861995753715499,
    "Gender": 0.9820877084620135,
    "Number": 0.9915611814345991,
    "Case": 0.9847642577722874,
    "Article": 0.9959765910753475,
    "Proper Noun": 0.9945135332845647,
    "Degree": 0.9912137975919297,
    "Declension": 0.9908376963350786,
    "Mood": 0.9925595238095238,
    "Voice": 0.9990079365079365,
    "Tense": 0.9935515873015873,
    "Person": 0.9885406134142232,
    "Definiteness": 1.0
  },
  "per_interval_f1": {
    "Subcategories": 0.9761630834776232,
    "Gender": 0.9824676614842709,
    "Number": 0.9892732971982704,
    "Case": 0.9839433421355878,
    "Article": 0.9957071062850196,
    "Proper Noun": 0.9925522310889596,
    "Degree": 0.7920316271514765,
    "Declension": 0.9862600204930384,
    "Mood": 0.8913107133239513,
    "Voice": 0.9930757341576508,
    "Tense": 0.994398040400808,
    "Person": 0.9640997994881721,
    "Definiteness": 1.0
  },
  "learning_rate": 1.8e-05
}