{
  "epoch": 12,
  "mode": "multilabel",
  "fold": 2,
  "eval_decoder": "greedy",
  "mbr_threshold": 0.0,
  "train_loss": 0.029225102579017784,
  "val_loss": 0.2312495969235897,
  "train_composite_accuracy": 0.9940234486702888,
  "train_composite_micro_f1": 0.9940234486702888,
  "train_composite_macro_f1": 0.9459760320809911,
  "val_composite_accuracy": 0.977797585284823,
  "val_composite_micro_f1": 0.977797585284823,
  "val_composite_macro_f1": 0.9036676975584481,
  "per_word_class_accuracy": {
    "Word Class Noun": 0.9963423555230432,
    "Word Class Adjective": 0.9650582362728786,
    "Word Class Pronoun": 0.9884332281808622,
    "Word Class Number": 0.9828571428571429,
    "Word Class Verbs": 0.998015873015873,
    "Word Class Participle": 0.9325153374233128,
    "Word Class Adverb": 0.9943365695792881,
    "Word Class Conjunctions": 0.9940029985007496,
    "Word Class Foreign words": 0.5454545454545454,
    "Word Class Unanalyzed word": 0.0,
    "Word Class Abbreviation": 0.95,
    "Word Class Web email or address": 0.0,
    "Word Class Punctuation": 1.0,
    "Word Class Symbol": 1.0,
    "Word Class R Article": 0.9699570815450643
  },
  "per_word_class_f1": {
    "Word Class Noun": 0.9970717423133235,
    "Word Class Adjective": 0.963455149501661,
    "Word Class Pronoun": 0.9884332281808622,
    "Word Class Number": 0.98567335243553,
    "Word Class Verbs": 0.9977684106124474,
    "Word Class Participle": 0.9411764705882352,
    "Word Class Adverb": 0.9919289749798224,
    "Word Class Conjunctions": 0.9958693203154337,
    "Word Class Foreign words": 0.7058823529411764,
    "Word Class Unanalyzed word": 0.0,
    "Word Class Abbreviation": 0.9268292682926829,
    "Word Class Web email or address": 0.0,
    "Word Class Punctuation": 1.0,
    "Word Class Symbol": 1.0,
    "Word Class R Article": 0.9658119658119658
  },
  "per_interval_accuracy": {
    "Subcategories": 0.9886260236578708,
    "Gender": 0.9827053736874614,
    "Number": 0.9917066783064165,
    "Case": 0.9849701461807701,
    "Article": 0.9948792977322605,
    "Proper Noun": 0.9934162399414777,
    "Degree": 0.9931662870159453,
    "Declension": 0.9921465968586387,
    "Mood": 0.9930555555555556,
    "Voice": 0.9995039682539683,
    "Tense": 0.9935515873015873,
    "Person": 0.9882035726322885,
    "Definiteness": 0.9871244635193133
  },
  "per_interval_f1": {
    "Subcategories": 0.9811293717082652,
    "Gender": 0.983113849027816,
    "Number": 0.9890625205867098,
    "Case": 0.9841970299600422,
    "Article": 0.9945373845780587,
    "Proper Noun": 0.9910853510790616,
    "Degree": 0.9934235170491494,
    "Declension": 0.9876001339987218,
    "Mood": 0.9088032661577324,
    "Voice": 0.9965155288842952,
    "Tense": 0.9943839746057983,
    "Person": 0.9666872264075033,
    "Definiteness": 0.985680044250507
  },
  "learning_rate": 1.76e-05
}