{
  "model": "tnt",
  "fold": 3,
  "ood_data_path": "data/OOD-BRAGD.json",
  "num_sentences": 500,
  "composite_accuracy": 0.7496407308560871,
  "composite_micro_f1": 0.9010487353485501,
  "composite_macro_f1": 0.6303777957645224,
  "word_class_accuracy": 0.9797655768044417,
  "word_class_macro_f1": 0.893593582919064,
  "per_word_class_accuracy": {
    "Word Class Noun": 0.9900166389351082,
    "Word Class Adjective": 0.9214285714285714,
    "Word Class Pronoun": 0.9775910364145658,
    "Word Class Number": 0.9859154929577465,
    "Word Class Verbs": 0.9905882352941177,
    "Word Class Participle": 0.8673469387755102,
    "Word Class Adverb": 0.9752670039347948,
    "Word Class Conjunctions": 0.9872881355932204,
    "Word Class Foreign words": 0.0,
    "Word Class Unanalyzed word": 0.0,
    "Word Class Abbreviation": 1.0,
    "Word Class Web email or address": 0.0,
    "Word Class Punctuation": 1.0,
    "Word Class Symbol": 1.0,
    "Word Class R Article": 0.8734177215189873
  },
  "per_word_class_f1": {
    "Word Class Noun": 0.9900166389351082,
    "Word Class Adjective": 0.9416058394160584,
    "Word Class Pronoun": 0.9721448467966574,
    "Word Class Number": 0.9893992932862191,
    "Word Class Verbs": 0.9840280483054148,
    "Word Class Participle": 0.8854166666666667,
    "Word Class Adverb": 0.9774647887323944,
    "Word Class Conjunctions": 0.9805365597054181,
    "Word Class Foreign words": 0.0,
    "Word Class Unanalyzed word": 0.0,
    "Word Class Abbreviation": 1.0,
    "Word Class Web email or address": 0.0,
    "Word Class Punctuation": 1.0,
    "Word Class Symbol": 1.0,
    "Word Class R Article": 0.896103896103896
  }
}