{
  "model": "tnt",
  "fold": 3,
  "val_composite_accuracy": 0.8529158782040255,
  "val_composite_micro_f1": 0.9230196406962673,
  "val_composite_macro_f1": 0.7111251230727424,
  "per_word_class_accuracy": {
    "Word Class Noun": 0.9969135802469136,
    "Word Class Adjective": 0.9422680412371134,
    "Word Class Pronoun": 0.9775641025641025,
    "Word Class Number": 0.9496402877697842,
    "Word Class Verbs": 0.9889135254988913,
    "Word Class Participle": 0.9212598425196851,
    "Word Class Adverb": 0.9804941482444733,
    "Word Class Conjunctions": 0.9895076674737692,
    "Word Class Foreign words": 1.0,
    "Word Class Unanalyzed word": 0.0,
    "Word Class Abbreviation": 1.0,
    "Word Class Web email or address": 0.0,
    "Word Class Punctuation": 1.0,
    "Word Class Symbol": 1.0,
    "Word Class R Article": 0.8530805687203792
  },
  "per_word_class_f1": {
    "Word Class Noun": 0.9969135802469136,
    "Word Class Adjective": 0.9501039501039501,
    "Word Class Pronoun": 0.9718534253850238,
    "Word Class Number": 0.9705882352941175,
    "Word Class Verbs": 0.9883656509695291,
    "Word Class Participle": 0.9,
    "Word Class Adverb": 0.9807066984608714,
    "Word Class Conjunctions": 0.9871175523349436,
    "Word Class Foreign words": 1.0,
    "Word Class Unanalyzed word": 0.0,
    "Word Class Abbreviation": 1.0,
    "Word Class Web email or address": 0.0,
    "Word Class Punctuation": 1.0,
    "Word Class Symbol": 1.0,
    "Word Class R Article": 0.8737864077669902
  },
  "per_interval_accuracy": {
    "Subcategories": 0.9671758206044849,
    "Gender": 0.950546590317543,
    "Number": 0.965285157633723,
    "Case": 0.9018740239458616,
    "Article": 0.9969135802469136,
    "Proper Noun": 0.9881687242798354,
    "Degree": 0.9752865329512894,
    "Declension": 0.9313725490196079,
    "Mood": 0.9578713968957872,
    "Voice": 0.988359201773836,
    "Tense": 0.9578713968957872,
    "Person": 0.9543795620437956,
    "Definiteness": 0.8530805687203792
  },
  "per_interval_f1": {
    "Subcategories": 0.9065657762210381,
    "Gender": 0.7678915564755949,
    "Number": 0.7194755196479519,
    "Case": 0.7703893698768075,
    "Article": 0.6658944658944659,
    "Proper Noun": 0.6587556431215956,
    "Degree": 0.770481607724123,
    "Declension": 0.7187489174021116,
    "Mood": 0.7003460072182699,
    "Voice": 0.662450171723226,
    "Tense": 0.7247798175182386,
    "Person": 0.7511338983274258,
    "Definiteness": 0.6017806029515631
  }
}