{
  "epoch": 9,
  "mode": "singlelabel",
  "fold": 3,
  "eval_decoder": "greedy",
  "mbr_threshold": 0.0,
  "train_loss": 0.06711451861644069,
  "val_loss": 0.17897871360182763,
  "train_composite_accuracy": 0.9869512968272443,
  "train_composite_micro_f1": 0.9869512968272443,
  "train_composite_macro_f1": 0.7260527231827718,
  "val_composite_accuracy": 0.9702391192155514,
  "val_composite_micro_f1": 0.9702391192155514,
  "val_composite_macro_f1": 0.8064022975429554,
  "per_word_class_accuracy": {
    "Word Class Noun": 0.9967715899919289,
    "Word Class Adjective": 0.9594813614262561,
    "Word Class Pronoun": 0.988272921108742,
    "Word Class Number": 0.9615384615384616,
    "Word Class Verbs": 0.9978925184404637,
    "Word Class Participle": 0.9216867469879518,
    "Word Class Adverb": 0.9893344709897611,
    "Word Class Conjunctions": 0.9975786924939467,
    "Word Class Foreign words": 0.8484848484848485,
    "Word Class Unanalyzed word": 0.0,
    "Word Class Abbreviation": 1.0,
    "Word Class Web email or address": 1.0,
    "Word Class Punctuation": 1.0,
    "Word Class Symbol": 1.0,
    "Word Class R Article": 0.957345971563981
  },
  "per_word_class_f1": {
    "Word Class Noun": 0.9959677419354838,
    "Word Class Adjective": 0.9548387096774195,
    "Word Class Pronoun": 0.9866950505588079,
    "Word Class Number": 0.9803921568627451,
    "Word Class Verbs": 0.9978925184404637,
    "Word Class Participle": 0.9444444444444444,
    "Word Class Adverb": 0.9901793339026473,
    "Word Class Conjunctions": 0.9963724304715841,
    "Word Class Foreign words": 0.888888888888889,
    "Word Class Unanalyzed word": 0.0,
    "Word Class Abbreviation": 0.9824561403508771,
    "Word Class Web email or address": 1.0,
    "Word Class Punctuation": 1.0,
    "Word Class Symbol": 1.0,
    "Word Class R Article": 0.948356807511737
  },
  "per_interval_accuracy": {
    "Subcategories": 0.9864864864864865,
    "Gender": 0.9785370127025843,
    "Number": 0.9887066831683168,
    "Case": 0.9748138414367061,
    "Article": 0.9947538337368845,
    "Proper Noun": 0.9939467312348669,
    "Degree": 0.983451536643026,
    "Declension": 0.9642401021711366,
    "Mood": 0.9910432033719705,
    "Voice": 0.9963119072708114,
    "Tense": 0.9915700737618546,
    "Person": 0.9890691114245416,
    "Definiteness": 0.957345971563981
  },
  "per_interval_f1": {
    "Subcategories": 0.8919903191139429,
    "Gender": 0.785478734172503,
    "Number": 0.7414868600830768,
    "Case": 0.8091566052537953,
    "Article": 0.6642822756491943,
    "Proper Noun": 0.6631091597263058,
    "Degree": 0.7794340551560193,
    "Declension": 0.7364452078499738,
    "Mood": 0.6274350876333395,
    "Voice": 0.4953476592910808,
    "Tense": 0.7442065942788312,
    "Person": 0.7893176388113787,
    "Definiteness": 0.6498370804822419
  },
  "learning_rate": 1.8200000000000002e-05
}