{
  "epoch": 13,
  "mode": "singlelabel",
  "fold": 3,
  "eval_decoder": "greedy",
  "mbr_threshold": 0.0,
  "train_loss": 0.03659484930013834,
  "val_loss": 0.19939301311969757,
  "train_composite_accuracy": 0.992297574776923,
  "train_composite_micro_f1": 0.992297574776923,
  "train_composite_macro_f1": 0.8207789070906271,
  "val_composite_accuracy": 0.9710132461723723,
  "val_composite_micro_f1": 0.9710132461723723,
  "val_composite_macro_f1": 0.8280581263007889,
  "per_word_class_accuracy": {
    "Word Class Noun": 0.9947538337368845,
    "Word Class Adjective": 0.9740680713128039,
    "Word Class Pronoun": 0.988272921108742,
    "Word Class Number": 0.9743589743589743,
    "Word Class Verbs": 0.9984193888303478,
    "Word Class Participle": 0.9397590361445783,
    "Word Class Adverb": 0.9880546075085325,
    "Word Class Conjunctions": 0.9975786924939467,
    "Word Class Foreign words": 0.8484848484848485,
    "Word Class Unanalyzed word": 0.0,
    "Word Class Abbreviation": 0.9642857142857143,
    "Word Class Web email or address": 1.0,
    "Word Class Punctuation": 1.0,
    "Word Class Symbol": 1.0,
    "Word Class R Article": 0.9620853080568721
  },
  "per_word_class_f1": {
    "Word Class Noun": 0.9949545913218971,
    "Word Class Adjective": 0.9670152855993565,
    "Word Class Pronoun": 0.9872204472843451,
    "Word Class Number": 0.9838187702265372,
    "Word Class Verbs": 0.997630955514609,
    "Word Class Participle": 0.9541284403669725,
    "Word Class Adverb": 0.990590248075278,
    "Word Class Conjunctions": 0.9939686369119421,
    "Word Class Foreign words": 0.888888888888889,
    "Word Class Unanalyzed word": 0.0,
    "Word Class Abbreviation": 0.9818181818181818,
    "Word Class Web email or address": 1.0,
    "Word Class Punctuation": 1.0,
    "Word Class Symbol": 1.0,
    "Word Class R Article": 0.9575471698113208
  },
  "per_interval_accuracy": {
    "Subcategories": 0.9864864864864865,
    "Gender": 0.9798510731493649,
    "Number": 0.989634900990099,
    "Case": 0.9743758212877792,
    "Article": 0.9911218724778047,
    "Proper Noun": 0.9923325262308313,
    "Degree": 0.983789260385005,
    "Declension": 0.9731800766283525,
    "Mood": 0.9920969441517387,
    "Voice": 0.9973656480505796,
    "Tense": 0.9931506849315068,
    "Person": 0.9904795486600846,
    "Definiteness": 0.9620853080568721
  },
  "per_interval_f1": {
    "Subcategories": 0.8980314956073702,
    "Gender": 0.786043410490205,
    "Number": 0.7420749738404443,
    "Case": 0.8071713000860689,
    "Article": 0.6625043340409511,
    "Proper Noun": 0.6630091341241472,
    "Degree": 0.7815343099626682,
    "Declension": 0.7403640446259658,
    "Mood": 0.6281323408846716,
    "Voice": 0.4969143095204044,
    "Tense": 0.7454918974392688,
    "Person": 0.7920407829038685,
    "Definiteness": 0.6519303018525716
  },
  "learning_rate": 1.7400000000000003e-05
}