{
  "epoch": 11,
  "mode": "singlelabel",
  "fold": 3,
  "eval_decoder": "greedy",
  "mbr_threshold": 0.0,
  "train_loss": 0.04446281122756794,
  "val_loss": 0.1921272337436676,
  "train_composite_accuracy": 0.990613260661803,
  "train_composite_micro_f1": 0.990613260661803,
  "train_composite_macro_f1": 0.7764292206489435,
  "val_composite_accuracy": 0.9716153449165663,
  "val_composite_micro_f1": 0.9716153449165663,
  "val_composite_macro_f1": 0.8389952140420209,
  "per_word_class_accuracy": {
    "Word Class Noun": 0.9979822437449556,
    "Word Class Adjective": 0.9708265802269044,
    "Word Class Pronoun": 0.9893390191897654,
    "Word Class Number": 0.9743589743589743,
    "Word Class Verbs": 0.9978925184404637,
    "Word Class Participle": 0.9397590361445783,
    "Word Class Adverb": 0.9872013651877133,
    "Word Class Conjunctions": 0.9967715899919289,
    "Word Class Foreign words": 0.8484848484848485,
    "Word Class Unanalyzed word": 0.0,
    "Word Class Abbreviation": 1.0,
    "Word Class Web email or address": 1.0,
    "Word Class Punctuation": 1.0,
    "Word Class Symbol": 1.0,
    "Word Class R Article": 0.9620853080568721
  },
  "per_word_class_f1": {
    "Word Class Noun": 0.995972613773661,
    "Word Class Adjective": 0.9653505237711523,
    "Word Class Pronoun": 0.9856611789697293,
    "Word Class Number": 0.9870129870129869,
    "Word Class Verbs": 0.9978925184404637,
    "Word Class Participle": 0.9541284403669725,
    "Word Class Adverb": 0.990794262470563,
    "Word Class Conjunctions": 0.9959677419354838,
    "Word Class Foreign words": 0.9032258064516129,
    "Word Class Unanalyzed word": 0.0,
    "Word Class Abbreviation": 0.9655172413793104,
    "Word Class Web email or address": 1.0,
    "Word Class Punctuation": 1.0,
    "Word Class Symbol": 1.0,
    "Word Class R Article": 0.9575471698113208
  },
  "per_interval_accuracy": {
    "Subcategories": 0.9858429858429858,
    "Gender": 0.9824791940429259,
    "Number": 0.9888613861386139,
    "Case": 0.977879982479194,
    "Article": 0.9955609362389023,
    "Proper Noun": 0.9939467312348669,
    "Degree": 0.9831138129010469,
    "Declension": 0.9706257982120051,
    "Mood": 0.9905163329820864,
    "Voice": 0.9963119072708114,
    "Tense": 0.9910432033719705,
    "Person": 0.9887165021156559,
    "Definiteness": 0.9620853080568721
  },
  "per_interval_f1": {
    "Subcategories": 0.8954508384461807,
    "Gender": 0.7876244564208779,
    "Number": 0.7408526846836583,
    "Case": 0.8101454968298332,
    "Article": 0.6643082147360347,
    "Proper Noun": 0.6626734197814422,
    "Degree": 0.7793106290972766,
    "Declension": 0.7400875379628922,
    "Mood": 0.5772476680497555,
    "Voice": 0.4953476592910808,
    "Tense": 0.744045883156508,
    "Person": 0.7852016082431656,
    "Definiteness": 0.6519303018525716
  },
  "learning_rate": 1.7800000000000002e-05
}