{
  "epoch": 2,
  "mode": "singlelabel",
  "fold": 3,
  "eval_decoder": "greedy",
  "mbr_threshold": 0.0,
  "train_loss": 0.5912724730858289,
  "val_loss": 0.37047581374645233,
  "train_composite_accuracy": 0.9121128679705908,
  "train_composite_micro_f1": 0.9121128679705908,
  "train_composite_macro_f1": 0.321734942144814,
  "val_composite_accuracy": 0.9372957164975055,
  "val_composite_micro_f1": 0.9372957164975055,
  "val_composite_macro_f1": 0.4860084955694763,
  "per_word_class_accuracy": {
    "Word Class Noun": 0.9967715899919289,
    "Word Class Adjective": 0.893030794165316,
    "Word Class Pronoun": 0.9722814498933902,
    "Word Class Number": 0.9166666666666666,
    "Word Class Verbs": 0.9973656480505796,
    "Word Class Participle": 0.9156626506024096,
    "Word Class Adverb": 0.9850682593856656,
    "Word Class Conjunctions": 0.9991928974979822,
    "Word Class Foreign words": 0.6666666666666666,
    "Word Class Unanalyzed word": 0.0,
    "Word Class Abbreviation": 0.8214285714285714,
    "Word Class Web email or address": 0.0,
    "Word Class Punctuation": 1.0,
    "Word Class Symbol": 0.0,
    "Word Class R Article": 0.6587677725118484
  },
  "per_word_class_f1": {
    "Word Class Noun": 0.9931644551668677,
    "Word Class Adjective": 0.9099917423616847,
    "Word Class Pronoun": 0.9392378990731204,
    "Word Class Number": 0.9407894736842106,
    "Word Class Verbs": 0.9971029760337109,
    "Word Class Participle": 0.9268292682926829,
    "Word Class Adverb": 0.9829714772243509,
    "Word Class Conjunctions": 0.9935794542536115,
    "Word Class Foreign words": 0.7857142857142856,
    "Word Class Unanalyzed word": 0.0,
    "Word Class Abbreviation": 0.8679245283018867,
    "Word Class Web email or address": 0.0,
    "Word Class Punctuation": 0.9993386243386244,
    "Word Class Symbol": 0.0,
    "Word Class R Article": 0.7595628415300546
  },
  "per_interval_accuracy": {
    "Subcategories": 0.9771557271557272,
    "Gender": 0.9452474813841437,
    "Number": 0.9750928217821783,
    "Case": 0.9461235216819974,
    "Article": 0.9923325262308313,
    "Proper Noun": 0.9919289749798225,
    "Degree": 0.9675785207700102,
    "Declension": 0.909323116219668,
    "Mood": 0.9899894625922023,
    "Voice": 0.9926238145416227,
    "Tense": 0.9884088514225501,
    "Person": 0.978490832157969,
    "Definiteness": 0.6350710900473934
  },
  "per_interval_f1": {
    "Subcategories": 0.8759578002133503,
    "Gender": 0.7609322935756757,
    "Number": 0.7301041031666289,
    "Case": 0.7727324660824962,
    "Article": 0.6625307960241271,
    "Proper Noun": 0.6616803316946789,
    "Degree": 0.7447143323481464,
    "Declension": 0.720044197543721,
    "Mood": 0.4947924008100877,
    "Voice": 0.48624382533096233,
    "Tense": 0.7418638639029665,
    "Person": 0.7737669511181987,
    "Definiteness": 0.4089232296403611
  },
  "learning_rate": 1.9600000000000002e-05
}