{
  "epoch": 6,
  "mode": "singlelabel",
  "fold": 3,
  "eval_decoder": "greedy",
  "mbr_threshold": 0.0,
  "train_loss": 0.1210076508574524,
  "val_loss": 0.20166686773300171,
  "train_composite_accuracy": 0.9788041369782647,
  "train_composite_micro_f1": 0.9788041369782647,
  "train_composite_macro_f1": 0.6304286683873479,
  "val_composite_accuracy": 0.9656803715809392,
  "val_composite_micro_f1": 0.9656803715809392,
  "val_composite_macro_f1": 0.7532245732993325,
  "per_word_class_accuracy": {
    "Word Class Noun": 0.9983857949959645,
    "Word Class Adjective": 0.9497568881685575,
    "Word Class Pronoun": 0.990405117270789,
    "Word Class Number": 0.9487179487179487,
    "Word Class Verbs": 0.9973656480505796,
    "Word Class Participle": 0.8975903614457831,
    "Word Class Adverb": 0.9901877133105802,
    "Word Class Conjunctions": 0.9975786924939467,
    "Word Class Foreign words": 0.8484848484848485,
    "Word Class Unanalyzed word": 0.0,
    "Word Class Abbreviation": 1.0,
    "Word Class Web email or address": 0.0,
    "Word Class Punctuation": 1.0,
    "Word Class Symbol": 1.0,
    "Word Class R Article": 0.957345971563981
  },
  "per_word_class_f1": {
    "Word Class Noun": 0.9961747533722569,
    "Word Class Adjective": 0.9520714865962632,
    "Word Class Pronoun": 0.9867233138608604,
    "Word Class Number": 0.9704918032786884,
    "Word Class Verbs": 0.9978914074855035,
    "Word Class Participle": 0.9371069182389937,
    "Word Class Adverb": 0.9901877133105802,
    "Word Class Conjunctions": 0.9951690821256038,
    "Word Class Foreign words": 0.9032258064516129,
    "Word Class Unanalyzed word": 0.0,
    "Word Class Abbreviation": 0.9655172413793104,
    "Word Class Web email or address": 0.0,
    "Word Class Punctuation": 1.0,
    "Word Class Symbol": 1.0,
    "Word Class R Article": 0.9461358313817331
  },
  "per_interval_accuracy": {
    "Subcategories": 0.9855212355212355,
    "Gender": 0.9752518615856329,
    "Number": 0.9871596534653465,
    "Case": 0.9689005694261936,
    "Article": 0.9955609362389023,
    "Proper Noun": 0.9955609362389023,
    "Degree": 0.9824383654170888,
    "Declension": 0.9540229885057471,
    "Mood": 0.9899894625922023,
    "Voice": 0.9947312961011591,
    "Tense": 0.9899894625922023,
    "Person": 0.9883638928067701,
    "Definiteness": 0.957345971563981
  },
  "per_interval_f1": {
    "Subcategories": 0.8889905134128214,
    "Gender": 0.7829466786777901,
    "Number": 0.7402737230810081,
    "Case": 0.8025940911097816,
    "Article": 0.6641227236374215,
    "Proper Noun": 0.6638252675473173,
    "Degree": 0.7766387022164112,
    "Declension": 0.7375082463425046,
    "Mood": 0.5771657782081545,
    "Voice": 0.4923151019310369,
    "Tense": 0.7433852175102652,
    "Person": 0.7835316731618223,
    "Definiteness": 0.6498370804822419
  },
  "learning_rate": 1.88e-05
}