{
  "epoch": 10,
  "mode": "singlelabel",
  "fold": 3,
  "eval_decoder": "greedy",
  "mbr_threshold": 0.0,
  "train_loss": 0.05390805114681522,
  "val_loss": 0.18301930278539658,
  "train_composite_accuracy": 0.9893452938560384,
  "train_composite_micro_f1": 0.9893452938560384,
  "train_composite_macro_f1": 0.7526246774760909,
  "val_composite_accuracy": 0.9709272320660588,
  "val_composite_micro_f1": 0.9709272320660588,
  "val_composite_macro_f1": 0.8242223792713517,
  "per_word_class_accuracy": {
    "Word Class Noun": 0.9975786924939467,
    "Word Class Adjective": 0.965964343598055,
    "Word Class Pronoun": 0.990405117270789,
    "Word Class Number": 0.9743589743589743,
    "Word Class Verbs": 0.9978925184404637,
    "Word Class Participle": 0.9337349397590361,
    "Word Class Adverb": 0.9876279863481229,
    "Word Class Conjunctions": 0.9975786924939467,
    "Word Class Foreign words": 0.8181818181818182,
    "Word Class Unanalyzed word": 0.0,
    "Word Class Abbreviation": 1.0,
    "Word Class Web email or address": 1.0,
    "Word Class Punctuation": 1.0,
    "Word Class Symbol": 1.0,
    "Word Class R Article": 0.966824644549763
  },
  "per_word_class_f1": {
    "Word Class Noun": 0.9959709911361805,
    "Word Class Adjective": 0.9636216653193208,
    "Word Class Pronoun": 0.9882978723404255,
    "Word Class Number": 0.9870129870129869,
    "Word Class Verbs": 0.9981554677206851,
    "Word Class Participle": 0.9422492401215805,
    "Word Class Adverb": 0.9905862216516902,
    "Word Class Conjunctions": 0.9951690821256038,
    "Word Class Foreign words": 0.8709677419354839,
    "Word Class Unanalyzed word": 0.0,
    "Word Class Abbreviation": 0.9824561403508771,
    "Word Class Web email or address": 1.0,
    "Word Class Punctuation": 1.0,
    "Word Class Symbol": 1.0,
    "Word Class R Article": 0.9577464788732395
  },
  "per_interval_accuracy": {
    "Subcategories": 0.9861647361647362,
    "Gender": 0.9805081033727552,
    "Number": 0.989480198019802,
    "Case": 0.9761279018834866,
    "Article": 0.9943502824858758,
    "Proper Noun": 0.9947538337368845,
    "Degree": 0.9827760891590679,
    "Declension": 0.9706257982120051,
    "Mood": 0.9926238145416227,
    "Voice": 0.9968387776606955,
    "Tense": 0.9931506849315068,
    "Person": 0.9908321579689704,
    "Definiteness": 0.966824644549763
  },
  "per_interval_f1": {
    "Subcategories": 0.8914323111648647,
    "Gender": 0.7862810914093148,
    "Number": 0.7417673679520729,
    "Case": 0.8077971676545772,
    "Article": 0.6636178680194185,
    "Proper Noun": 0.6632904157527197,
    "Degree": 0.7787094079116693,
    "Declension": 0.7407988129474392,
    "Mood": 0.5788182389996039,
    "Voice": 0.49684503836022853,
    "Tense": 0.7456083468746845,
    "Person": 0.7903893116185051,
    "Definiteness": 0.6539984547034963
  },
  "learning_rate": 1.8e-05
}