{
  "epoch": 3,
  "mode": "singlelabel",
  "fold": 3,
  "eval_decoder": "greedy",
  "mbr_threshold": 0.0,
  "train_loss": 0.334037711732686,
  "val_loss": 0.27628876715898515,
  "train_composite_accuracy": 0.9459126995391792,
  "train_composite_micro_f1": 0.9459126995391792,
  "train_composite_macro_f1": 0.43558842606414194,
  "val_composite_accuracy": 0.9536383966970583,
  "val_composite_micro_f1": 0.9536383966970582,
  "val_composite_macro_f1": 0.6026765944956394,
  "per_word_class_accuracy": {
    "Word Class Noun": 0.9971751412429378,
    "Word Class Adjective": 0.9254457050243112,
    "Word Class Pronoun": 0.9850746268656716,
    "Word Class Number": 0.9102564102564102,
    "Word Class Verbs": 0.9973656480505796,
    "Word Class Participle": 0.9216867469879518,
    "Word Class Adverb": 0.9901877133105802,
    "Word Class Conjunctions": 0.9975786924939467,
    "Word Class Foreign words": 0.696969696969697,
    "Word Class Unanalyzed word": 0.0,
    "Word Class Abbreviation": 0.9285714285714286,
    "Word Class Web email or address": 0.0,
    "Word Class Punctuation": 1.0,
    "Word Class Symbol": 0.0,
    "Word Class R Article": 0.8720379146919431
  },
  "per_word_class_f1": {
    "Word Class Noun": 0.9949667807529696,
    "Word Class Adjective": 0.9406919275123558,
    "Word Class Pronoun": 0.969569779643232,
    "Word Class Number": 0.9466666666666667,
    "Word Class Verbs": 0.9973656480505796,
    "Word Class Participle": 0.9444444444444444,
    "Word Class Adverb": 0.9870295556028067,
    "Word Class Conjunctions": 0.9943684633950122,
    "Word Class Foreign words": 0.8070175438596493,
    "Word Class Unanalyzed word": 0.0,
    "Word Class Abbreviation": 0.896551724137931,
    "Word Class Web email or address": 0.0,
    "Word Class Punctuation": 0.9993386243386244,
    "Word Class Symbol": 0.0,
    "Word Class R Article": 0.8975609756097561
  },
  "per_interval_accuracy": {
    "Subcategories": 0.9831081081081081,
    "Gender": 0.9601401664476565,
    "Number": 0.9811262376237624,
    "Case": 0.9594831362242663,
    "Article": 0.9943502824858758,
    "Proper Noun": 0.9939467312348669,
    "Degree": 0.9766970618034447,
    "Declension": 0.933588761174968,
    "Mood": 0.9899894625922023,
    "Voice": 0.9947312961011591,
    "Tense": 0.987881981032666,
    "Person": 0.9858956276445698,
    "Definiteness": 0.8720379146919431
  },
  "per_interval_f1": {
    "Subcategories": 0.8827288941082824,
    "Gender": 0.7723013131726357,
    "Number": 0.7353247889719319,
    "Case": 0.7944846498024724,
    "Article": 0.6638043681605209,
    "Proper Noun": 0.6631922534037377,
    "Degree": 0.7576041088432269,
    "Declension": 0.7288662426296485,
    "Mood": 0.4940448637538973,
    "Voice": 0.4923936636812718,
    "Tense": 0.741253872866555,
    "Person": 0.7806576103400601,
    "Definiteness": 0.6072891522200278
  },
  "learning_rate": 1.94e-05
}