{
  "epoch": 8,
  "mode": "singlelabel",
  "fold": 3,
  "eval_decoder": "greedy",
  "mbr_threshold": 0.0,
  "train_loss": 0.07752426605254108,
  "val_loss": 0.17976342067122458,
  "train_composite_accuracy": 0.9851818207624833,
  "train_composite_micro_f1": 0.9851818207624833,
  "train_composite_macro_f1": 0.6974817898793909,
  "val_composite_accuracy": 0.969378978152417,
  "val_composite_micro_f1": 0.969378978152417,
  "val_composite_macro_f1": 0.7749266632758837,
  "per_word_class_accuracy": {
    "Word Class Noun": 0.9951573849878934,
    "Word Class Adjective": 0.9627228525121556,
    "Word Class Pronoun": 0.988272921108742,
    "Word Class Number": 0.9487179487179487,
    "Word Class Verbs": 0.9989462592202318,
    "Word Class Participle": 0.9397590361445783,
    "Word Class Adverb": 0.9893344709897611,
    "Word Class Conjunctions": 0.9975786924939467,
    "Word Class Foreign words": 0.8484848484848485,
    "Word Class Unanalyzed word": 0.0,
    "Word Class Abbreviation": 1.0,
    "Word Class Web email or address": 1.0,
    "Word Class Punctuation": 1.0,
    "Word Class Symbol": 1.0,
    "Word Class R Article": 0.957345971563981
  },
  "per_word_class_f1": {
    "Word Class Noun": 0.9961623914360735,
    "Word Class Adjective": 0.9627228525121556,
    "Word Class Pronoun": 0.9861702127659575,
    "Word Class Number": 0.9736842105263158,
    "Word Class Verbs": 0.9978947368421053,
    "Word Class Participle": 0.9512195121951219,
    "Word Class Adverb": 0.9899679829242263,
    "Word Class Conjunctions": 0.9943684633950122,
    "Word Class Foreign words": 0.888888888888889,
    "Word Class Unanalyzed word": 0.0,
    "Word Class Abbreviation": 0.9824561403508771,
    "Word Class Web email or address": 1.0,
    "Word Class Punctuation": 1.0,
    "Word Class Symbol": 1.0,
    "Word Class R Article": 0.9439252336448597
  },
  "per_interval_accuracy": {
    "Subcategories": 0.9856821106821106,
    "Gender": 0.9783180026281209,
    "Number": 0.9882425742574258,
    "Case": 0.972185720543145,
    "Article": 0.9923325262308313,
    "Proper Noun": 0.9927360774818402,
    "Degree": 0.9827760891590679,
    "Declension": 0.9693486590038314,
    "Mood": 0.9915700737618546,
    "Voice": 0.9973656480505796,
    "Tense": 0.9926238145416227,
    "Person": 0.9887165021156559,
    "Definiteness": 0.957345971563981
  },
  "per_interval_f1": {
    "Subcategories": 0.8897463807510395,
    "Gender": 0.7854230581840841,
    "Number": 0.7412558231006098,
    "Case": 0.8066519560052239,
    "Article": 0.6631921777891276,
    "Proper Noun": 0.6630973928181604,
    "Degree": 0.7785214077769387,
    "Declension": 0.7400785940008795,
    "Mood": 0.5775225302439978,
    "Voice": 0.4954861631918404,
    "Tense": 0.7448493801190241,
    "Person": 0.7840193575306442,
    "Definiteness": 0.6498370804822419
  },
  "learning_rate": 1.8400000000000003e-05
}