{
  "epoch": 14,
  "mode": "singlelabel",
  "fold": 3,
  "eval_decoder": "greedy",
  "mbr_threshold": 0.0,
  "train_loss": 0.02980000319995062,
  "val_loss": 0.20481227487325668,
  "train_composite_accuracy": 0.9939061893812511,
  "train_composite_micro_f1": 0.9939061893812511,
  "train_composite_macro_f1": 0.8439668795157689,
  "val_composite_accuracy": 0.9711852743849991,
  "val_composite_micro_f1": 0.971185274384999,
  "val_composite_macro_f1": 0.8333130199737284,
  "per_word_class_accuracy": {
    "Word Class Noun": 0.9967715899919289,
    "Word Class Adjective": 0.9740680713128039,
    "Word Class Pronoun": 0.9893390191897654,
    "Word Class Number": 0.9871794871794872,
    "Word Class Verbs": 0.9984193888303478,
    "Word Class Participle": 0.9457831325301205,
    "Word Class Adverb": 0.9872013651877133,
    "Word Class Conjunctions": 0.9975786924939467,
    "Word Class Foreign words": 0.8181818181818182,
    "Word Class Unanalyzed word": 0.0,
    "Word Class Abbreviation": 1.0,
    "Word Class Web email or address": 1.0,
    "Word Class Punctuation": 1.0,
    "Word Class Symbol": 1.0,
    "Word Class R Article": 0.957345971563981
  },
  "per_word_class_f1": {
    "Word Class Noun": 0.9959677419354838,
    "Word Class Adjective": 0.9670152855993565,
    "Word Class Pronoun": 0.9877594465141033,
    "Word Class Number": 0.990353697749196,
    "Word Class Verbs": 0.9981564392941796,
    "Word Class Participle": 0.9602446483180428,
    "Word Class Adverb": 0.9903702118553391,
    "Word Class Conjunctions": 0.9943684633950122,
    "Word Class Foreign words": 0.8709677419354839,
    "Word Class Unanalyzed word": 0.0,
    "Word Class Abbreviation": 0.9824561403508771,
    "Word Class Web email or address": 1.0,
    "Word Class Punctuation": 1.0,
    "Word Class Symbol": 1.0,
    "Word Class R Article": 0.9596199524940618
  },
  "per_interval_accuracy": {
    "Subcategories": 0.9868082368082368,
    "Gender": 0.9800700832238283,
    "Number": 0.989480198019802,
    "Case": 0.9759088918090232,
    "Article": 0.9951573849878934,
    "Proper Noun": 0.9939467312348669,
    "Degree": 0.983451536643026,
    "Declension": 0.9731800766283525,
    "Mood": 0.9926238145416227,
    "Voice": 0.9973656480505796,
    "Tense": 0.9926238145416227,
    "Person": 0.9904795486600846,
    "Definiteness": 0.957345971563981
  },
  "per_interval_f1": {
    "Subcategories": 0.8963649034441136,
    "Gender": 0.7859966418065133,
    "Number": 0.7417619407188811,
    "Case": 0.8092634056071132,
    "Article": 0.6644926607230931,
    "Proper Noun": 0.663284899402036,
    "Degree": 0.7782426100887924,
    "Declension": 0.7383408358788398,
    "Mood": 0.6294456181676852,
    "Voice": 0.4969143095204044,
    "Tense": 0.7451474454365964,
    "Person": 0.7919257861533365,
    "Definiteness": 0.6490678159793646
  },
  "learning_rate": 1.72e-05
}