{
  "epoch": 7,
  "mode": "singlelabel",
  "fold": 3,
  "eval_decoder": "greedy",
  "mbr_threshold": 0.0,
  "train_loss": 0.09646485128007515,
  "val_loss": 0.18710116520524026,
  "train_composite_accuracy": 0.9820592159423169,
  "train_composite_micro_f1": 0.9820592159423169,
  "train_composite_macro_f1": 0.6671918805538739,
  "val_composite_accuracy": 0.968174780664029,
  "val_composite_micro_f1": 0.968174780664029,
  "val_composite_macro_f1": 0.7718076647687514,
  "per_word_class_accuracy": {
    "Word Class Noun": 0.9971751412429378,
    "Word Class Adjective": 0.9594813614262561,
    "Word Class Pronoun": 0.9861407249466951,
    "Word Class Number": 0.9487179487179487,
    "Word Class Verbs": 0.9968387776606955,
    "Word Class Participle": 0.927710843373494,
    "Word Class Adverb": 0.9906143344709898,
    "Word Class Conjunctions": 0.9975786924939467,
    "Word Class Foreign words": 0.8787878787878788,
    "Word Class Unanalyzed word": 0.0,
    "Word Class Abbreviation": 1.0,
    "Word Class Web email or address": 1.0,
    "Word Class Punctuation": 1.0,
    "Word Class Symbol": 1.0,
    "Word Class R Article": 0.9715639810426541
  },
  "per_word_class_f1": {
    "Word Class Noun": 0.9969739761952794,
    "Word Class Adjective": 0.9594813614262561,
    "Word Class Pronoun": 0.9861407249466951,
    "Word Class Number": 0.9736842105263158,
    "Word Class Verbs": 0.997627208014764,
    "Word Class Participle": 0.9506172839506173,
    "Word Class Adverb": 0.9901918976545843,
    "Word Class Conjunctions": 0.9943684633950122,
    "Word Class Foreign words": 0.90625,
    "Word Class Unanalyzed word": 0.0,
    "Word Class Abbreviation": 1.0,
    "Word Class Web email or address": 1.0,
    "Word Class Punctuation": 1.0,
    "Word Class Symbol": 1.0,
    "Word Class R Article": 0.9490740740740741
  },
  "per_interval_accuracy": {
    "Subcategories": 0.9868082368082368,
    "Gender": 0.9776609724047306,
    "Number": 0.9865408415841584,
    "Case": 0.970652650021901,
    "Article": 0.9951573849878934,
    "Proper Noun": 0.9923325262308313,
    "Degree": 0.983451536643026,
    "Declension": 0.9655172413793104,
    "Mood": 0.9899894625922023,
    "Voice": 0.9952581664910432,
    "Tense": 0.9905163329820864,
    "Person": 0.9876586741889986,
    "Definiteness": 0.9715639810426541
  },
  "per_interval_f1": {
    "Subcategories": 0.8892576324038072,
    "Gender": 0.785030863166263,
    "Number": 0.7402145612430618,
    "Case": 0.8068533604375103,
    "Article": 0.6643881279605256,
    "Proper Noun": 0.6617874963701117,
    "Degree": 0.7765163178945607,
    "Declension": 0.7348284468540548,
    "Mood": 0.5773726903828179,
    "Voice": 0.49520900200837137,
    "Tense": 0.7438570168759425,
    "Person": 0.787167278144959,
    "Definiteness": 0.656041986687148
  },
  "learning_rate": 1.86e-05
}