{
  "epoch": 1,
  "mode": "singlelabel",
  "fold": 3,
  "eval_decoder": "greedy",
  "mbr_threshold": 0.0,
  "train_loss": 2.066473459746293,
  "val_loss": 0.7091972410678864,
  "train_composite_accuracy": 0.7137896121346315,
  "train_composite_micro_f1": 0.7137896121346315,
  "train_composite_macro_f1": 0.13966046263723145,
  "val_composite_accuracy": 0.8879236194735937,
  "val_composite_micro_f1": 0.8879236194735937,
  "val_composite_macro_f1": 0.32400223262241157,
  "per_word_class_accuracy": {
    "Word Class Noun": 0.9943502824858758,
    "Word Class Adjective": 0.86709886547812,
    "Word Class Pronoun": 0.8987206823027718,
    "Word Class Number": 0.9358974358974359,
    "Word Class Verbs": 0.9963119072708114,
    "Word Class Participle": 0.891566265060241,
    "Word Class Adverb": 0.9837883959044369,
    "Word Class Conjunctions": 0.9959644874899112,
    "Word Class Foreign words": 0.0,
    "Word Class Unanalyzed word": 0.0,
    "Word Class Abbreviation": 0.39285714285714285,
    "Word Class Web email or address": 0.0,
    "Word Class Punctuation": 1.0,
    "Word Class Symbol": 0.0,
    "Word Class R Article": 0.6255924170616114
  },
  "per_word_class_f1": {
    "Word Class Noun": 0.9777777777777779,
    "Word Class Adjective": 0.8792111750205424,
    "Word Class Pronoun": 0.905964535196131,
    "Word Class Number": 0.9125,
    "Word Class Verbs": 0.995263157894737,
    "Word Class Participle": 0.9135802469135801,
    "Word Class Adverb": 0.976497988566589,
    "Word Class Conjunctions": 0.9891783567134268,
    "Word Class Foreign words": 0.0,
    "Word Class Unanalyzed word": 0.0,
    "Word Class Abbreviation": 0.55,
    "Word Class Web email or address": 0.0,
    "Word Class Punctuation": 0.9996692027786966,
    "Word Class Symbol": 0.0,
    "Word Class R Article": 0.7154471544715447
  },
  "per_interval_accuracy": {
    "Subcategories": 0.9591377091377091,
    "Gender": 0.9034165571616294,
    "Number": 0.9538985148514851,
    "Case": 0.8999123959702147,
    "Article": 0.986682808716707,
    "Proper Noun": 0.9818401937046005,
    "Degree": 0.9506923336710571,
    "Declension": 0.8454661558109834,
    "Mood": 0.9852476290832455,
    "Voice": 0.9841938883034773,
    "Tense": 0.9863013698630136,
    "Person": 0.926657263751763,
    "Definiteness": 0.5781990521327014
  },
  "per_interval_f1": {
    "Subcategories": 0.791154103946794,
    "Gender": 0.7294817651839425,
    "Number": 0.7128593134406641,
    "Case": 0.7125725016497038,
    "Article": 0.6595500243882805,
    "Proper Noun": 0.6540553785836805,
    "Degree": 0.6706991223800056,
    "Declension": 0.6662547357982324,
    "Mood": 0.48965857121368456,
    "Voice": 0.4618386824514611,
    "Tense": 0.7406274652561781,
    "Person": 0.5576673911515029,
    "Definiteness": 0.34056507099985356
  },
  "learning_rate": 1.98e-05
}