{
  "epoch": 5,
  "mode": "singlelabel",
  "fold": 3,
  "eval_decoder": "greedy",
  "mbr_threshold": 0.0,
  "train_loss": 0.15909225685085446,
  "val_loss": 0.1997969202697277,
  "train_composite_accuracy": 0.9731361361077204,
  "train_composite_micro_f1": 0.9731361361077204,
  "train_composite_macro_f1": 0.5942477992439775,
  "val_composite_accuracy": 0.9652503010493722,
  "val_composite_micro_f1": 0.9652503010493722,
  "val_composite_macro_f1": 0.7241557037633516,
  "per_word_class_accuracy": {
    "Word Class Noun": 0.9975786924939467,
    "Word Class Adjective": 0.9627228525121556,
    "Word Class Pronoun": 0.9893390191897654,
    "Word Class Number": 0.9423076923076923,
    "Word Class Verbs": 0.9978925184404637,
    "Word Class Participle": 0.9216867469879518,
    "Word Class Adverb": 0.9872013651877133,
    "Word Class Conjunctions": 0.9983857949959645,
    "Word Class Foreign words": 0.8181818181818182,
    "Word Class Unanalyzed word": 0.0,
    "Word Class Abbreviation": 1.0,
    "Word Class Web email or address": 0.0,
    "Word Class Punctuation": 1.0,
    "Word Class Symbol": 0.6666666666666666,
    "Word Class R Article": 0.95260663507109
  },
  "per_word_class_f1": {
    "Word Class Noun": 0.9971762807583704,
    "Word Class Adjective": 0.9572925060435132,
    "Word Class Pronoun": 0.986709197235513,
    "Word Class Number": 0.9702970297029703,
    "Word Class Verbs": 0.9984185556141276,
    "Word Class Participle": 0.9444444444444444,
    "Word Class Adverb": 0.9891002350929685,
    "Word Class Conjunctions": 0.993175431553593,
    "Word Class Foreign words": 0.8852459016393442,
    "Word Class Unanalyzed word": 0.0,
    "Word Class Abbreviation": 0.9655172413793104,
    "Word Class Web email or address": 0.0,
    "Word Class Punctuation": 0.9993386243386244,
    "Word Class Symbol": 0.8,
    "Word Class R Article": 0.9414519906323184
  },
  "per_interval_accuracy": {
    "Subcategories": 0.9847168597168597,
    "Gender": 0.9739378011388524,
    "Number": 0.9874690594059405,
    "Case": 0.9708716600963644,
    "Article": 0.993543179983858,
    "Proper Noun": 0.9947538337368845,
    "Degree": 0.9807497467071935,
    "Declension": 0.9680715197956578,
    "Mood": 0.9905163329820864,
    "Voice": 0.9957850368809273,
    "Tense": 0.9910432033719705,
    "Person": 0.9894217207334274,
    "Definiteness": 0.95260663507109
  },
  "per_interval_f1": {
    "Subcategories": 0.8877741503883986,
    "Gender": 0.7819223970358566,
    "Number": 0.740490727302984,
    "Case": 0.8032883655173264,
    "Article": 0.6630366139020522,
    "Proper Noun": 0.6634606873831094,
    "Degree": 0.7713906651960052,
    "Declension": 0.7373587690217845,
    "Mood": 0.5772476680497555,
    "Voice": 0.49389766044589295,
    "Tense": 0.7436683538392185,
    "Person": 0.7881178917781277,
    "Definiteness": 0.64771833202203
  },
  "learning_rate": 1.9e-05
}