{
  "epoch": 4,
  "mode": "singlelabel",
  "fold": 3,
  "eval_decoder": "greedy",
  "mbr_threshold": 0.0,
  "train_loss": 0.22245927541645508,
  "val_loss": 0.23393814638257027,
  "train_composite_accuracy": 0.9627842280069265,
  "train_composite_micro_f1": 0.9627842280069265,
  "train_composite_macro_f1": 0.5262942502222586,
  "val_composite_accuracy": 0.9594873559263719,
  "val_composite_micro_f1": 0.9594873559263719,
  "val_composite_macro_f1": 0.6747617390582824,
  "per_word_class_accuracy": {
    "Word Class Noun": 0.9971751412429378,
    "Word Class Adjective": 0.9562398703403565,
    "Word Class Pronoun": 0.990405117270789,
    "Word Class Number": 0.9358974358974359,
    "Word Class Verbs": 0.9973656480505796,
    "Word Class Participle": 0.9156626506024096,
    "Word Class Adverb": 0.9863481228668942,
    "Word Class Conjunctions": 0.9983857949959645,
    "Word Class Foreign words": 0.7575757575757576,
    "Word Class Unanalyzed word": 0.0,
    "Word Class Abbreviation": 0.9285714285714286,
    "Word Class Web email or address": 0.0,
    "Word Class Punctuation": 1.0,
    "Word Class Symbol": 0.6666666666666666,
    "Word Class R Article": 0.9289099526066351
  },
  "per_word_class_f1": {
    "Word Class Noun": 0.9949667807529696,
    "Word Class Adjective": 0.9577922077922078,
    "Word Class Pronoun": 0.9825489159175039,
    "Word Class Number": 0.9668874172185431,
    "Word Class Verbs": 0.9978914074855035,
    "Word Class Participle": 0.9353846153846154,
    "Word Class Adverb": 0.9890909090909091,
    "Word Class Conjunctions": 0.9915831663326653,
    "Word Class Foreign words": 0.8474576271186441,
    "Word Class Unanalyzed word": 0.0,
    "Word Class Abbreviation": 0.9285714285714286,
    "Word Class Web email or address": 0.0,
    "Word Class Punctuation": 0.9993386243386244,
    "Word Class Symbol": 0.8,
    "Word Class R Article": 0.9311163895486937
  },
  "per_interval_accuracy": {
    "Subcategories": 0.9835907335907336,
    "Gender": 0.967586508979413,
    "Number": 0.984684405940594,
    "Case": 0.9669294787560228,
    "Article": 0.9931396287328491,
    "Proper Noun": 0.993543179983858,
    "Degree": 0.977710233029382,
    "Declension": 0.9604086845466155,
    "Mood": 0.9910432033719705,
    "Voice": 0.994204425711275,
    "Tense": 0.9884088514225501,
    "Person": 0.9890691114245416,
    "Definiteness": 0.9289099526066351
  },
  "per_interval_f1": {
    "Subcategories": 0.8893109362903461,
    "Gender": 0.7770067591367751,
    "Number": 0.738061971735503,
    "Case": 0.7986128472987414,
    "Article": 0.662929340814589,
    "Proper Noun": 0.6626657831591417,
    "Degree": 0.767639944394044,
    "Declension": 0.7369694616977226,
    "Mood": 0.49493919813979353,
    "Voice": 0.4908808963878209,
    "Tense": 0.741487092750079,
    "Person": 0.7844852111044265,
    "Definiteness": 0.6367248258605532
  },
  "learning_rate": 1.9200000000000003e-05
}