{
  "epoch": 12,
  "mode": "singlelabel",
  "fold": 3,
  "eval_decoder": "greedy",
  "mbr_threshold": 0.0,
  "train_loss": 0.037463284642239046,
  "val_loss": 0.20174034610390662,
  "train_composite_accuracy": 0.9923921991654129,
  "train_composite_micro_f1": 0.9923921991654129,
  "train_composite_macro_f1": 0.8072046315147364,
  "val_composite_accuracy": 0.971357302597626,
  "val_composite_micro_f1": 0.971357302597626,
  "val_composite_macro_f1": 0.8365057698095948,
  "per_word_class_accuracy": {
    "Word Class Noun": 0.9967715899919289,
    "Word Class Adjective": 0.9708265802269044,
    "Word Class Pronoun": 0.990405117270789,
    "Word Class Number": 0.9807692307692307,
    "Word Class Verbs": 0.9973656480505796,
    "Word Class Participle": 0.9397590361445783,
    "Word Class Adverb": 0.9893344709897611,
    "Word Class Conjunctions": 0.9967715899919289,
    "Word Class Foreign words": 0.8484848484848485,
    "Word Class Unanalyzed word": 0.0,
    "Word Class Abbreviation": 1.0,
    "Word Class Web email or address": 1.0,
    "Word Class Punctuation": 1.0,
    "Word Class Symbol": 1.0,
    "Word Class R Article": 0.9715639810426541
  },
  "per_word_class_f1": {
    "Word Class Noun": 0.9959677419354838,
    "Word Class Adjective": 0.9661290322580645,
    "Word Class Pronoun": 0.9888238424693987,
    "Word Class Number": 0.9870967741935484,
    "Word Class Verbs": 0.9976284584980238,
    "Word Class Participle": 0.9541284403669725,
    "Word Class Adverb": 0.9910256410256411,
    "Word Class Conjunctions": 0.9955663039097138,
    "Word Class Foreign words": 0.9032258064516129,
    "Word Class Unanalyzed word": 0.0,
    "Word Class Abbreviation": 0.9824561403508771,
    "Word Class Web email or address": 1.0,
    "Word Class Punctuation": 1.0,
    "Word Class Symbol": 1.0,
    "Word Class R Article": 0.9647058823529412
  },
  "per_interval_accuracy": {
    "Subcategories": 0.987934362934363,
    "Gender": 0.9789750328515112,
    "Number": 0.9870049504950495,
    "Case": 0.9739378011388524,
    "Article": 0.9943502824858758,
    "Proper Noun": 0.9943502824858758,
    "Degree": 0.9851401553529213,
    "Declension": 0.9706257982120051,
    "Mood": 0.9899894625922023,
    "Voice": 0.9963119072708114,
    "Tense": 0.9905163329820864,
    "Person": 0.9887165021156559,
    "Definiteness": 0.9715639810426541
  },
  "per_interval_f1": {
    "Subcategories": 0.9004899416278774,
    "Gender": 0.7845699829462495,
    "Number": 0.7391631880592565,
    "Case": 0.8072401578632733,
    "Article": 0.6638267573864828,
    "Proper Noun": 0.6636386805099964,
    "Degree": 0.7807320267508533,
    "Declension": 0.7368806024698957,
    "Mood": 0.5771711987432174,
    "Voice": 0.4967757288439285,
    "Tense": 0.7440024433958012,
    "Person": 0.7860990160054125,
    "Definiteness": 0.656041986687148
  },
  "learning_rate": 1.76e-05
}