{
  "mode": "singlelabel",
  "fold": 3,
  "eval_decoder": "greedy",
  "mbr_threshold": 0.0,
  "temperature": 1.0,
  "ood_data_path": "data/OOD-BRAGD.json",
  "num_sentences": 500,
  "composite_accuracy": 0.9589364541628169,
  "composite_micro_f1": 0.9589364541628169,
  "composite_macro_f1": 0.7840657154094336,
  "word_class_accuracy": 0.9883995483009957,
  "word_class_macro_f1": 0.9388057655596622,
  "per_word_class_accuracy": {
    "Word Class Noun": 0.9899825783972126,
    "Word Class Adjective": 0.9532554257095158,
    "Word Class Pronoun": 0.9904109589041096,
    "Word Class Number": 1.0,
    "Word Class Verbs": 0.9964336661911555,
    "Word Class Participle": 0.912751677852349,
    "Word Class Adverb": 0.992294991744634,
    "Word Class Conjunctions": 0.9915254237288136,
    "Word Class Foreign words": 0.65,
    "Word Class Unanalyzed word": 0.0,
    "Word Class Abbreviation": 1.0,
    "Word Class Web email or address": 0.0,
    "Word Class Punctuation": 1.0,
    "Word Class Symbol": 0.9230769230769231,
    "Word Class R Article": 0.9875
  },
  "per_word_class_f1": {
    "Word Class Noun": 0.9910616960976673,
    "Word Class Adjective": 0.9548494983277591,
    "Word Class Pronoun": 0.9897330595482546,
    "Word Class Number": 0.9978858350951374,
    "Word Class Verbs": 0.9971448965024982,
    "Word Class Participle": 0.9411764705882352,
    "Word Class Adverb": 0.9884868421052632,
    "Word Class Conjunctions": 0.992576882290562,
    "Word Class Foreign words": 0.7222222222222223,
    "Word Class Unanalyzed word": 0.0,
    "Word Class Abbreviation": 0.6666666666666666,
    "Word Class Web email or address": 0.0,
    "Word Class Punctuation": 1.0,
    "Word Class Symbol": 0.9600000000000001,
    "Word Class R Article": 0.9844236760124611
  },
  "per_interval_accuracy": {
    "Subcategories": 0.9870206489675516,
    "Gender": 0.9613908872901679,
    "Number": 0.9809763101220388,
    "Case": 0.9729016786570743,
    "Article": 0.9878048780487805,
    "Proper Noun": 0.9690766550522648,
    "Degree": 0.9809602649006622,
    "Declension": 0.963903743315508,
    "Mood": 0.9935805991440799,
    "Voice": 0.9964336661911555,
    "Tense": 0.9942938659058488,
    "Person": 0.9901500938086304,
    "Definiteness": 0.9875
  },
  "per_interval_f1": {
    "Subcategories": 0.8767479217599998,
    "Gender": 0.7722689262766294,
    "Number": 0.7353934315399411,
    "Case": 0.8066064638160783,
    "Article": 0.6621549616658494,
    "Proper Noun": 0.6437347935859238,
    "Degree": 0.6472572787672958,
    "Declension": 0.7390775417145093,
    "Mood": 0.7516471275851682,
    "Voice": 0.6660473182212313,
    "Tense": 0.7465472765796183,
    "Person": 0.7862159981924124,
    "Definiteness": 0.6619718309859155
  }
}