{
  "epoch": 8,
  "mode": "multilabel",
  "fold": 4,
  "eval_decoder": "greedy",
  "mbr_threshold": 0.0,
  "train_loss": 0.048948495423765594,
  "val_loss": 0.23589513152837754,
  "train_composite_accuracy": 0.990169760671481,
  "train_composite_micro_f1": 0.990169760671481,
  "train_composite_macro_f1": 0.8962711281971992,
  "val_composite_accuracy": 0.9710056061667834,
  "val_composite_micro_f1": 0.9710056061667834,
  "val_composite_macro_f1": 0.8580167273019694,
  "per_word_class_accuracy": {
    "Word Class Noun": 0.9937621832358674,
    "Word Class Adjective": 0.964221824686941,
    "Word Class Pronoun": 0.9818799546998868,
    "Word Class Number": 0.987012987012987,
    "Word Class Verbs": 0.9973404255319149,
    "Word Class Participle": 0.9210526315789473,
    "Word Class Adverb": 0.9908774978279756,
    "Word Class Conjunctions": 0.9975083056478405,
    "Word Class Foreign words": 1.0,
    "Word Class Unanalyzed word": 0.0,
    "Word Class Abbreviation": 0.9615384615384616,
    "Word Class Web email or address": 0.0,
    "Word Class Punctuation": 1.0,
    "Word Class Symbol": 1.0,
    "Word Class R Article": 0.9852941176470589
  },
  "per_word_class_f1": {
    "Word Class Noun": 0.9964816262705237,
    "Word Class Adjective": 0.9590747330960854,
    "Word Class Pronoun": 0.9863481228668942,
    "Word Class Number": 0.990228013029316,
    "Word Class Verbs": 0.9978712080894092,
    "Word Class Participle": 0.9358288770053476,
    "Word Class Adverb": 0.989802560208288,
    "Word Class Conjunctions": 0.9958540630182422,
    "Word Class Foreign words": 0.7499999999999999,
    "Word Class Unanalyzed word": 0.0,
    "Word Class Abbreviation": 0.9803921568627451,
    "Word Class Web email or address": 0.0,
    "Word Class Punctuation": 1.0,
    "Word Class Symbol": 1.0,
    "Word Class R Article": 0.9686746987951808
  },
  "per_interval_accuracy": {
    "Subcategories": 0.9863719461525677,
    "Gender": 0.9776070252469813,
    "Number": 0.988966588966589,
    "Case": 0.9749725576289792,
    "Article": 0.9922027290448343,
    "Proper Noun": 0.9910331384015595,
    "Degree": 0.987766515204474,
    "Declension": 0.9959946595460614,
    "Mood": 0.9914893617021276,
    "Voice": 0.9989361702127659,
    "Tense": 0.9914893617021276,
    "Person": 0.9873326094824466,
    "Definiteness": 0.9901960784313726
  },
  "per_interval_f1": {
    "Subcategories": 0.9783678467369163,
    "Gender": 0.9780389995036243,
    "Number": 0.9854994416696652,
    "Case": 0.9717690559360037,
    "Article": 0.9915134567130046,
    "Proper Noun": 0.9882636930047075,
    "Degree": 0.7799488700988109,
    "Declension": 0.9909773228477757,
    "Mood": 0.9919807837556428,
    "Voice": 0.9941028488259023,
    "Tense": 0.9925269983522411,
    "Person": 0.9749944460790232,
    "Definiteness": 0.9891257995735607
  },
  "learning_rate": 1.8400000000000003e-05
}