{
  "epoch": 1,
  "mode": "multilabel",
  "fold": 4,
  "eval_decoder": "greedy",
  "mbr_threshold": 0.0,
  "train_loss": 1.3416652046089783,
  "val_loss": 0.4159826457500458,
  "train_composite_accuracy": 0.8342416932225432,
  "train_composite_micro_f1": 0.8342416932225432,
  "train_composite_macro_f1": 0.42314912703707935,
  "val_composite_accuracy": 0.9487877723120168,
  "val_composite_micro_f1": 0.9487877723120168,
  "val_composite_macro_f1": 0.7438167163629456,
  "per_word_class_accuracy": {
    "Word Class Noun": 0.9961013645224172,
    "Word Class Adjective": 0.9141323792486583,
    "Word Class Pronoun": 0.9671574178935447,
    "Word Class Number": 0.948051948051948,
    "Word Class Verbs": 0.9968085106382979,
    "Word Class Participle": 0.9315789473684211,
    "Word Class Adverb": 0.9882710686359687,
    "Word Class Conjunctions": 0.9950166112956811,
    "Word Class Foreign words": 0.0,
    "Word Class Unanalyzed word": 0.0,
    "Word Class Abbreviation": 0.5,
    "Word Class Web email or address": 0.0,
    "Word Class Punctuation": 1.0,
    "Word Class Symbol": 0.0,
    "Word Class R Article": 0.9754901960784313
  },
  "per_word_class_f1": {
    "Word Class Noun": 0.992233009708738,
    "Word Class Adjective": 0.9316317228805835,
    "Word Class Pronoun": 0.976,
    "Word Class Number": 0.948051948051948,
    "Word Class Verbs": 0.9965434724807232,
    "Word Class Participle": 0.9194805194805195,
    "Word Class Adverb": 0.9848484848484849,
    "Word Class Conjunctions": 0.9917218543046359,
    "Word Class Foreign words": 0.0,
    "Word Class Unanalyzed word": 0.0,
    "Word Class Abbreviation": 0.6666666666666666,
    "Word Class Web email or address": 0.0,
    "Word Class Punctuation": 1.0,
    "Word Class Symbol": 0.0,
    "Word Class R Article": 0.9342723004694834
  },
  "per_interval_accuracy": {
    "Subcategories": 0.972411500747881,
    "Gender": 0.9582875960482986,
    "Number": 0.9805749805749806,
    "Case": 0.9613611416026344,
    "Article": 0.9906432748538012,
    "Proper Noun": 0.9910331384015595,
    "Degree": 0.9783292555050681,
    "Declension": 0.9759679572763685,
    "Mood": 0.9888297872340426,
    "Voice": 0.9888297872340426,
    "Tense": 0.9856382978723405,
    "Person": 0.9779225479551212,
    "Definiteness": 0.9901960784313726
  },
  "per_interval_f1": {
    "Subcategories": 0.8912314570308099,
    "Gender": 0.9586474176430866,
    "Number": 0.974679406534347,
    "Case": 0.9441679254638302,
    "Article": 0.9898161480556056,
    "Proper Noun": 0.988252035507349,
    "Degree": 0.7514601491367658,
    "Declension": 0.9508874733842911,
    "Mood": 0.7389034244435395,
    "Voice": 0.9310464074444731,
    "Tense": 0.9866118580873741,
    "Person": 0.9259971954086177,
    "Definiteness": 0.9891257995735607
  },
  "learning_rate": 1.98e-05
}