{
  "epoch": 7,
  "mode": "multilabel",
  "fold": 4,
  "eval_decoder": "greedy",
  "mbr_threshold": 0.0,
  "train_loss": 0.06137121407778763,
  "val_loss": 0.23605599850416184,
  "train_composite_accuracy": 0.9878620585343719,
  "train_composite_micro_f1": 0.9878620585343719,
  "train_composite_macro_f1": 0.8954185517742351,
  "val_composite_accuracy": 0.9713710383470495,
  "val_composite_micro_f1": 0.9713710383470495,
  "val_composite_macro_f1": 0.8645349757536495,
  "per_word_class_accuracy": {
    "Word Class Noun": 0.9953216374269006,
    "Word Class Adjective": 0.960644007155635,
    "Word Class Pronoun": 0.984144960362401,
    "Word Class Number": 0.9805194805194806,
    "Word Class Verbs": 0.9973404255319149,
    "Word Class Participle": 0.9526315789473684,
    "Word Class Adverb": 0.9904430929626412,
    "Word Class Conjunctions": 0.9958471760797342,
    "Word Class Foreign words": 1.0,
    "Word Class Unanalyzed word": 0.0,
    "Word Class Abbreviation": 0.9615384615384616,
    "Word Class Web email or address": 0.0,
    "Word Class Punctuation": 1.0,
    "Word Class Symbol": 1.0,
    "Word Class R Article": 0.9803921568627451
  },
  "per_word_class_f1": {
    "Word Class Noun": 0.997070884592853,
    "Word Class Adjective": 0.9615040286481646,
    "Word Class Pronoun": 0.9863791146424518,
    "Word Class Number": 0.9901639344262295,
    "Word Class Verbs": 0.9981368112856002,
    "Word Class Participle": 0.9526315789473683,
    "Word Class Adverb": 0.990228013029316,
    "Word Class Conjunctions": 0.9954337899543378,
    "Word Class Foreign words": 0.7499999999999999,
    "Word Class Unanalyzed word": 0.0,
    "Word Class Abbreviation": 0.9803921568627451,
    "Word Class Web email or address": 0.0,
    "Word Class Punctuation": 1.0,
    "Word Class Symbol": 1.0,
    "Word Class R Article": 0.9592326139088729
  },
  "per_interval_accuracy": {
    "Subcategories": 0.9863719461525677,
    "Gender": 0.9793633369923161,
    "Number": 0.9878787878787879,
    "Case": 0.9762897914379802,
    "Article": 0.991812865497076,
    "Proper Noun": 0.9933723196881091,
    "Degree": 0.9863684026564138,
    "Declension": 0.9973297730307076,
    "Mood": 0.9909574468085106,
    "Voice": 0.9984042553191489,
    "Tense": 0.9904255319148936,
    "Person": 0.9862468331523706,
    "Definiteness": 0.9901960784313726
  },
  "per_interval_f1": {
    "Subcategories": 0.9778241194765299,
    "Gender": 0.9794539596401258,
    "Number": 0.9840655044449379,
    "Case": 0.9720732923528915,
    "Article": 0.9910912827213225,
    "Proper Noun": 0.9912906861573141,
    "Degree": 0.7797773446052032,
    "Declension": 0.9922835816930964,
    "Mood": 0.9416469781144976,
    "Voice": 0.9911067801340605,
    "Tense": 0.9913470432562684,
    "Person": 0.9640481077324454,
    "Definiteness": 0.9891257995735607
  },
  "learning_rate": 1.86e-05
}