{
  "epoch": 3,
  "mode": "multilabel",
  "fold": 4,
  "eval_decoder": "greedy",
  "mbr_threshold": 0.0,
  "train_loss": 0.17886678511181947,
  "val_loss": 0.2538511112332344,
  "train_composite_accuracy": 0.9690144044216464,
  "train_composite_micro_f1": 0.9690144044216464,
  "train_composite_macro_f1": 0.7428168271900406,
  "val_composite_accuracy": 0.9668740688809044,
  "val_composite_micro_f1": 0.9668740688809044,
  "val_composite_macro_f1": 0.8247736733872809,
  "per_word_class_accuracy": {
    "Word Class Noun": 0.9929824561403509,
    "Word Class Adjective": 0.9445438282647585,
    "Word Class Pronoun": 0.9773499433748585,
    "Word Class Number": 0.974025974025974,
    "Word Class Verbs": 0.997872340425532,
    "Word Class Participle": 0.9368421052631579,
    "Word Class Adverb": 0.9887054735013032,
    "Word Class Conjunctions": 0.9958471760797342,
    "Word Class Foreign words": 0.8,
    "Word Class Unanalyzed word": 0.0,
    "Word Class Abbreviation": 0.8846153846153846,
    "Word Class Web email or address": 0.0,
    "Word Class Punctuation": 1.0,
    "Word Class Symbol": 1.0,
    "Word Class R Article": 0.9803921568627451
  },
  "per_word_class_f1": {
    "Word Class Noun": 0.9937573156457276,
    "Word Class Adjective": 0.946236559139785,
    "Word Class Pronoun": 0.9817974971558591,
    "Word Class Number": 0.977198697068404,
    "Word Class Verbs": 0.9984034060670569,
    "Word Class Participle": 0.946808510638298,
    "Word Class Adverb": 0.987418655097614,
    "Word Class Conjunctions": 0.9954337899543378,
    "Word Class Foreign words": 0.7058823529411765,
    "Word Class Unanalyzed word": 0.0,
    "Word Class Abbreviation": 0.9387755102040816,
    "Word Class Web email or address": 0.0,
    "Word Class Punctuation": 1.0,
    "Word Class Symbol": 1.0,
    "Word Class R Article": 0.9501187648456056
  },
  "per_interval_accuracy": {
    "Subcategories": 0.9837128136945321,
    "Gender": 0.973655323819978,
    "Number": 0.9872571872571873,
    "Case": 0.9745334796926455,
    "Article": 0.989083820662768,
    "Proper Noun": 0.9902534113060428,
    "Degree": 0.9863684026564138,
    "Declension": 0.9826435246995995,
    "Mood": 0.9898936170212767,
    "Voice": 0.997872340425532,
    "Tense": 0.9914893617021276,
    "Person": 0.9847991313789359,
    "Definiteness": 0.9901960784313726
  },
  "per_interval_f1": {
    "Subcategories": 0.9670334014954461,
    "Gender": 0.9736013883271625,
    "Number": 0.9829933180412717,
    "Case": 0.9622169608694493,
    "Article": 0.9881302911268389,
    "Proper Noun": 0.9872683509968211,
    "Degree": 0.7773097599286978,
    "Declension": 0.9723168701931778,
    "Mood": 0.9899644903671438,
    "Voice": 0.988078327922078,
    "Tense": 0.9925334110313404,
    "Person": 0.9605278622914228,
    "Definiteness": 0.9891257995735607
  },
  "learning_rate": 1.94e-05
}