{
  "epoch": 2,
  "mode": "multilabel",
  "fold": 4,
  "eval_decoder": "greedy",
  "mbr_threshold": 0.0,
  "train_loss": 0.29358044239588005,
  "val_loss": 0.27158434092998507,
  "train_composite_accuracy": 0.9539204157499431,
  "train_composite_micro_f1": 0.9539204157499431,
  "train_composite_macro_f1": 0.6595649662886015,
  "val_composite_accuracy": 0.9636124506795265,
  "val_composite_micro_f1": 0.9636124506795265,
  "val_composite_macro_f1": 0.8154569808729838,
  "per_word_class_accuracy": {
    "Word Class Noun": 0.9929824561403509,
    "Word Class Adjective": 0.9570661896243292,
    "Word Class Pronoun": 0.9716874292185731,
    "Word Class Number": 0.961038961038961,
    "Word Class Verbs": 0.9984042553191489,
    "Word Class Participle": 0.9263157894736842,
    "Word Class Adverb": 0.9887054735013032,
    "Word Class Conjunctions": 0.9941860465116279,
    "Word Class Foreign words": 0.9333333333333333,
    "Word Class Unanalyzed word": 0.0,
    "Word Class Abbreviation": 0.8461538461538461,
    "Word Class Web email or address": 0.0,
    "Word Class Punctuation": 1.0,
    "Word Class Symbol": 0.0,
    "Word Class R Article": 0.9852941176470589
  },
  "per_word_class_f1": {
    "Word Class Noun": 0.9943392543431582,
    "Word Class Adjective": 0.9452296819787986,
    "Word Class Pronoun": 0.9811320754716982,
    "Word Class Number": 0.9673202614379085,
    "Word Class Verbs": 0.9986698590050544,
    "Word Class Participle": 0.9386666666666668,
    "Word Class Adverb": 0.9876328921674983,
    "Word Class Conjunctions": 0.9950124688279302,
    "Word Class Foreign words": 0.7777777777777778,
    "Word Class Unanalyzed word": 0.0,
    "Word Class Abbreviation": 0.8799999999999999,
    "Word Class Web email or address": 0.0,
    "Word Class Punctuation": 1.0,
    "Word Class Symbol": 0.0,
    "Word Class R Article": 0.9503546099290779
  },
  "per_interval_accuracy": {
    "Subcategories": 0.9785607445570883,
    "Gender": 0.9710208562019759,
    "Number": 0.9867909867909868,
    "Case": 0.9723380900109769,
    "Article": 0.989083820662768,
    "Proper Noun": 0.9902534113060428,
    "Degree": 0.9853198182453687,
    "Declension": 0.9853137516688919,
    "Mood": 0.9888297872340426,
    "Voice": 0.9973404255319149,
    "Tense": 0.9893617021276596,
    "Person": 0.9822656532754253,
    "Definiteness": 0.9901960784313726
  },
  "per_interval_f1": {
    "Subcategories": 0.9361779536311154,
    "Gender": 0.9713193021187757,
    "Number": 0.9823008368664544,
    "Case": 0.9635775236969829,
    "Article": 0.9881359851988899,
    "Proper Noun": 0.9872557703784952,
    "Degree": 0.7707483721485777,
    "Declension": 0.9698386542464504,
    "Mood": 0.739752137092711,
    "Voice": 0.9850169356445507,
    "Tense": 0.9904126723652555,
    "Person": 0.9614884134975594,
    "Definiteness": 0.9891257995735607
  },
  "learning_rate": 1.9600000000000002e-05
}