{
  "epoch": 4,
  "mode": "multilabel",
  "fold": 4,
  "eval_decoder": "greedy",
  "mbr_threshold": 0.0,
  "train_loss": 0.13027358903201214,
  "val_loss": 0.22457064241170882,
  "train_composite_accuracy": 0.9764582367796305,
  "train_composite_micro_f1": 0.9764582367796305,
  "train_composite_macro_f1": 0.8079850870784281,
  "val_composite_accuracy": 0.9698457223001402,
  "val_composite_micro_f1": 0.9698457223001402,
  "val_composite_macro_f1": 0.8432889140979813,
  "per_word_class_accuracy": {
    "Word Class Noun": 0.9945419103313841,
    "Word Class Adjective": 0.9499105545617174,
    "Word Class Pronoun": 0.9830124575311439,
    "Word Class Number": 0.9805194805194806,
    "Word Class Verbs": 0.9984042553191489,
    "Word Class Participle": 0.9421052631578948,
    "Word Class Adverb": 0.9891398783666377,
    "Word Class Conjunctions": 0.9941860465116279,
    "Word Class Foreign words": 0.9333333333333333,
    "Word Class Unanalyzed word": 0.0,
    "Word Class Abbreviation": 0.9230769230769231,
    "Word Class Web email or address": 0.0,
    "Word Class Punctuation": 1.0,
    "Word Class Symbol": 1.0,
    "Word Class R Article": 0.9852941176470589
  },
  "per_word_class_f1": {
    "Word Class Noun": 0.9962897871509472,
    "Word Class Adjective": 0.9524663677130045,
    "Word Class Pronoun": 0.9846851956891661,
    "Word Class Number": 0.9869281045751634,
    "Word Class Verbs": 0.9989356040447046,
    "Word Class Participle": 0.9445910290237467,
    "Word Class Adverb": 0.9874241110147441,
    "Word Class Conjunctions": 0.9950124688279302,
    "Word Class Foreign words": 0.7777777777777778,
    "Word Class Unanalyzed word": 0.0,
    "Word Class Abbreviation": 0.9600000000000001,
    "Word Class Web email or address": 0.0,
    "Word Class Punctuation": 1.0,
    "Word Class Symbol": 1.0,
    "Word Class R Article": 0.9617224880382776
  },
  "per_interval_accuracy": {
    "Subcategories": 0.9840452052517866,
    "Gender": 0.9760702524698134,
    "Number": 0.988966588966589,
    "Case": 0.9782656421514819,
    "Article": 0.9910331384015595,
    "Proper Noun": 0.9902534113060428,
    "Degree": 0.9860188745193988,
    "Declension": 0.9906542056074766,
    "Mood": 0.9909574468085106,
    "Voice": 0.997872340425532,
    "Tense": 0.9920212765957447,
    "Person": 0.9869706840390879,
    "Definiteness": 0.9901960784313726
  },
  "per_interval_f1": {
    "Subcategories": 0.9627124041376783,
    "Gender": 0.9766725026103869,
    "Number": 0.9851980611155476,
    "Case": 0.9726904217919822,
    "Article": 0.9902475368397456,
    "Proper Noun": 0.9872557703784952,
    "Degree": 0.7752245921561359,
    "Declension": 0.9796495587669568,
    "Mood": 0.9907496782496783,
    "Voice": 0.988078327922078,
    "Tense": 0.9930030655984798,
    "Person": 0.9707366837682913,
    "Definiteness": 0.9891257995735607
  },
  "learning_rate": 1.9200000000000003e-05
}