{
  "epoch": 6,
  "mode": "multilabel",
  "fold": 4,
  "eval_decoder": "greedy",
  "mbr_threshold": 0.0,
  "train_loss": 0.07291841370852059,
  "val_loss": 0.23011585921049119,
  "train_composite_accuracy": 0.9860283969523378,
  "train_composite_micro_f1": 0.9860283969523378,
  "train_composite_macro_f1": 0.871481264307732,
  "val_composite_accuracy": 0.9699597127342792,
  "val_composite_micro_f1": 0.9699597127342792,
  "val_composite_macro_f1": 0.8605016697005783,
  "per_word_class_accuracy": {
    "Word Class Noun": 0.9945419103313841,
    "Word Class Adjective": 0.962432915921288,
    "Word Class Pronoun": 0.9796149490373726,
    "Word Class Number": 0.987012987012987,
    "Word Class Verbs": 0.997872340425532,
    "Word Class Participle": 0.9631578947368421,
    "Word Class Adverb": 0.9834926151172894,
    "Word Class Conjunctions": 0.9941860465116279,
    "Word Class Foreign words": 0.9333333333333333,
    "Word Class Unanalyzed word": 0.0,
    "Word Class Abbreviation": 0.9615384615384616,
    "Word Class Web email or address": 0.0,
    "Word Class Punctuation": 1.0,
    "Word Class Symbol": 1.0,
    "Word Class R Article": 0.9803921568627451
  },
  "per_word_class_f1": {
    "Word Class Noun": 0.9964843750000001,
    "Word Class Adjective": 0.9480176211453745,
    "Word Class Pronoun": 0.9846328969834947,
    "Word Class Number": 0.9838187702265372,
    "Word Class Verbs": 0.9989350372736955,
    "Word Class Participle": 0.953125,
    "Word Class Adverb": 0.9864923747276689,
    "Word Class Conjunctions": 0.9950124688279302,
    "Word Class Foreign words": 0.7179487179487181,
    "Word Class Unanalyzed word": 0.0,
    "Word Class Abbreviation": 0.9803921568627451,
    "Word Class Web email or address": 0.0,
    "Word Class Punctuation": 1.0,
    "Word Class Symbol": 1.0,
    "Word Class R Article": 0.9592326139088729
  },
  "per_interval_accuracy": {
    "Subcategories": 0.9833804221372777,
    "Gender": 0.9787047200878156,
    "Number": 0.9894327894327895,
    "Case": 0.9769484083424808,
    "Article": 0.9910331384015595,
    "Proper Noun": 0.9929824561403509,
    "Degree": 0.9839217056973086,
    "Declension": 0.9946595460614153,
    "Mood": 0.9909574468085106,
    "Voice": 1.0,
    "Tense": 0.9925531914893617,
    "Person": 0.9869706840390879,
    "Definiteness": 0.9852941176470589
  },
  "per_interval_f1": {
    "Subcategories": 0.9717969548936735,
    "Gender": 0.9790028211068609,
    "Number": 0.9859473002628812,
    "Case": 0.9757828057908562,
    "Article": 0.9902475368397456,
    "Proper Noun": 0.990773750049958,
    "Degree": 0.7776752961970957,
    "Declension": 0.9891170988575104,
    "Mood": 0.940043346088692,
    "Voice": 1.0,
    "Tense": 0.9934778585951028,
    "Person": 0.9744332581214744,
    "Definiteness": 0.9837437245995697
  },
  "learning_rate": 1.88e-05
}