{
  "epoch": 5,
  "mode": "multilabel",
  "fold": 4,
  "eval_decoder": "greedy",
  "mbr_threshold": 0.0,
  "train_loss": 0.09523858382397778,
  "val_loss": 0.211584635078907,
  "train_composite_accuracy": 0.9823008849557522,
  "train_composite_micro_f1": 0.9823008849557522,
  "train_composite_macro_f1": 0.8514968165807106,
  "val_composite_accuracy": 0.9715336778488219,
  "val_composite_micro_f1": 0.9715336778488219,
  "val_composite_macro_f1": 0.858552373176532,
  "per_word_class_accuracy": {
    "Word Class Noun": 0.9976608187134502,
    "Word Class Adjective": 0.9481216457960644,
    "Word Class Pronoun": 0.9784824462061155,
    "Word Class Number": 0.987012987012987,
    "Word Class Verbs": 0.9984042553191489,
    "Word Class Participle": 0.9473684210526315,
    "Word Class Adverb": 0.9900086880973067,
    "Word Class Conjunctions": 0.9966777408637874,
    "Word Class Foreign words": 0.8666666666666667,
    "Word Class Unanalyzed word": 0.0,
    "Word Class Abbreviation": 0.9230769230769231,
    "Word Class Web email or address": 0.0,
    "Word Class Punctuation": 1.0,
    "Word Class Symbol": 1.0,
    "Word Class R Article": 0.9803921568627451
  },
  "per_word_class_f1": {
    "Word Class Noun": 0.9976608187134502,
    "Word Class Adjective": 0.9558160504959423,
    "Word Class Pronoun": 0.9840546697038725,
    "Word Class Number": 0.9838187702265372,
    "Word Class Verbs": 0.9986698590050544,
    "Word Class Participle": 0.9523809523809523,
    "Word Class Adverb": 0.9882914137033824,
    "Word Class Conjunctions": 0.9950248756218905,
    "Word Class Foreign words": 0.7878787878787877,
    "Word Class Unanalyzed word": 0.0,
    "Word Class Abbreviation": 0.9600000000000001,
    "Word Class Web email or address": 0.0,
    "Word Class Punctuation": 1.0,
    "Word Class Symbol": 1.0,
    "Word Class R Article": 0.9615384615384616
  },
  "per_interval_accuracy": {
    "Subcategories": 0.985873358816686,
    "Gender": 0.9758507135016465,
    "Number": 0.988966588966589,
    "Case": 0.9791437980241493,
    "Article": 0.9933723196881091,
    "Proper Noun": 0.9953216374269006,
    "Degree": 0.9863684026564138,
    "Declension": 0.9906542056074766,
    "Mood": 0.9914893617021276,
    "Voice": 0.9984042553191489,
    "Tense": 0.9920212765957447,
    "Person": 0.9873326094824466,
    "Definiteness": 0.9852941176470589
  },
  "per_interval_f1": {
    "Subcategories": 0.971587435440713,
    "Gender": 0.9767891175509573,
    "Number": 0.9857845791218085,
    "Case": 0.9761571453710884,
    "Article": 0.9927811896725238,
    "Proper Noun": 0.9938243069500021,
    "Degree": 0.7798016159261394,
    "Declension": 0.9856979663098651,
    "Mood": 0.9919916063001594,
    "Voice": 0.9911067801340605,
    "Tense": 0.9930090248343747,
    "Person": 0.9751326225156262,
    "Definiteness": 0.9837437245995697
  },
  "learning_rate": 1.9e-05
}