{
  "epoch": 3,
  "mode": "multilabel",
  "fold": 1,
  "eval_decoder": "greedy",
  "mbr_threshold": 0.0,
  "train_loss": 0.18706445751665635,
  "val_loss": 0.2394016608595848,
  "train_composite_accuracy": 0.9676509952444685,
  "train_composite_micro_f1": 0.9676509952444685,
  "train_composite_macro_f1": 0.7313133014439822,
  "val_composite_accuracy": 0.9687553354959877,
  "val_composite_micro_f1": 0.9687553354959877,
  "val_composite_macro_f1": 0.8454608571784212,
  "per_word_class_accuracy": {
    "Word Class Noun": 0.9980761831473643,
    "Word Class Adjective": 0.9584055459272097,
    "Word Class Pronoun": 0.98989898989899,
    "Word Class Number": 0.9754601226993865,
    "Word Class Verbs": 0.9963674104826155,
    "Word Class Participle": 0.9322916666666666,
    "Word Class Adverb": 0.9854771784232366,
    "Word Class Conjunctions": 0.9958333333333333,
    "Word Class Foreign words": 0.6923076923076923,
    "Word Class Unanalyzed word": 0.0,
    "Word Class Abbreviation": 0.9310344827586207,
    "Word Class Web email or address": 0.0,
    "Word Class Punctuation": 0.9993355481727575,
    "Word Class Symbol": 1.0,
    "Word Class R Article": 0.958904109589041
  },
  "per_word_class_f1": {
    "Word Class Noun": 0.9971170478570055,
    "Word Class Adjective": 0.9542709232096634,
    "Word Class Pronoun": 0.9821826280623609,
    "Word Class Number": 0.9814814814814815,
    "Word Class Verbs": 0.9976617303195635,
    "Word Class Participle": 0.9298701298701298,
    "Word Class Adverb": 0.9889652300645431,
    "Word Class Conjunctions": 0.9945900957136912,
    "Word Class Foreign words": 0.7826086956521738,
    "Word Class Unanalyzed word": 0.0,
    "Word Class Abbreviation": 0.9310344827586207,
    "Word Class Web email or address": 0.0,
    "Word Class Punctuation": 0.9996676636756398,
    "Word Class Symbol": 1.0,
    "Word Class R Article": 0.9567198177676538
  },
  "per_interval_accuracy": {
    "Subcategories": 0.9835430784123911,
    "Gender": 0.9778065072182719,
    "Number": 0.9902557856272838,
    "Case": 0.9790993320405085,
    "Article": 0.996921893035783,
    "Proper Noun": 0.9942285494420932,
    "Degree": 0.9856042852360227,
    "Declension": 0.9934980494148244,
    "Mood": 0.9896211728074727,
    "Voice": 0.9979242345614946,
    "Tense": 0.9932537623248573,
    "Person": 0.9904187366926899,
    "Definiteness": 0.9863013698630136
  },
  "per_interval_f1": {
    "Subcategories": 0.9719388109854165,
    "Gender": 0.97888254980387,
    "Number": 0.988525350438605,
    "Case": 0.9771469199321938,
    "Article": 0.9966713797572758,
    "Proper Noun": 0.9923027577983814,
    "Degree": 0.9763542551207071,
    "Declension": 0.9887674773008492,
    "Mood": 0.8600654620643747,
    "Voice": 0.9903587331765648,
    "Tense": 0.993611786981198,
    "Person": 0.9625377176362852,
    "Definiteness": 0.9839383938393839
  },
  "learning_rate": 1.94e-05
}