{
  "epoch": 1,
  "mode": "multilabel",
  "fold": 1,
  "eval_decoder": "greedy",
  "mbr_threshold": 0.0,
  "train_loss": 1.3607094196122806,
  "val_loss": 0.4007826685905457,
  "train_composite_accuracy": 0.8334839113211481,
  "train_composite_micro_f1": 0.8334839113211481,
  "train_composite_macro_f1": 0.4272185739663254,
  "val_composite_accuracy": 0.9494992724471454,
  "val_composite_micro_f1": 0.9494992724471454,
  "val_composite_macro_f1": 0.7368629819207728,
  "per_word_class_accuracy": {
    "Word Class Noun": 0.9949980761831474,
    "Word Class Adjective": 0.9428076256499134,
    "Word Class Pronoun": 0.9865319865319865,
    "Word Class Number": 0.9570552147239264,
    "Word Class Verbs": 0.9968863518422418,
    "Word Class Participle": 0.9166666666666666,
    "Word Class Adverb": 0.9854771784232366,
    "Word Class Conjunctions": 0.9941666666666666,
    "Word Class Foreign words": 0.15384615384615385,
    "Word Class Unanalyzed word": 0.0,
    "Word Class Abbreviation": 0.41379310344827586,
    "Word Class Web email or address": 0.0,
    "Word Class Punctuation": 0.9993355481727575,
    "Word Class Symbol": 0.0,
    "Word Class R Article": 0.954337899543379
  },
  "per_word_class_f1": {
    "Word Class Noun": 0.992325402916347,
    "Word Class Adjective": 0.9355116079105761,
    "Word Class Pronoun": 0.9810267857142857,
    "Word Class Number": 0.9719626168224299,
    "Word Class Verbs": 0.9963692946058091,
    "Word Class Participle": 0.9214659685863874,
    "Word Class Adverb": 0.9858862598588626,
    "Word Class Conjunctions": 0.9933388842631141,
    "Word Class Foreign words": 0.25,
    "Word Class Unanalyzed word": 0.0,
    "Word Class Abbreviation": 0.5853658536585366,
    "Word Class Web email or address": 0.0,
    "Word Class Punctuation": 0.9996676636756398,
    "Word Class Symbol": 0.0,
    "Word Class R Article": 0.9478458049886621
  },
  "per_interval_accuracy": {
    "Subcategories": 0.9711197160374314,
    "Gender": 0.9631544925662573,
    "Number": 0.9850791717417783,
    "Case": 0.9629390217625512,
    "Article": 0.9899961523662947,
    "Proper Noun": 0.9869180454020777,
    "Degree": 0.9815868764646802,
    "Declension": 0.9713914174252276,
    "Mood": 0.9911779968863519,
    "Voice": 0.9880643487285937,
    "Tense": 0.9937727036844837,
    "Person": 0.9872249822569198,
    "Definiteness": 0.9954337899543378
  },
  "per_interval_f1": {
    "Subcategories": 0.8806289179745608,
    "Gender": 0.9633558156888348,
    "Number": 0.9807152573003634,
    "Case": 0.9449126751903707,
    "Article": 0.9892112909921128,
    "Proper Noun": 0.9825259759161178,
    "Degree": 0.9566980436408301,
    "Declension": 0.9506295823678726,
    "Mood": 0.7392016943629847,
    "Voice": 0.940750890654974,
    "Tense": 0.9937712100281687,
    "Person": 0.8917075098483906,
    "Definiteness": 0.9946012572414643
  },
  "learning_rate": 1.98e-05
}