{
  "epoch": 8,
  "mode": "multilabel",
  "fold": 1,
  "eval_decoder": "greedy",
  "mbr_threshold": 0.0,
  "train_loss": 0.05410707119738431,
  "val_loss": 0.25300967395305635,
  "train_composite_accuracy": 0.9893292394003146,
  "train_composite_micro_f1": 0.9893292394003146,
  "train_composite_macro_f1": 0.8978277093166341,
  "val_composite_accuracy": 0.9706309229061726,
  "val_composite_micro_f1": 0.9706309229061726,
  "val_composite_macro_f1": 0.8733531499285012,
  "per_word_class_accuracy": {
    "Word Class Noun": 0.9961523662947287,
    "Word Class Adjective": 0.9705372616984402,
    "Word Class Pronoun": 0.9854096520763187,
    "Word Class Number": 0.9754601226993865,
    "Word Class Verbs": 0.9974052932018682,
    "Word Class Participle": 0.9166666666666666,
    "Word Class Adverb": 0.9842323651452282,
    "Word Class Conjunctions": 0.9941666666666666,
    "Word Class Foreign words": 0.9230769230769231,
    "Word Class Unanalyzed word": 0.0,
    "Word Class Abbreviation": 0.9655172413793104,
    "Word Class Web email or address": 0.0,
    "Word Class Punctuation": 0.9993355481727575,
    "Word Class Symbol": 1.0,
    "Word Class R Article": 0.9817351598173516
  },
  "per_word_class_f1": {
    "Word Class Noun": 0.9967276227141483,
    "Word Class Adjective": 0.9630266552020637,
    "Word Class Pronoun": 0.9848569826135727,
    "Word Class Number": 0.9845201238390093,
    "Word Class Verbs": 0.9958549222797928,
    "Word Class Participle": 0.9312169312169313,
    "Word Class Adverb": 0.988745310546061,
    "Word Class Conjunctions": 0.9908637873754154,
    "Word Class Foreign words": 0.8275862068965517,
    "Word Class Unanalyzed word": 0.0,
    "Word Class Abbreviation": 0.9655172413793104,
    "Word Class Web email or address": 0.0,
    "Word Class Punctuation": 0.9996676636756398,
    "Word Class Symbol": 1.0,
    "Word Class R Article": 0.9619686800894854
  },
  "per_interval_accuracy": {
    "Subcategories": 0.984188447886415,
    "Gender": 0.980176686059039,
    "Number": 0.991626065773447,
    "Case": 0.9786683904330963,
    "Article": 0.9946133128126202,
    "Proper Noun": 0.993843786071566,
    "Degree": 0.9866086374288584,
    "Declension": 0.9947984395318595,
    "Mood": 0.9901401141670991,
    "Voice": 0.9994810586403736,
    "Tense": 0.9865075246497146,
    "Person": 0.988999290276792,
    "Definiteness": 0.9908675799086758
  },
  "per_interval_f1": {
    "Subcategories": 0.9786680490839179,
    "Gender": 0.9812166223464519,
    "Number": 0.9893904472586915,
    "Case": 0.9799161539806605,
    "Article": 0.9941775692559782,
    "Proper Noun": 0.9918189272690359,
    "Degree": 0.9806886694173657,
    "Declension": 0.9900787267232133,
    "Mood": 0.9360119001849934,
    "Voice": 0.997620144421542,
    "Tense": 0.9855626534490929,
    "Person": 0.962065324250341,
    "Definiteness": 0.9892478397486253
  },
  "learning_rate": 1.8400000000000003e-05
}