{
  "epoch": 10,
  "mode": "multilabel",
  "fold": 1,
  "eval_decoder": "greedy",
  "mbr_threshold": 0.0,
  "train_loss": 0.0385902717572622,
  "val_loss": 0.23284936994314193,
  "train_composite_accuracy": 0.9925525161314774,
  "train_composite_micro_f1": 0.9925525161314774,
  "train_composite_macro_f1": 0.9195075209858948,
  "val_composite_accuracy": 0.9739738885570441,
  "val_composite_micro_f1": 0.9739738885570441,
  "val_composite_macro_f1": 0.8922712777575914,
  "per_word_class_accuracy": {
    "Word Class Noun": 0.9973066564063101,
    "Word Class Adjective": 0.9670710571923743,
    "Word Class Pronoun": 0.9854096520763187,
    "Word Class Number": 0.9815950920245399,
    "Word Class Verbs": 0.9989621172807472,
    "Word Class Participle": 0.9583333333333334,
    "Word Class Adverb": 0.9879668049792532,
    "Word Class Conjunctions": 0.9958333333333333,
    "Word Class Foreign words": 0.8461538461538461,
    "Word Class Unanalyzed word": 0.0,
    "Word Class Abbreviation": 1.0,
    "Word Class Web email or address": 0.0,
    "Word Class Punctuation": 1.0,
    "Word Class Symbol": 1.0,
    "Word Class R Article": 0.9680365296803652
  },
  "per_word_class_f1": {
    "Word Class Noun": 0.9978825794032723,
    "Word Class Adjective": 0.9653979238754324,
    "Word Class Pronoun": 0.982652490207051,
    "Word Class Number": 0.9876543209876544,
    "Word Class Verbs": 0.9984439834024896,
    "Word Class Participle": 0.9533678756476685,
    "Word Class Adverb": 0.9908447773616313,
    "Word Class Conjunctions": 0.9945900957136912,
    "Word Class Foreign words": 0.8799999999999999,
    "Word Class Unanalyzed word": 0.0,
    "Word Class Abbreviation": 0.983050847457627,
    "Word Class Web email or address": 0.0,
    "Word Class Punctuation": 1.0,
    "Word Class Symbol": 1.0,
    "Word Class R Article": 0.9549549549549549
  },
  "per_interval_accuracy": {
    "Subcategories": 0.9851565020974508,
    "Gender": 0.9823313940960999,
    "Number": 0.9928440925700366,
    "Case": 0.9819004524886877,
    "Article": 0.9965371296652559,
    "Proper Noun": 0.9957676029242016,
    "Degree": 0.986943421493137,
    "Declension": 0.9934980494148244,
    "Mood": 0.9932537623248573,
    "Voice": 0.9994810586403736,
    "Tense": 0.9968863518422418,
    "Person": 0.9914833215046132,
    "Definiteness": 0.9908675799086758
  },
  "per_interval_f1": {
    "Subcategories": 0.980184870690231,
    "Gender": 0.9833056806438983,
    "Number": 0.9915557416193478,
    "Case": 0.9833932621045587,
    "Article": 0.9962578597184539,
    "Proper Noun": 0.9943669048517443,
    "Degree": 0.9793353317967808,
    "Declension": 0.9887573285000725,
    "Mood": 0.9903929319664153,
    "Voice": 0.997620144421542,
    "Tense": 0.9970443076673715,
    "Person": 0.9791769940259576,
    "Definiteness": 0.9892478397486253
  },
  "learning_rate": 1.8e-05
}