{
  "epoch": 9,
  "mode": "multilabel",
  "fold": 1,
  "eval_decoder": "greedy",
  "mbr_threshold": 0.0,
  "train_loss": 0.04449721086998043,
  "val_loss": 0.25651170015335084,
  "train_composite_accuracy": 0.9906842304776345,
  "train_composite_micro_f1": 0.9906842304776345,
  "train_composite_macro_f1": 0.9078727614092551,
  "val_composite_accuracy": 0.9717624978672581,
  "val_composite_micro_f1": 0.9717624978672582,
  "val_composite_macro_f1": 0.8631520182317465,
  "per_word_class_accuracy": {
    "Word Class Noun": 0.9961523662947287,
    "Word Class Adjective": 0.9636048526863085,
    "Word Class Pronoun": 0.9865319865319865,
    "Word Class Number": 0.9754601226993865,
    "Word Class Verbs": 0.9994810586403736,
    "Word Class Participle": 0.9375,
    "Word Class Adverb": 0.9850622406639005,
    "Word Class Conjunctions": 0.9966666666666667,
    "Word Class Foreign words": 0.6923076923076923,
    "Word Class Unanalyzed word": 0.0,
    "Word Class Abbreviation": 0.9310344827586207,
    "Word Class Web email or address": 0.0,
    "Word Class Punctuation": 1.0,
    "Word Class Symbol": 1.0,
    "Word Class R Article": 0.9680365296803652
  },
  "per_word_class_f1": {
    "Word Class Noun": 0.9965357967667435,
    "Word Class Adjective": 0.9577950043066322,
    "Word Class Pronoun": 0.982122905027933,
    "Word Class Number": 0.9845201238390093,
    "Word Class Verbs": 0.9979274611398963,
    "Word Class Participle": 0.9375,
    "Word Class Adverb": 0.9895789912463526,
    "Word Class Conjunctions": 0.9937681761528874,
    "Word Class Foreign words": 0.7826086956521738,
    "Word Class Unanalyzed word": 0.0,
    "Word Class Abbreviation": 0.9473684210526316,
    "Word Class Web email or address": 0.0,
    "Word Class Punctuation": 1.0,
    "Word Class Symbol": 1.0,
    "Word Class R Article": 0.9592760180995475
  },
  "per_interval_accuracy": {
    "Subcategories": 0.984188447886415,
    "Gender": 0.9810385692738633,
    "Number": 0.9919305724725944,
    "Case": 0.9793148028442146,
    "Article": 0.9953828395536745,
    "Proper Noun": 0.9946133128126202,
    "Degree": 0.9866086374288584,
    "Declension": 0.9947984395318595,
    "Mood": 0.9927348209652309,
    "Voice": 0.9994810586403736,
    "Tense": 0.9953295277633627,
    "Person": 0.9904187366926899,
    "Definiteness": 0.9908675799086758
  },
  "per_interval_f1": {
    "Subcategories": 0.9727811388634097,
    "Gender": 0.9815772219869813,
    "Number": 0.9900847484291937,
    "Case": 0.9770005025856779,
    "Article": 0.9950138706100382,
    "Proper Noun": 0.9928342644496331,
    "Degree": 0.9776270185187517,
    "Declension": 0.9899333775711505,
    "Mood": 0.9404922760221368,
    "Voice": 0.997620144421542,
    "Tense": 0.9956410557690848,
    "Person": 0.9590985029547302,
    "Definiteness": 0.9892478397486253
  },
  "learning_rate": 1.8200000000000002e-05
}