{
  "epoch": 2,
  "mode": "multilabel",
  "fold": 1,
  "eval_decoder": "greedy",
  "mbr_threshold": 0.0,
  "train_loss": 0.30175449707839513,
  "val_loss": 0.2711063981056213,
  "train_composite_accuracy": 0.9519544361088133,
  "train_composite_micro_f1": 0.9519544361088133,
  "train_composite_macro_f1": 0.642456946684547,
  "val_composite_accuracy": 0.9654789370246946,
  "val_composite_micro_f1": 0.9654789370246946,
  "val_composite_macro_f1": 0.8191524476316006,
  "per_word_class_accuracy": {
    "Word Class Noun": 0.9973066564063101,
    "Word Class Adjective": 0.9688041594454073,
    "Word Class Pronoun": 0.9842873176206509,
    "Word Class Number": 0.9754601226993865,
    "Word Class Verbs": 0.9979242345614946,
    "Word Class Participle": 0.921875,
    "Word Class Adverb": 0.9858921161825727,
    "Word Class Conjunctions": 0.9941666666666666,
    "Word Class Foreign words": 0.6153846153846154,
    "Word Class Unanalyzed word": 0.0,
    "Word Class Abbreviation": 0.7931034482758621,
    "Word Class Web email or address": 0.0,
    "Word Class Punctuation": 0.9993355481727575,
    "Word Class Symbol": 1.0,
    "Word Class R Article": 0.9817351598173516
  },
  "per_word_class_f1": {
    "Word Class Noun": 0.9957741067998463,
    "Word Class Adjective": 0.958011996572408,
    "Word Class Pronoun": 0.9815332960268607,
    "Word Class Number": 0.9845201238390093,
    "Word Class Verbs": 0.9976653696498056,
    "Word Class Participle": 0.9291338582677166,
    "Word Class Adverb": 0.9902062929777037,
    "Word Class Conjunctions": 0.9945810754481034,
    "Word Class Foreign words": 0.7272727272727274,
    "Word Class Unanalyzed word": 0.0,
    "Word Class Abbreviation": 0.8679245283018867,
    "Word Class Web email or address": 0.0,
    "Word Class Punctuation": 0.9996676636756398,
    "Word Class Symbol": 1.0,
    "Word Class R Article": 0.9555555555555557
  },
  "per_interval_accuracy": {
    "Subcategories": 0.9809616005162956,
    "Gender": 0.9750053867700926,
    "Number": 0.9901035322777101,
    "Case": 0.975867269984917,
    "Article": 0.9949980761831474,
    "Proper Noun": 0.9934590227010388,
    "Degree": 0.9852695011717443,
    "Declension": 0.9934980494148244,
    "Mood": 0.9901401141670991,
    "Voice": 0.9958484691229891,
    "Tense": 0.9958484691229891,
    "Person": 0.9886444286728177,
    "Definiteness": 0.9908675799086758
  },
  "per_interval_f1": {
    "Subcategories": 0.9474044358115525,
    "Gender": 0.9760901784207956,
    "Number": 0.9879422796348524,
    "Case": 0.9744488751703259,
    "Article": 0.9945971375878961,
    "Proper Noun": 0.9912853991826819,
    "Degree": 0.9687237915212912,
    "Declension": 0.98543535544293,
    "Mood": 0.7378862657847219,
    "Voice": 0.9803819762588317,
    "Tense": 0.9958097719953395,
    "Person": 0.9422964436191359,
    "Definiteness": 0.9892478397486253
  },
  "learning_rate": 1.9600000000000002e-05
}