{
  "epoch": 6,
  "mode": "multilabel",
  "fold": 1,
  "eval_decoder": "greedy",
  "mbr_threshold": 0.0,
  "train_loss": 0.07802004681485318,
  "val_loss": 0.21726996153593064,
  "train_composite_accuracy": 0.9844625404078228,
  "train_composite_micro_f1": 0.9844625404078228,
  "train_composite_macro_f1": 0.851741999833148,
  "val_composite_accuracy": 0.9704778156996587,
  "val_composite_micro_f1": 0.9704778156996587,
  "val_composite_macro_f1": 0.8599191116448931,
  "per_word_class_accuracy": {
    "Word Class Noun": 0.9957676029242016,
    "Word Class Adjective": 0.9636048526863085,
    "Word Class Pronoun": 0.9842873176206509,
    "Word Class Number": 0.9815950920245399,
    "Word Class Verbs": 0.9984431759211209,
    "Word Class Participle": 0.9427083333333334,
    "Word Class Adverb": 0.9879668049792532,
    "Word Class Conjunctions": 0.9958333333333333,
    "Word Class Foreign words": 0.6923076923076923,
    "Word Class Unanalyzed word": 0.0,
    "Word Class Abbreviation": 0.9655172413793104,
    "Word Class Web email or address": 0.0,
    "Word Class Punctuation": 0.9993355481727575,
    "Word Class Symbol": 1.0,
    "Word Class R Article": 0.9771689497716894
  },
  "per_word_class_f1": {
    "Word Class Noun": 0.9965344628417405,
    "Word Class Adjective": 0.9636048526863085,
    "Word Class Pronoun": 0.9870568373663479,
    "Word Class Number": 0.9876543209876544,
    "Word Class Verbs": 0.9974079834110938,
    "Word Class Participle": 0.9427083333333334,
    "Word Class Adverb": 0.9898150072749947,
    "Word Class Conjunctions": 0.9912899211945251,
    "Word Class Foreign words": 0.6923076923076923,
    "Word Class Unanalyzed word": 0.0,
    "Word Class Abbreviation": 0.9655172413793104,
    "Word Class Web email or address": 0.0,
    "Word Class Punctuation": 0.9996676636756398,
    "Word Class Symbol": 1.0,
    "Word Class R Article": 0.9617977528089887
  },
  "per_interval_accuracy": {
    "Subcategories": 0.9851565020974508,
    "Gender": 0.9765136823960353,
    "Number": 0.9885809987819733,
    "Case": 0.9810385692738633,
    "Article": 0.9946133128126202,
    "Proper Noun": 0.9942285494420932,
    "Degree": 0.9886173418145296,
    "Declension": 0.9908972691807543,
    "Mood": 0.9911779968863519,
    "Voice": 0.9994810586403736,
    "Tense": 0.99429164504411,
    "Person": 0.9897090134847409,
    "Definiteness": 0.9954337899543378
  },
  "per_interval_f1": {
    "Subcategories": 0.9744834646068292,
    "Gender": 0.9771964298840933,
    "Number": 0.9862393133968695,
    "Case": 0.9796416655994887,
    "Article": 0.9941828490450446,
    "Proper Noun": 0.9923419191188011,
    "Degree": 0.982541022908824,
    "Declension": 0.986393663686067,
    "Mood": 0.9375894459483254,
    "Voice": 0.997620144421542,
    "Tense": 0.9947122019255605,
    "Person": 0.9694889603596483,
    "Definiteness": 0.9946012572414643
  },
  "learning_rate": 1.88e-05
}