{
  "epoch": 7,
  "mode": "multilabel",
  "fold": 1,
  "eval_decoder": "greedy",
  "mbr_threshold": 0.0,
  "train_loss": 0.06226029901275902,
  "val_loss": 0.21797395944595338,
  "train_composite_accuracy": 0.9877072098114853,
  "train_composite_micro_f1": 0.9877072098114853,
  "train_composite_macro_f1": 0.8798533376156907,
  "val_composite_accuracy": 0.972520908004779,
  "val_composite_micro_f1": 0.972520908004779,
  "val_composite_macro_f1": 0.8653092930183444,
  "per_word_class_accuracy": {
    "Word Class Noun": 0.9984609465178915,
    "Word Class Adjective": 0.9636048526863085,
    "Word Class Pronoun": 0.9876543209876543,
    "Word Class Number": 0.9754601226993865,
    "Word Class Verbs": 0.9994810586403736,
    "Word Class Participle": 0.9479166666666666,
    "Word Class Adverb": 0.9904564315352697,
    "Word Class Conjunctions": 0.9941666666666666,
    "Word Class Foreign words": 0.6923076923076923,
    "Word Class Unanalyzed word": 0.0,
    "Word Class Abbreviation": 0.9655172413793104,
    "Word Class Web email or address": 0.0,
    "Word Class Punctuation": 0.9993355481727575,
    "Word Class Symbol": 1.0,
    "Word Class R Article": 0.9726027397260274
  },
  "per_word_class_f1": {
    "Word Class Noun": 0.9975014414760716,
    "Word Class Adjective": 0.9644405897658282,
    "Word Class Pronoun": 0.9876543209876543,
    "Word Class Number": 0.9845201238390093,
    "Word Class Verbs": 0.9987036556909515,
    "Word Class Participle": 0.9528795811518324,
    "Word Class Adverb": 0.991484942886812,
    "Word Class Conjunctions": 0.9933388842631141,
    "Word Class Foreign words": 0.7500000000000001,
    "Word Class Unanalyzed word": 0.0,
    "Word Class Abbreviation": 0.9655172413793104,
    "Word Class Web email or address": 0.0,
    "Word Class Punctuation": 0.9996676636756398,
    "Word Class Symbol": 1.0,
    "Word Class R Article": 0.9616252821670428
  },
  "per_interval_accuracy": {
    "Subcategories": 0.984188447886415,
    "Gender": 0.9795302736479207,
    "Number": 0.9910170523751523,
    "Case": 0.9819004524886877,
    "Article": 0.9973066564063101,
    "Proper Noun": 0.9965371296652559,
    "Degree": 0.9902912621359223,
    "Declension": 0.9934980494148244,
    "Mood": 0.9922158796056045,
    "Voice": 0.9994810586403736,
    "Tense": 0.9953295277633627,
    "Person": 0.9911284599006388,
    "Definiteness": 0.9908675799086758
  },
  "per_interval_f1": {
    "Subcategories": 0.978618942798434,
    "Gender": 0.9803364591803115,
    "Number": 0.9888117085455423,
    "Case": 0.9805761891104238,
    "Article": 0.9970867917639777,
    "Proper Noun": 0.9953863878025964,
    "Degree": 0.9857121837254323,
    "Declension": 0.985963852195291,
    "Mood": 0.9895597281900024,
    "Voice": 0.997620144421542,
    "Tense": 0.9958010028854716,
    "Person": 0.9727345665996774,
    "Definiteness": 0.9892478397486253
  },
  "learning_rate": 1.86e-05
}