{
  "epoch": 12,
  "mode": "multilabel",
  "fold": 1,
  "eval_decoder": "greedy",
  "mbr_threshold": 0.0,
  "train_loss": 0.028967420476335583,
  "val_loss": 0.2477973833680153,
  "train_composite_accuracy": 0.9938223645562904,
  "train_composite_micro_f1": 0.9938223645562904,
  "train_composite_macro_f1": 0.9458986645623828,
  "val_composite_accuracy": 0.9713188220230474,
  "val_composite_micro_f1": 0.9713188220230474,
  "val_composite_macro_f1": 0.8815629283680464,
  "per_word_class_accuracy": {
    "Word Class Noun": 0.9984609465178915,
    "Word Class Adjective": 0.9670710571923743,
    "Word Class Pronoun": 0.9842873176206509,
    "Word Class Number": 0.9754601226993865,
    "Word Class Verbs": 0.9968863518422418,
    "Word Class Participle": 0.9635416666666666,
    "Word Class Adverb": 0.9842323651452282,
    "Word Class Conjunctions": 0.9966666666666667,
    "Word Class Foreign words": 0.9230769230769231,
    "Word Class Unanalyzed word": 0.0,
    "Word Class Abbreviation": 0.9655172413793104,
    "Word Class Web email or address": 1.0,
    "Word Class Punctuation": 1.0,
    "Word Class Symbol": 1.0,
    "Word Class R Article": 0.9680365296803652
  },
  "per_word_class_f1": {
    "Word Class Noun": 0.9980769230769232,
    "Word Class Adjective": 0.9604130808950085,
    "Word Class Pronoun": 0.9837352776219853,
    "Word Class Number": 0.9845201238390093,
    "Word Class Verbs": 0.9979220779220779,
    "Word Class Participle": 0.943877551020408,
    "Word Class Adverb": 0.989363920750782,
    "Word Class Conjunctions": 0.9929431299294315,
    "Word Class Foreign words": 0.9230769230769231,
    "Word Class Unanalyzed word": 0.0,
    "Word Class Abbreviation": 0.9824561403508771,
    "Word Class Web email or address": 1.0,
    "Word Class Punctuation": 1.0,
    "Word Class Symbol": 1.0,
    "Word Class R Article": 0.9571106094808125
  },
  "per_interval_accuracy": {
    "Subcategories": 0.9832203936753792,
    "Gender": 0.9803921568627451,
    "Number": 0.9917783191230207,
    "Case": 0.9814695108812755,
    "Article": 0.9980761831473643,
    "Proper Noun": 0.9961523662947287,
    "Degree": 0.9862738533645798,
    "Declension": 0.9947984395318595,
    "Mood": 0.9911779968863519,
    "Voice": 0.9994810586403736,
    "Tense": 0.9927348209652309,
    "Person": 0.9893541518807665,
    "Definiteness": 0.9908675799086758
  },
  "per_interval_f1": {
    "Subcategories": 0.9746154442305611,
    "Gender": 0.9815294923505011,
    "Number": 0.9898921069383162,
    "Case": 0.981969019569131,
    "Article": 0.9979191369742698,
    "Proper Noun": 0.9948711370722658,
    "Degree": 0.9803307210576501,
    "Declension": 0.9899333775711505,
    "Mood": 0.9880327309964889,
    "Voice": 0.997620144421542,
    "Tense": 0.9928209232533503,
    "Person": 0.9749773426963626,
    "Definiteness": 0.9892478397486253
  },
  "learning_rate": 1.76e-05
}