{
  "epoch": 5,
  "mode": "multilabel",
  "fold": 1,
  "eval_decoder": "greedy",
  "mbr_threshold": 0.0,
  "train_loss": 0.09975485060109149,
  "val_loss": 0.2342074066400528,
  "train_composite_accuracy": 0.9812152705342411,
  "train_composite_micro_f1": 0.9812152705342411,
  "train_composite_macro_f1": 0.8405537583847141,
  "val_composite_accuracy": 0.9704702568916959,
  "val_composite_micro_f1": 0.9704702568916959,
  "val_composite_macro_f1": 0.8581859099917372,
  "per_word_class_accuracy": {
    "Word Class Noun": 0.9988457098884186,
    "Word Class Adjective": 0.9532062391681109,
    "Word Class Pronoun": 0.9876543209876543,
    "Word Class Number": 0.9815950920245399,
    "Word Class Verbs": 0.9968863518422418,
    "Word Class Participle": 0.953125,
    "Word Class Adverb": 0.9875518672199171,
    "Word Class Conjunctions": 0.9933333333333333,
    "Word Class Foreign words": 0.6923076923076923,
    "Word Class Unanalyzed word": 0.0,
    "Word Class Abbreviation": 0.9655172413793104,
    "Word Class Web email or address": 0.0,
    "Word Class Punctuation": 0.9993355481727575,
    "Word Class Symbol": 1.0,
    "Word Class R Article": 0.958904109589041
  },
  "per_word_class_f1": {
    "Word Class Noun": 0.9973107952362658,
    "Word Class Adjective": 0.9598603839441536,
    "Word Class Pronoun": 0.9826912339475152,
    "Word Class Number": 0.9846153846153846,
    "Word Class Verbs": 0.9974039460020769,
    "Word Class Participle": 0.9336734693877552,
    "Word Class Adverb": 0.9898107714701601,
    "Word Class Conjunctions": 0.9929196168263223,
    "Word Class Foreign words": 0.7826086956521738,
    "Word Class Unanalyzed word": 0.0,
    "Word Class Abbreviation": 0.9655172413793104,
    "Word Class Web email or address": 0.0,
    "Word Class Punctuation": 0.9996676636756398,
    "Word Class Symbol": 1.0,
    "Word Class R Article": 0.9567198177676538
  },
  "per_interval_accuracy": {
    "Subcategories": 0.984027105517909,
    "Gender": 0.9782374488256841,
    "Number": 0.9904080389768575,
    "Case": 0.9795302736479207,
    "Article": 0.996921893035783,
    "Proper Noun": 0.996921893035783,
    "Degree": 0.9886173418145296,
    "Declension": 0.9934980494148244,
    "Mood": 0.9906590555267255,
    "Voice": 0.9994810586403736,
    "Tense": 0.99429164504411,
    "Person": 0.9904187366926899,
    "Definiteness": 0.9863013698630136
  },
  "per_interval_f1": {
    "Subcategories": 0.9753721564545577,
    "Gender": 0.9786906504254412,
    "Number": 0.9884465236242673,
    "Case": 0.9773658775000611,
    "Article": 0.9966713797572758,
    "Proper Noun": 0.9958884649214395,
    "Degree": 0.9827409455694285,
    "Declension": 0.9859581312875916,
    "Mood": 0.9372501664074998,
    "Voice": 0.997620144421542,
    "Tense": 0.9945440729353434,
    "Person": 0.9704103890859213,
    "Definiteness": 0.9839383938393839
  },
  "learning_rate": 1.9e-05
}