{
  "epoch": 13,
  "mode": "multilabel",
  "fold": 1,
  "eval_decoder": "greedy",
  "mbr_threshold": 0.0,
  "train_loss": 0.02647714913121846,
  "val_loss": 0.25672822296619413,
  "train_composite_accuracy": 0.9943339018381656,
  "train_composite_micro_f1": 0.9943339018381656,
  "train_composite_macro_f1": 0.9481677312222195,
  "val_composite_accuracy": 0.9724332166936929,
  "val_composite_micro_f1": 0.9724332166936929,
  "val_composite_macro_f1": 0.8781536312414607,
  "per_word_class_accuracy": {
    "Word Class Noun": 0.9973066564063101,
    "Word Class Adjective": 0.9653379549393414,
    "Word Class Pronoun": 0.9854096520763187,
    "Word Class Number": 0.9877300613496932,
    "Word Class Verbs": 0.9968863518422418,
    "Word Class Participle": 0.953125,
    "Word Class Adverb": 0.9858921161825727,
    "Word Class Conjunctions": 0.9975,
    "Word Class Foreign words": 0.8461538461538461,
    "Word Class Unanalyzed word": 0.0,
    "Word Class Abbreviation": 0.9310344827586207,
    "Word Class Web email or address": 1.0,
    "Word Class Punctuation": 1.0,
    "Word Class Symbol": 1.0,
    "Word Class R Article": 0.9634703196347032
  },
  "per_word_class_f1": {
    "Word Class Noun": 0.9973066564063101,
    "Word Class Adjective": 0.9595176571920758,
    "Word Class Pronoun": 0.9832026875699887,
    "Word Class Number": 0.9907692307692307,
    "Word Class Verbs": 0.997662944689691,
    "Word Class Participle": 0.9432989690721649,
    "Word Class Adverb": 0.9893816364772018,
    "Word Class Conjunctions": 0.9950124688279303,
    "Word Class Foreign words": 0.8461538461538461,
    "Word Class Unanalyzed word": 0.0,
    "Word Class Abbreviation": 0.9642857142857143,
    "Word Class Web email or address": 1.0,
    "Word Class Punctuation": 1.0,
    "Word Class Symbol": 1.0,
    "Word Class R Article": 0.959090909090909
  },
  "per_interval_accuracy": {
    "Subcategories": 0.9854791868344628,
    "Gender": 0.9806076276664512,
    "Number": 0.9914738124238733,
    "Case": 0.9799612152553329,
    "Article": 0.9965371296652559,
    "Proper Noun": 0.9949980761831474,
    "Degree": 0.986943421493137,
    "Declension": 0.9908972691807543,
    "Mood": 0.9901401141670991,
    "Voice": 0.9994810586403736,
    "Tense": 0.9948105864037364,
    "Person": 0.9897090134847409,
    "Definiteness": 0.9908675799086758
  },
  "per_interval_f1": {
    "Subcategories": 0.9781127542721934,
    "Gender": 0.9814599969071113,
    "Number": 0.9894685312512079,
    "Case": 0.9780990372638568,
    "Article": 0.9962578597184539,
    "Proper Noun": 0.9933427057338797,
    "Degree": 0.9809599886437145,
    "Declension": 0.9807380112564292,
    "Mood": 0.9842201376968156,
    "Voice": 0.997620144421542,
    "Tense": 0.9953363896636788,
    "Person": 0.9755119079788599,
    "Definiteness": 0.9892478397486253
  },
  "learning_rate": 1.7400000000000003e-05
}