{
  "epoch": 4,
  "mode": "multilabel",
  "fold": 1,
  "eval_decoder": "greedy",
  "mbr_threshold": 0.0,
  "train_loss": 0.1302483708230342,
  "val_loss": 0.2412013292312622,
  "train_composite_accuracy": 0.9759079570137249,
  "train_composite_micro_f1": 0.9759079570137249,
  "train_composite_macro_f1": 0.803323599571015,
  "val_composite_accuracy": 0.968320382546324,
  "val_composite_micro_f1": 0.968320382546324,
  "val_composite_macro_f1": 0.8261180856039985,
  "per_word_class_accuracy": {
    "Word Class Noun": 0.996921893035783,
    "Word Class Adjective": 0.9792027729636048,
    "Word Class Pronoun": 0.9842873176206509,
    "Word Class Number": 0.9815950920245399,
    "Word Class Verbs": 0.9979242345614946,
    "Word Class Participle": 0.8854166666666666,
    "Word Class Adverb": 0.9817427385892116,
    "Word Class Conjunctions": 0.995,
    "Word Class Foreign words": 0.6923076923076923,
    "Word Class Unanalyzed word": 0.0,
    "Word Class Abbreviation": 0.9310344827586207,
    "Word Class Web email or address": 0.0,
    "Word Class Punctuation": 0.9993355481727575,
    "Word Class Symbol": 1.0,
    "Word Class R Article": 0.9726027397260274
  },
  "per_word_class_f1": {
    "Word Class Noun": 0.996921893035783,
    "Word Class Adjective": 0.9448160535117057,
    "Word Class Pronoun": 0.9831838565022422,
    "Word Class Number": 0.9876543209876544,
    "Word Class Verbs": 0.9974066390041494,
    "Word Class Participle": 0.9164420485175202,
    "Word Class Adverb": 0.9887170915169243,
    "Word Class Conjunctions": 0.9933444259567388,
    "Word Class Foreign words": 0.7826086956521738,
    "Word Class Unanalyzed word": 0.0,
    "Word Class Abbreviation": 0.9473684210526316,
    "Word Class Web email or address": 0.0,
    "Word Class Punctuation": 0.9996676636756398,
    "Word Class Symbol": 1.0,
    "Word Class R Article": 0.9616252821670428
  },
  "per_interval_accuracy": {
    "Subcategories": 0.9811229428848015,
    "Gender": 0.9810385692738633,
    "Number": 0.989646772228989,
    "Case": 0.9810385692738633,
    "Article": 0.9957676029242016,
    "Proper Noun": 0.9934590227010388,
    "Degree": 0.9842651489789086,
    "Declension": 0.9934980494148244,
    "Mood": 0.9896211728074727,
    "Voice": 0.9984431759211209,
    "Tense": 0.9948105864037364,
    "Person": 0.988999290276792,
    "Definiteness": 0.9954337899543378
  },
  "per_interval_f1": {
    "Subcategories": 0.9610061577511048,
    "Gender": 0.9819257819746001,
    "Number": 0.9877775628972344,
    "Case": 0.9821869022998951,
    "Article": 0.9954262729892216,
    "Proper Noun": 0.9913208416679746,
    "Degree": 0.972528020378683,
    "Declension": 0.9887573285000725,
    "Mood": 0.8595389344262295,
    "Voice": 0.9928604332646258,
    "Tense": 0.9951830367284442,
    "Person": 0.9478547620420785,
    "Definiteness": 0.9946012572414643
  },
  "learning_rate": 1.9200000000000003e-05
}