{
  "epoch": 11,
  "mode": "multilabel",
  "fold": 1,
  "eval_decoder": "greedy",
  "mbr_threshold": 0.0,
  "train_loss": 0.029901151114931055,
  "val_loss": 0.26639878898859026,
  "train_composite_accuracy": 0.9933584090499967,
  "train_composite_micro_f1": 0.9933584090499967,
  "train_composite_macro_f1": 0.9449502474605208,
  "val_composite_accuracy": 0.970906919204846,
  "val_composite_micro_f1": 0.970906919204846,
  "val_composite_macro_f1": 0.8713657795210795,
  "per_word_class_accuracy": {
    "Word Class Noun": 0.996921893035783,
    "Word Class Adjective": 0.9653379549393414,
    "Word Class Pronoun": 0.9842873176206509,
    "Word Class Number": 0.9815950920245399,
    "Word Class Verbs": 0.9974052932018682,
    "Word Class Participle": 0.9583333333333334,
    "Word Class Adverb": 0.9829875518672199,
    "Word Class Conjunctions": 0.9941666666666666,
    "Word Class Foreign words": 0.8461538461538461,
    "Word Class Unanalyzed word": 0.0,
    "Word Class Abbreviation": 1.0,
    "Word Class Web email or address": 0.0,
    "Word Class Punctuation": 1.0,
    "Word Class Symbol": 1.0,
    "Word Class R Article": 0.9726027397260274
  },
  "per_word_class_f1": {
    "Word Class Noun": 0.9976896418944936,
    "Word Class Adjective": 0.9636678200692043,
    "Word Class Pronoun": 0.9815332960268607,
    "Word Class Number": 0.9876543209876544,
    "Word Class Verbs": 0.9979231568016614,
    "Word Class Participle": 0.9363867684478373,
    "Word Class Adverb": 0.9887312186978297,
    "Word Class Conjunctions": 0.9900414937759335,
    "Word Class Foreign words": 0.8148148148148148,
    "Word Class Unanalyzed word": 0.0,
    "Word Class Abbreviation": 0.983050847457627,
    "Word Class Web email or address": 0.0,
    "Word Class Punctuation": 1.0,
    "Word Class Symbol": 1.0,
    "Word Class R Article": 0.9530201342281879
  },
  "per_interval_accuracy": {
    "Subcategories": 0.9816069699903195,
    "Gender": 0.9797457444516268,
    "Number": 0.9919305724725944,
    "Case": 0.9814695108812755,
    "Article": 0.9961523662947287,
    "Proper Noun": 0.9949980761831474,
    "Degree": 0.9842651489789086,
    "Declension": 0.9947984395318595,
    "Mood": 0.9922158796056045,
    "Voice": 0.9994810586403736,
    "Tense": 0.9958484691229891,
    "Person": 0.9900638750887154,
    "Definiteness": 0.9908675799086758
  },
  "per_interval_f1": {
    "Subcategories": 0.9749595429219291,
    "Gender": 0.9812997544186564,
    "Number": 0.9901058944724662,
    "Case": 0.9799600562358911,
    "Article": 0.9958430100509907,
    "Proper Noun": 0.9933427057338797,
    "Degree": 0.9751769425145151,
    "Declension": 0.9899396940233904,
    "Mood": 0.9875516973879617,
    "Voice": 0.997620144421542,
    "Tense": 0.9962659998809311,
    "Person": 0.975879620751243,
    "Definiteness": 0.9892478397486253
  },
  "learning_rate": 1.7800000000000002e-05
}