{
  "best_epoch": 15,
  "total_epochs_trained": 15,
  "mode": "multilabel",
  "fold": 7,
  "optimizer": "adamw",
  "eval_decoder": "greedy",
  "mbr_threshold": 0.0,
  "train_loss": 0.021403995955978375,
  "val_loss": 0.2691538527607918,
  "train_composite_accuracy": 0.9956980874057473,
  "train_composite_micro_f1": 0.9956980874057473,
  "train_composite_macro_f1": 0.9664159256881623,
  "val_composite_accuracy": 0.9754283326368575,
  "val_composite_micro_f1": 0.9754283326368575,
  "val_composite_macro_f1": 0.8754989623021864,
  "per_word_class_accuracy": {
    "Word Class Noun": 0.9966517857142857,
    "Word Class Adjective": 0.9704510108864697,
    "Word Class Pronoun": 0.9853768278965129,
    "Word Class Number": 0.9920634920634921,
    "Word Class Verbs": 0.9979220779220779,
    "Word Class Participle": 0.9408602150537635,
    "Word Class Adverb": 0.989665150888797,
    "Word Class Conjunctions": 0.9928343949044586,
    "Word Class Foreign words": 0.4666666666666667,
    "Word Class Unanalyzed word": 0.0,
    "Word Class Abbreviation": 1.0,
    "Word Class Web email or address": 0.0,
    "Word Class Punctuation": 1.0,
    "Word Class Symbol": 1.0,
    "Word Class R Article": 0.9713114754098361
  },
  "per_word_class_f1": {
    "Word Class Noun": 0.9960959286112661,
    "Word Class Adjective": 0.9622205088666153,
    "Word Class Pronoun": 0.9859313449634215,
    "Word Class Number": 0.9765625,
    "Word Class Verbs": 0.998181345804105,
    "Word Class Participle": 0.9615384615384615,
    "Word Class Adverb": 0.9900744416873449,
    "Word Class Conjunctions": 0.9940215225189317,
    "Word Class Foreign words": 0.6363636363636364,
    "Word Class Unanalyzed word": 0.0,
    "Word Class Abbreviation": 1.0,
    "Word Class Web email or address": 0.0,
    "Word Class Punctuation": 1.0,
    "Word Class Symbol": 1.0,
    "Word Class R Article": 0.9614604462474644
  },
  "per_interval_accuracy": {
    "Subcategories": 0.9859716244221266,
    "Gender": 0.9836683417085427,
    "Number": 0.9920907327264588,
    "Case": 0.984715242881072,
    "Article": 0.9955357142857143,
    "Proper Noun": 0.9951636904761905,
    "Degree": 0.988569562377531,
    "Declension": 0.9891435464414958,
    "Mood": 0.9948051948051948,
    "Voice": 0.9989610389610389,
    "Tense": 0.9958441558441559,
    "Person": 0.9907604832977968,
    "Definiteness": 0.9836065573770492
  },
  "per_interval_f1": {
    "Subcategories": 0.971111599140012,
    "Gender": 0.9835304294315884,
    "Number": 0.9903773155399952,
    "Case": 0.981553008318652,
    "Article": 0.9951018504120666,
    "Proper Noun": 0.9938155704129271,
    "Degree": 0.9840926415972818,
    "Declension": 0.9868851810000349,
    "Mood": 0.9926819585038267,
    "Voice": 0.9944636180615474,
    "Tense": 0.9960720189629128,
    "Person": 0.9548063444885776,
    "Definiteness": 0.9827622748145531
  },
  "learning_rate": 1.7e-05,
  "base_learning_rate": 2e-05,
  "warmup_ratio": 0.0
}