{
  "epoch": 8,
  "mode": "multilabel",
  "fold": 7,
  "eval_decoder": "greedy",
  "mbr_threshold": 0.0,
  "train_loss": 0.05396979576955499,
  "val_loss": 0.23901018053293227,
  "train_composite_accuracy": 0.9891324999050044,
  "train_composite_micro_f1": 0.9891324999050044,
  "train_composite_macro_f1": 0.9059910286716368,
  "val_composite_accuracy": 0.9730881738403677,
  "val_composite_micro_f1": 0.9730881738403677,
  "val_composite_macro_f1": 0.8654303381400141,
  "per_word_class_accuracy": {
    "Word Class Noun": 0.9981398809523809,
    "Word Class Adjective": 0.9720062208398134,
    "Word Class Pronoun": 0.9876265466816648,
    "Word Class Number": 0.9920634920634921,
    "Word Class Verbs": 0.9979220779220779,
    "Word Class Participle": 0.9623655913978495,
    "Word Class Adverb": 0.9813972715998347,
    "Word Class Conjunctions": 0.9968152866242038,
    "Word Class Foreign words": 0.4666666666666667,
    "Word Class Unanalyzed word": 0.0,
    "Word Class Abbreviation": 1.0,
    "Word Class Web email or address": 0.0,
    "Word Class Punctuation": 1.0,
    "Word Class Symbol": 1.0,
    "Word Class R Article": 0.9754098360655737
  },
  "per_word_class_f1": {
    "Word Class Noun": 0.9968419097157718,
    "Word Class Adjective": 0.9593246354566386,
    "Word Class Pronoun": 0.9848569826135727,
    "Word Class Number": 0.9765625,
    "Word Class Verbs": 0.9984407484407485,
    "Word Class Participle": 0.9597855227882037,
    "Word Class Adverb": 0.9879317519766958,
    "Word Class Conjunctions": 0.9956262425447316,
    "Word Class Foreign words": 0.6363636363636364,
    "Word Class Unanalyzed word": 0.0,
    "Word Class Abbreviation": 1.0,
    "Word Class Web email or address": 0.0,
    "Word Class Punctuation": 1.0,
    "Word Class Symbol": 1.0,
    "Word Class R Article": 0.9655172413793104
  },
  "per_interval_accuracy": {
    "Subcategories": 0.9845369041925713,
    "Gender": 0.9807370184254607,
    "Number": 0.99223996418445,
    "Case": 0.983249581239531,
    "Article": 0.9959077380952381,
    "Proper Noun": 0.9966517857142857,
    "Degree": 0.9833442194644023,
    "Declension": 0.9927623642943305,
    "Mood": 0.9942857142857143,
    "Voice": 0.9984415584415585,
    "Tense": 0.9932467532467533,
    "Person": 0.9907604832977968,
    "Definiteness": 0.9795081967213115
  },
  "per_interval_f1": {
    "Subcategories": 0.9661210968122104,
    "Gender": 0.9814899132584114,
    "Number": 0.9906071507797397,
    "Case": 0.983579873929234,
    "Article": 0.995504551322507,
    "Proper Noun": 0.9957031530991487,
    "Degree": 0.7774565941888739,
    "Declension": 0.9903814700186194,
    "Mood": 0.9922882348443907,
    "Voice": 0.991653767944399,
    "Tense": 0.9935436021982408,
    "Person": 0.9640786045031164,
    "Definiteness": 0.9784934863468895
  },
  "learning_rate": 1.8400000000000003e-05
}