{
  "epoch": 3,
  "mode": "multilabel",
  "fold": 7,
  "eval_decoder": "greedy",
  "mbr_threshold": 0.0,
  "train_loss": 0.18307213485240936,
  "val_loss": 0.24437815994024276,
  "train_composite_accuracy": 0.9686744695023314,
  "train_composite_micro_f1": 0.9686744695023314,
  "train_composite_macro_f1": 0.7510162892390324,
  "val_composite_accuracy": 0.9687238668673691,
  "val_composite_micro_f1": 0.9687238668673691,
  "val_composite_macro_f1": 0.8446817516521326,
  "per_word_class_accuracy": {
    "Word Class Noun": 0.9985119047619048,
    "Word Class Adjective": 0.9548989113530326,
    "Word Class Pronoun": 0.9808773903262092,
    "Word Class Number": 0.9841269841269841,
    "Word Class Verbs": 0.9989610389610389,
    "Word Class Participle": 0.956989247311828,
    "Word Class Adverb": 0.9801570897064903,
    "Word Class Conjunctions": 0.9984076433121019,
    "Word Class Foreign words": 0.3333333333333333,
    "Word Class Unanalyzed word": 0.0,
    "Word Class Abbreviation": 0.9523809523809523,
    "Word Class Web email or address": 0.0,
    "Word Class Punctuation": 1.0,
    "Word Class Symbol": 1.0,
    "Word Class R Article": 0.9836065573770492
  },
  "per_word_class_f1": {
    "Word Class Noun": 0.9962880475129918,
    "Word Class Adjective": 0.9497293116782676,
    "Word Class Pronoun": 0.981981981981982,
    "Word Class Number": 0.9880478087649401,
    "Word Class Verbs": 0.998442367601246,
    "Word Class Participle": 0.9493333333333334,
    "Word Class Adverb": 0.9862728785357737,
    "Word Class Conjunctions": 0.9944488501189532,
    "Word Class Foreign words": 0.5,
    "Word Class Unanalyzed word": 0.0,
    "Word Class Abbreviation": 0.975609756097561,
    "Word Class Web email or address": 0.0,
    "Word Class Punctuation": 1.0,
    "Word Class Symbol": 1.0,
    "Word Class R Article": 0.9638554216867471
  },
  "per_interval_accuracy": {
    "Subcategories": 0.9829427706041767,
    "Gender": 0.9788525963149078,
    "Number": 0.9897030293985972,
    "Case": 0.9813651591289783,
    "Article": 0.9962797619047619,
    "Proper Noun": 0.9947916666666666,
    "Degree": 0.9813847158719791,
    "Declension": 0.9903498190591074,
    "Mood": 0.9916883116883117,
    "Voice": 0.9968831168831169,
    "Tense": 0.9937662337662337,
    "Person": 0.9889836531627576,
    "Definiteness": 0.9877049180327869
  },
  "per_interval_f1": {
    "Subcategories": 0.9489145576402525,
    "Gender": 0.9804706516491436,
    "Number": 0.9878202279210377,
    "Case": 0.9827239469335092,
    "Article": 0.9959162217758967,
    "Proper Noun": 0.9933130146021927,
    "Degree": 0.7700210044264473,
    "Declension": 0.9879960450366377,
    "Mood": 0.9897201651883821,
    "Voice": 0.9830521904493591,
    "Tense": 0.994013923597496,
    "Person": 0.9615790110381336,
    "Definiteness": 0.9870467696554652
  },
  "learning_rate": 1.94e-05
}