{
  "epoch": 14,
  "mode": "multilabel",
  "fold": 7,
  "eval_decoder": "greedy",
  "mbr_threshold": 0.0,
  "train_loss": 0.022799466950127523,
  "val_loss": 0.2882050067186356,
  "train_composite_accuracy": 0.9951663754463268,
  "train_composite_micro_f1": 0.9951663754463268,
  "train_composite_macro_f1": 0.9419280695812365,
  "val_composite_accuracy": 0.9750167112299465,
  "val_composite_micro_f1": 0.9750167112299464,
  "val_composite_macro_f1": 0.8779721603347928,
  "per_word_class_accuracy": {
    "Word Class Noun": 0.9981398809523809,
    "Word Class Adjective": 0.9642301710730948,
    "Word Class Pronoun": 0.9898762654668166,
    "Word Class Number": 0.9841269841269841,
    "Word Class Verbs": 0.9979220779220779,
    "Word Class Participle": 0.9623655913978495,
    "Word Class Adverb": 0.9822240595287309,
    "Word Class Conjunctions": 0.9968152866242038,
    "Word Class Foreign words": 0.4666666666666667,
    "Word Class Unanalyzed word": 0.0,
    "Word Class Abbreviation": 1.0,
    "Word Class Web email or address": 0.0,
    "Word Class Punctuation": 1.0,
    "Word Class Symbol": 1.0,
    "Word Class R Article": 0.9590163934426229
  },
  "per_word_class_f1": {
    "Word Class Noun": 0.9968419097157718,
    "Word Class Adjective": 0.9604957397366384,
    "Word Class Pronoun": 0.9826912339475153,
    "Word Class Number": 0.9763779527559054,
    "Word Class Verbs": 0.9976629446896911,
    "Word Class Participle": 0.9572192513368984,
    "Word Class Adverb": 0.9877364373311163,
    "Word Class Conjunctions": 0.9940452560539896,
    "Word Class Foreign words": 0.6363636363636364,
    "Word Class Unanalyzed word": 0.0,
    "Word Class Abbreviation": 1.0,
    "Word Class Web email or address": 0.0,
    "Word Class Punctuation": 1.0,
    "Word Class Symbol": 1.0,
    "Word Class R Article": 0.962962962962963
  },
  "per_interval_accuracy": {
    "Subcategories": 0.9856527977044476,
    "Gender": 0.9845058626465661,
    "Number": 0.9934338158483809,
    "Case": 0.9857621440536013,
    "Article": 0.9962797619047619,
    "Proper Noun": 0.9973958333333334,
    "Degree": 0.983670803396473,
    "Declension": 0.9903498190591074,
    "Mood": 0.9942857142857143,
    "Voice": 0.9989610389610389,
    "Tense": 0.9937662337662337,
    "Person": 0.9914712153518124,
    "Definiteness": 0.9795081967213115
  },
  "per_interval_f1": {
    "Subcategories": 0.9697337960773706,
    "Gender": 0.9855051894573743,
    "Number": 0.9921912978739132,
    "Case": 0.9880982974716235,
    "Article": 0.9959142279714871,
    "Proper Noun": 0.9966639853496193,
    "Degree": 0.9385132070478249,
    "Declension": 0.99072824646312,
    "Mood": 0.991675266614671,
    "Voice": 0.9944636180615474,
    "Tense": 0.9940061850527963,
    "Person": 0.9653462680966048,
    "Definiteness": 0.9784934863468895
  },
  "learning_rate": 1.72e-05
}