{
  "epoch": 7,
  "mode": "multilabel",
  "fold": 7,
  "eval_decoder": "greedy",
  "mbr_threshold": 0.0,
  "train_loss": 0.05922627000319819,
  "val_loss": 0.2308681756258011,
  "train_composite_accuracy": 0.9882772051489099,
  "train_composite_micro_f1": 0.9882772051489099,
  "train_composite_macro_f1": 0.89419350994105,
  "val_composite_accuracy": 0.9729232826341301,
  "val_composite_micro_f1": 0.9729232826341301,
  "val_composite_macro_f1": 0.8681147515628538,
  "per_word_class_accuracy": {
    "Word Class Noun": 0.9985119047619048,
    "Word Class Adjective": 0.9626749611197511,
    "Word Class Pronoun": 0.9898762654668166,
    "Word Class Number": 0.9920634920634921,
    "Word Class Verbs": 0.9984415584415585,
    "Word Class Participle": 0.9623655913978495,
    "Word Class Adverb": 0.9842910293509715,
    "Word Class Conjunctions": 0.9968152866242038,
    "Word Class Foreign words": 0.4666666666666667,
    "Word Class Unanalyzed word": 0.0,
    "Word Class Abbreviation": 1.0,
    "Word Class Web email or address": 0.0,
    "Word Class Punctuation": 1.0,
    "Word Class Symbol": 1.0,
    "Word Class R Article": 0.9672131147540983
  },
  "per_word_class_f1": {
    "Word Class Noun": 0.9966580022279985,
    "Word Class Adjective": 0.9611801242236024,
    "Word Class Pronoun": 0.9865470852017937,
    "Word Class Number": 0.9842519685039369,
    "Word Class Verbs": 0.998960498960499,
    "Word Class Participle": 0.9597855227882037,
    "Word Class Adverb": 0.9887873754152825,
    "Word Class Conjunctions": 0.9936507936507937,
    "Word Class Foreign words": 0.5833333333333334,
    "Word Class Unanalyzed word": 0.0,
    "Word Class Abbreviation": 0.9767441860465117,
    "Word Class Web email or address": 0.0,
    "Word Class Punctuation": 1.0,
    "Word Class Symbol": 1.0,
    "Word Class R Article": 0.9672131147540983
  },
  "per_interval_accuracy": {
    "Subcategories": 0.9858122110632871,
    "Gender": 0.9822026800670016,
    "Number": 0.9920907327264588,
    "Case": 0.9830402010050251,
    "Article": 0.9962797619047619,
    "Proper Noun": 0.9970238095238095,
    "Degree": 0.9833442194644023,
    "Declension": 0.9903498190591074,
    "Mood": 0.9937662337662337,
    "Voice": 0.9989610389610389,
    "Tense": 0.9932467532467533,
    "Person": 0.9914712153518124,
    "Definiteness": 0.9795081967213115
  },
  "per_interval_f1": {
    "Subcategories": 0.971090782192811,
    "Gender": 0.9834214341383098,
    "Number": 0.9905761189242178,
    "Case": 0.9830434624265202,
    "Article": 0.9959142279714871,
    "Proper Noun": 0.9961857083258836,
    "Degree": 0.775463428252373,
    "Declension": 0.9879960450366377,
    "Mood": 0.9918695267936048,
    "Voice": 0.9944636180615474,
    "Tense": 0.9935349504390251,
    "Person": 0.9596819189539532,
    "Definiteness": 0.9784934863468895
  },
  "learning_rate": 1.86e-05
}