{
  "epoch": 10,
  "mode": "multilabel",
  "fold": 7,
  "eval_decoder": "greedy",
  "mbr_threshold": 0.0,
  "train_loss": 0.038644847443823474,
  "val_loss": 0.2448888123035431,
  "train_composite_accuracy": 0.9919729455015247,
  "train_composite_micro_f1": 0.9919729455015247,
  "train_composite_macro_f1": 0.9125778550461665,
  "val_composite_accuracy": 0.9736754136720709,
  "val_composite_micro_f1": 0.9736754136720709,
  "val_composite_macro_f1": 0.8794340631027947,
  "per_word_class_accuracy": {
    "Word Class Noun": 0.9981398809523809,
    "Word Class Adjective": 0.9720062208398134,
    "Word Class Pronoun": 0.9853768278965129,
    "Word Class Number": 0.9920634920634921,
    "Word Class Verbs": 0.9979220779220779,
    "Word Class Participle": 0.9408602150537635,
    "Word Class Adverb": 0.9842910293509715,
    "Word Class Conjunctions": 0.9960191082802548,
    "Word Class Foreign words": 0.4666666666666667,
    "Word Class Unanalyzed word": 0.0,
    "Word Class Abbreviation": 1.0,
    "Word Class Web email or address": 0.0,
    "Word Class Punctuation": 1.0,
    "Word Class Symbol": 1.0,
    "Word Class R Article": 0.9672131147540983
  },
  "per_word_class_f1": {
    "Word Class Noun": 0.9964716805942432,
    "Word Class Adjective": 0.9600614439324117,
    "Word Class Pronoun": 0.9837170129140931,
    "Word Class Number": 0.9842519685039369,
    "Word Class Verbs": 0.9979220779220779,
    "Word Class Participle": 0.9589041095890412,
    "Word Class Adverb": 0.9887873754152825,
    "Word Class Conjunctions": 0.9948310139165009,
    "Word Class Foreign words": 0.6363636363636364,
    "Word Class Unanalyzed word": 0.0,
    "Word Class Abbreviation": 1.0,
    "Word Class Web email or address": 0.0,
    "Word Class Punctuation": 1.0,
    "Word Class Symbol": 1.0,
    "Word Class R Article": 0.959349593495935
  },
  "per_interval_accuracy": {
    "Subcategories": 0.9838992507572134,
    "Gender": 0.9822026800670016,
    "Number": 0.9929861214744068,
    "Case": 0.9849246231155779,
    "Article": 0.9959077380952381,
    "Proper Noun": 0.9970238095238095,
    "Degree": 0.9856303069888962,
    "Declension": 0.9927623642943305,
    "Mood": 0.9953246753246753,
    "Voice": 0.9989610389610389,
    "Tense": 0.9948051948051948,
    "Person": 0.9907604832977968,
    "Definiteness": 0.9795081967213115
  },
  "per_interval_f1": {
    "Subcategories": 0.967275574457397,
    "Gender": 0.9833103077201534,
    "Number": 0.9916826521606722,
    "Case": 0.9864984915149261,
    "Article": 0.9955089376969909,
    "Proper Noun": 0.9961822926837929,
    "Degree": 0.7811101993597186,
    "Declension": 0.9930704962707976,
    "Mood": 0.9924604535489189,
    "Voice": 0.9944077762413284,
    "Tense": 0.9951349623358537,
    "Person": 0.9631786391330608,
    "Definiteness": 0.9784934863468895
  },
  "learning_rate": 1.8e-05
}