{
  "epoch": 5,
  "mode": "multilabel",
  "fold": 7,
  "eval_decoder": "greedy",
  "mbr_threshold": 0.0,
  "train_loss": 0.09346964903544563,
  "val_loss": 0.22015011310577393,
  "train_composite_accuracy": 0.9823130803372014,
  "train_composite_micro_f1": 0.9823130803372014,
  "train_composite_macro_f1": 0.836471216212791,
  "val_composite_accuracy": 0.9712518803275949,
  "val_composite_micro_f1": 0.9712518803275949,
  "val_composite_macro_f1": 0.8664881331912682,
  "per_word_class_accuracy": {
    "Word Class Noun": 0.9977678571428571,
    "Word Class Adjective": 0.9548989113530326,
    "Word Class Pronoun": 0.9865016872890888,
    "Word Class Number": 0.9761904761904762,
    "Word Class Verbs": 0.9989610389610389,
    "Word Class Participle": 0.9516129032258065,
    "Word Class Adverb": 0.9847044233154196,
    "Word Class Conjunctions": 0.9968152866242038,
    "Word Class Foreign words": 0.4666666666666667,
    "Word Class Unanalyzed word": 0.0,
    "Word Class Abbreviation": 1.0,
    "Word Class Web email or address": 0.0,
    "Word Class Punctuation": 1.0,
    "Word Class Symbol": 1.0,
    "Word Class R Article": 0.9631147540983607
  },
  "per_word_class_f1": {
    "Word Class Noun": 0.9966555183946487,
    "Word Class Adjective": 0.9571317225253311,
    "Word Class Pronoun": 0.9815332960268607,
    "Word Class Number": 0.9840000000000001,
    "Word Class Verbs": 0.998442367601246,
    "Word Class Participle": 0.946524064171123,
    "Word Class Adverb": 0.987766950031101,
    "Word Class Conjunctions": 0.9940452560539896,
    "Word Class Foreign words": 0.6363636363636364,
    "Word Class Unanalyzed word": 0.0,
    "Word Class Abbreviation": 1.0,
    "Word Class Web email or address": 0.0,
    "Word Class Punctuation": 1.0,
    "Word Class Symbol": 1.0,
    "Word Class R Article": 0.9591836734693877
  },
  "per_interval_accuracy": {
    "Subcategories": 0.9834210106806951,
    "Gender": 0.9796901172529313,
    "Number": 0.9914938068944934,
    "Case": 0.9836683417085427,
    "Article": 0.9951636904761905,
    "Proper Noun": 0.9966517857142857,
    "Degree": 0.9830176355323318,
    "Declension": 0.9903498190591074,
    "Mood": 0.9942857142857143,
    "Voice": 0.9989610389610389,
    "Tense": 0.9942857142857143,
    "Person": 0.9911158493248046,
    "Definiteness": 0.9877049180327869
  },
  "per_interval_f1": {
    "Subcategories": 0.9689468690945804,
    "Gender": 0.9810044145566147,
    "Number": 0.989863963905688,
    "Case": 0.9803976770283281,
    "Article": 0.9946949594068144,
    "Proper Noun": 0.9957108383066535,
    "Degree": 0.7752287360798992,
    "Declension": 0.9885573396434711,
    "Mood": 0.991675266614671,
    "Voice": 0.9944636180615474,
    "Tense": 0.9944726553339037,
    "Person": 0.9647104017150767,
    "Definiteness": 0.9870467696554652
  },
  "learning_rate": 1.9e-05
}