{
  "epoch": 2,
  "mode": "multilabel",
  "fold": 7,
  "eval_decoder": "greedy",
  "mbr_threshold": 0.0,
  "train_loss": 0.29465621389893293,
  "val_loss": 0.279086147248745,
  "train_composite_accuracy": 0.9537213558546536,
  "train_composite_micro_f1": 0.9537213558546536,
  "train_composite_macro_f1": 0.6575074713512771,
  "val_composite_accuracy": 0.9636196370327005,
  "val_composite_micro_f1": 0.9636196370327005,
  "val_composite_macro_f1": 0.8187369865863364,
  "per_word_class_accuracy": {
    "Word Class Noun": 0.9985119047619048,
    "Word Class Adjective": 0.9502332814930016,
    "Word Class Pronoun": 0.9763779527559056,
    "Word Class Number": 0.9920634920634921,
    "Word Class Verbs": 0.9984415584415585,
    "Word Class Participle": 0.9247311827956989,
    "Word Class Adverb": 0.9793303017775941,
    "Word Class Conjunctions": 0.9968152866242038,
    "Word Class Foreign words": 0.4666666666666667,
    "Word Class Unanalyzed word": 0.0,
    "Word Class Abbreviation": 0.6190476190476191,
    "Word Class Web email or address": 0.0,
    "Word Class Punctuation": 1.0,
    "Word Class Symbol": 0.5,
    "Word Class R Article": 0.9795081967213115
  },
  "per_word_class_f1": {
    "Word Class Noun": 0.9944423860689144,
    "Word Class Adjective": 0.9421742482652274,
    "Word Class Pronoun": 0.9785794813979708,
    "Word Class Number": 0.9842519685039369,
    "Word Class Verbs": 0.998182290314204,
    "Word Class Participle": 0.9322493224932249,
    "Word Class Adverb": 0.9854409317803661,
    "Word Class Conjunctions": 0.994440031771247,
    "Word Class Foreign words": 0.6363636363636364,
    "Word Class Unanalyzed word": 0.0,
    "Word Class Abbreviation": 0.7647058823529412,
    "Word Class Web email or address": 0.0,
    "Word Class Punctuation": 1.0,
    "Word Class Symbol": 0.6666666666666666,
    "Word Class R Article": 0.9560000000000001
  },
  "per_interval_accuracy": {
    "Subcategories": 0.9773633030447951,
    "Gender": 0.9744556113902848,
    "Number": 0.9892553350246232,
    "Case": 0.9811557788944724,
    "Article": 0.9955357142857143,
    "Proper Noun": 0.9940476190476191,
    "Degree": 0.9787720444154148,
    "Declension": 0.991556091676719,
    "Mood": 0.9942857142857143,
    "Voice": 0.9968831168831169,
    "Tense": 0.9937662337662337,
    "Person": 0.9879175550817342,
    "Definiteness": 0.9877049180327869
  },
  "per_interval_f1": {
    "Subcategories": 0.8904184795056017,
    "Gender": 0.9757894907998773,
    "Number": 0.9878039088652653,
    "Case": 0.9816345972361347,
    "Article": 0.9950946726953205,
    "Proper Noun": 0.9923645853675856,
    "Degree": 0.7627888850841387,
    "Declension": 0.9897344103676128,
    "Mood": 0.9092512338365677,
    "Voice": 0.9830521904493591,
    "Tense": 0.9936449459170861,
    "Person": 0.949953236728303,
    "Definiteness": 0.9870467696554652
  },
  "learning_rate": 1.9600000000000002e-05
}