{
  "epoch": 9,
  "mode": "multilabel",
  "fold": 7,
  "eval_decoder": "greedy",
  "mbr_threshold": 0.0,
  "train_loss": 0.04270136535365617,
  "val_loss": 0.24350558817386628,
  "train_composite_accuracy": 0.9913377974070381,
  "train_composite_micro_f1": 0.9913377974070381,
  "train_composite_macro_f1": 0.9193023986994837,
  "val_composite_accuracy": 0.9733389051399917,
  "val_composite_micro_f1": 0.9733389051399917,
  "val_composite_macro_f1": 0.8698514849617611,
  "per_word_class_accuracy": {
    "Word Class Noun": 0.9985119047619048,
    "Word Class Adjective": 0.973561430793157,
    "Word Class Pronoun": 0.9865016872890888,
    "Word Class Number": 0.9841269841269841,
    "Word Class Verbs": 0.9979220779220779,
    "Word Class Participle": 0.946236559139785,
    "Word Class Adverb": 0.9822240595287309,
    "Word Class Conjunctions": 0.9968152866242038,
    "Word Class Foreign words": 0.4666666666666667,
    "Word Class Unanalyzed word": 0.0,
    "Word Class Abbreviation": 0.9523809523809523,
    "Word Class Web email or address": 0.0,
    "Word Class Punctuation": 1.0,
    "Word Class Symbol": 1.0,
    "Word Class R Article": 0.9754098360655737
  },
  "per_word_class_f1": {
    "Word Class Noun": 0.9964729905327641,
    "Word Class Adjective": 0.9615975422427034,
    "Word Class Pronoun": 0.9837352776219853,
    "Word Class Number": 0.9880478087649401,
    "Word Class Verbs": 0.9984407484407485,
    "Word Class Participle": 0.9617486338797814,
    "Word Class Adverb": 0.9881472239550841,
    "Word Class Conjunctions": 0.9936507936507937,
    "Word Class Foreign words": 0.6363636363636364,
    "Word Class Unanalyzed word": 0.0,
    "Word Class Abbreviation": 0.975609756097561,
    "Word Class Web email or address": 0.0,
    "Word Class Punctuation": 1.0,
    "Word Class Symbol": 1.0,
    "Word Class R Article": 0.9616161616161617
  },
  "per_interval_accuracy": {
    "Subcategories": 0.9842180774748924,
    "Gender": 0.9826214405360134,
    "Number": 0.9932845843903895,
    "Case": 0.9838777219430486,
    "Article": 0.9966517857142857,
    "Proper Noun": 0.9966517857142857,
    "Degree": 0.9823644676681907,
    "Declension": 0.9927623642943305,
    "Mood": 0.9948051948051948,
    "Voice": 0.9984415584415585,
    "Tense": 0.9937662337662337,
    "Person": 0.990405117270789,
    "Definiteness": 0.9877049180327869
  },
  "per_interval_f1": {
    "Subcategories": 0.9669332932890397,
    "Gender": 0.9837271955713127,
    "Number": 0.991914139550032,
    "Case": 0.9847465446895782,
    "Article": 0.9963237031639525,
    "Proper Noun": 0.9957031530991487,
    "Degree": 0.7767919705906868,
    "Declension": 0.9930215762390538,
    "Mood": 0.9926747868112209,
    "Voice": 0.991653767944399,
    "Tense": 0.9940022793925115,
    "Person": 0.9569852009743305,
    "Definiteness": 0.9870467696554652
  },
  "learning_rate": 1.8200000000000002e-05
}