{
  "epoch": 1,
  "mode": "multilabel",
  "fold": 7,
  "eval_decoder": "greedy",
  "mbr_threshold": 0.0,
  "train_loss": 1.3461199131247952,
  "val_loss": 0.3905537337064743,
  "train_composite_accuracy": 0.8336755851509231,
  "train_composite_micro_f1": 0.8336755851509231,
  "train_composite_macro_f1": 0.4274185810316773,
  "val_composite_accuracy": 0.9514359876078037,
  "val_composite_micro_f1": 0.9514359876078037,
  "val_composite_macro_f1": 0.7508089974419815,
  "per_word_class_accuracy": {
    "Word Class Noun": 0.9966517857142857,
    "Word Class Adjective": 0.9471228615863142,
    "Word Class Pronoun": 0.9775028121484814,
    "Word Class Number": 0.9523809523809523,
    "Word Class Verbs": 0.9948051948051948,
    "Word Class Participle": 0.9139784946236559,
    "Word Class Adverb": 0.9801570897064903,
    "Word Class Conjunctions": 0.9928343949044586,
    "Word Class Foreign words": 0.0,
    "Word Class Unanalyzed word": 0.0,
    "Word Class Abbreviation": 0.2857142857142857,
    "Word Class Web email or address": 0.0,
    "Word Class Punctuation": 1.0,
    "Word Class Symbol": 0.0,
    "Word Class R Article": 0.9795081967213115
  },
  "per_word_class_f1": {
    "Word Class Noun": 0.9924060011113169,
    "Word Class Adjective": 0.9383667180277351,
    "Word Class Pronoun": 0.9753086419753086,
    "Word Class Number": 0.963855421686747,
    "Word Class Verbs": 0.9958398335933437,
    "Word Class Participle": 0.9090909090909091,
    "Word Class Adverb": 0.9840215812409213,
    "Word Class Conjunctions": 0.9928343949044586,
    "Word Class Foreign words": 0.0,
    "Word Class Unanalyzed word": 0.0,
    "Word Class Abbreviation": 0.4444444444444445,
    "Word Class Web email or address": 0.0,
    "Word Class Punctuation": 1.0,
    "Word Class Symbol": 0.0,
    "Word Class R Article": 0.9465346534653465
  },
  "per_interval_accuracy": {
    "Subcategories": 0.9721026622030926,
    "Gender": 0.9641959798994975,
    "Number": 0.9856737800328309,
    "Case": 0.9750837520938024,
    "Article": 0.9925595238095238,
    "Proper Noun": 0.9906994047619048,
    "Degree": 0.9748530372305683,
    "Declension": 0.9867310012062727,
    "Mood": 0.9922077922077922,
    "Voice": 0.9864935064935065,
    "Tense": 0.9911688311688311,
    "Person": 0.9847192608386638,
    "Definiteness": 0.9959016393442623
  },
  "per_interval_f1": {
    "Subcategories": 0.8690478217180265,
    "Gender": 0.9657313397033006,
    "Number": 0.9829792070322002,
    "Case": 0.9679946626426021,
    "Article": 0.9918284559429743,
    "Proper Noun": 0.9881174147950563,
    "Degree": 0.7472369952193232,
    "Declension": 0.9802215424301304,
    "Mood": 0.7367786257899036,
    "Voice": 0.9190883577765707,
    "Tense": 0.9916551889754915,
    "Person": 0.9255297001831494,
    "Definiteness": 0.9956650736404498
  },
  "learning_rate": 1.98e-05
}