{
  "epoch": 4,
  "mode": "multilabel",
  "fold": 7,
  "eval_decoder": "greedy",
  "mbr_threshold": 0.0,
  "train_loss": 0.1251226350166218,
  "val_loss": 0.222997760027647,
  "train_composite_accuracy": 0.9765711135611908,
  "train_composite_micro_f1": 0.9765711135611908,
  "train_composite_macro_f1": 0.7918946358015598,
  "val_composite_accuracy": 0.9706668895203076,
  "val_composite_micro_f1": 0.9706668895203076,
  "val_composite_macro_f1": 0.861917276748823,
  "per_word_class_accuracy": {
    "Word Class Noun": 0.9962797619047619,
    "Word Class Adjective": 0.9502332814930016,
    "Word Class Pronoun": 0.9797525309336333,
    "Word Class Number": 0.9920634920634921,
    "Word Class Verbs": 0.9979220779220779,
    "Word Class Participle": 0.956989247311828,
    "Word Class Adverb": 0.9884249689954526,
    "Word Class Conjunctions": 0.9976114649681529,
    "Word Class Foreign words": 0.4,
    "Word Class Unanalyzed word": 0.0,
    "Word Class Abbreviation": 0.9523809523809523,
    "Word Class Web email or address": 0.0,
    "Word Class Punctuation": 1.0,
    "Word Class Symbol": 1.0,
    "Word Class R Article": 0.9795081967213115
  },
  "per_word_class_f1": {
    "Word Class Noun": 0.995539033457249,
    "Word Class Adjective": 0.9554339327599687,
    "Word Class Pronoun": 0.9825155104342922,
    "Word Class Number": 0.9842519685039369,
    "Word Class Verbs": 0.998181345804105,
    "Word Class Participle": 0.956989247311828,
    "Word Class Adverb": 0.9882207067575945,
    "Word Class Conjunctions": 0.9956297179181566,
    "Word Class Foreign words": 0.5454545454545455,
    "Word Class Unanalyzed word": 0.0,
    "Word Class Abbreviation": 0.975609756097561,
    "Word Class Web email or address": 0.0,
    "Word Class Punctuation": 1.0,
    "Word Class Symbol": 1.0,
    "Word Class R Article": 0.9598393574297189
  },
  "per_interval_accuracy": {
    "Subcategories": 0.9856527977044476,
    "Gender": 0.9780150753768844,
    "Number": 0.9905984181465453,
    "Case": 0.9819932998324958,
    "Article": 0.9940476190476191,
    "Proper Noun": 0.9925595238095238,
    "Degree": 0.9839973873285435,
    "Declension": 0.9891435464414958,
    "Mood": 0.9942857142857143,
    "Voice": 0.9984415584415585,
    "Tense": 0.9942857142857143,
    "Person": 0.9886282871357498,
    "Definiteness": 0.9836065573770492
  },
  "per_interval_f1": {
    "Subcategories": 0.9682263788662753,
    "Gender": 0.9799458597186915,
    "Number": 0.9892884763132291,
    "Case": 0.9826399806876911,
    "Article": 0.9934723019060367,
    "Proper Noun": 0.9905232451962231,
    "Degree": 0.77586047986645,
    "Declension": 0.9852444653812992,
    "Mood": 0.991675266614671,
    "Voice": 0.991653767944399,
    "Tense": 0.9944691808504391,
    "Person": 0.959781216549922,
    "Definiteness": 0.9827622748145531
  },
  "learning_rate": 1.9200000000000003e-05
}