{
  "epoch": 6,
  "mode": "multilabel",
  "fold": 7,
  "eval_decoder": "greedy",
  "mbr_threshold": 0.0,
  "train_loss": 0.07735040949676539,
  "val_loss": 0.24334063678979873,
  "train_composite_accuracy": 0.9849886940163795,
  "train_composite_micro_f1": 0.9849886940163795,
  "train_composite_macro_f1": 0.8576411611741356,
  "val_composite_accuracy": 0.9694994568396423,
  "val_composite_micro_f1": 0.9694994568396423,
  "val_composite_macro_f1": 0.8688350929357542,
  "per_word_class_accuracy": {
    "Word Class Noun": 0.9970238095238095,
    "Word Class Adjective": 0.9517884914463453,
    "Word Class Pronoun": 0.9898762654668166,
    "Word Class Number": 0.9920634920634921,
    "Word Class Verbs": 0.9984415584415585,
    "Word Class Participle": 0.9623655913978495,
    "Word Class Adverb": 0.9888383629599008,
    "Word Class Conjunctions": 0.9968152866242038,
    "Word Class Foreign words": 0.4666666666666667,
    "Word Class Unanalyzed word": 0.0,
    "Word Class Abbreviation": 1.0,
    "Word Class Web email or address": 0.0,
    "Word Class Punctuation": 1.0,
    "Word Class Symbol": 1.0,
    "Word Class R Article": 0.9467213114754098
  },
  "per_word_class_f1": {
    "Word Class Noun": 0.9960973796692065,
    "Word Class Adjective": 0.9607535321821036,
    "Word Class Pronoun": 0.9832402234636871,
    "Word Class Number": 0.9765625,
    "Word Class Verbs": 0.9987009612886464,
    "Word Class Participle": 0.9623655913978495,
    "Word Class Adverb": 0.989247311827957,
    "Word Class Conjunctions": 0.994440031771247,
    "Word Class Foreign words": 0.608695652173913,
    "Word Class Unanalyzed word": 0.0,
    "Word Class Abbreviation": 1.0,
    "Word Class Web email or address": 0.0,
    "Word Class Punctuation": 1.0,
    "Word Class Symbol": 1.0,
    "Word Class R Article": 0.9565217391304347
  },
  "per_interval_accuracy": {
    "Subcategories": 0.9874063446516818,
    "Gender": 0.9738274706867671,
    "Number": 0.991344575436502,
    "Case": 0.9778056951423786,
    "Article": 0.9951636904761905,
    "Proper Noun": 0.9962797619047619,
    "Degree": 0.984977139124755,
    "Declension": 0.9831121833534379,
    "Mood": 0.9948051948051948,
    "Voice": 0.9979220779220779,
    "Tense": 0.9942857142857143,
    "Person": 0.992181947405828,
    "Definiteness": 0.9795081967213115
  },
  "per_interval_f1": {
    "Subcategories": 0.9726148073972098,
    "Gender": 0.9756054344008529,
    "Number": 0.9898923212970714,
    "Case": 0.9786305860321367,
    "Article": 0.9946949594068144,
    "Proper Noun": 0.9952363905734408,
    "Degree": 0.7785002736726874,
    "Declension": 0.9766015725095009,
    "Mood": 0.9920704094724053,
    "Voice": 0.988815552482657,
    "Tense": 0.9944691808504391,
    "Person": 0.9661268021928385,
    "Definiteness": 0.9784934863468895
  },
  "learning_rate": 1.88e-05
}