{
  "epoch": 13,
  "mode": "multilabel",
  "fold": 7,
  "eval_decoder": "greedy",
  "mbr_threshold": 0.0,
  "train_loss": 0.024923647736948867,
  "val_loss": 0.26597779542207717,
  "train_composite_accuracy": 0.9943125172096203,
  "train_composite_micro_f1": 0.9943125172096203,
  "train_composite_macro_f1": 0.9507713487640355,
  "val_composite_accuracy": 0.9745196324143692,
  "val_composite_micro_f1": 0.9745196324143692,
  "val_composite_macro_f1": 0.8763983638760158,
  "per_word_class_accuracy": {
    "Word Class Noun": 0.9973958333333334,
    "Word Class Adjective": 0.968895800933126,
    "Word Class Pronoun": 0.9898762654668166,
    "Word Class Number": 0.9920634920634921,
    "Word Class Verbs": 0.9984415584415585,
    "Word Class Participle": 0.9516129032258065,
    "Word Class Adverb": 0.9871847871021083,
    "Word Class Conjunctions": 0.9952229299363057,
    "Word Class Foreign words": 0.4666666666666667,
    "Word Class Unanalyzed word": 0.0,
    "Word Class Abbreviation": 1.0,
    "Word Class Web email or address": 0.0,
    "Word Class Punctuation": 1.0,
    "Word Class Symbol": 1.0,
    "Word Class R Article": 0.9262295081967213
  },
  "per_word_class_f1": {
    "Word Class Noun": 0.9962839093273876,
    "Word Class Adjective": 0.9584615384615385,
    "Word Class Pronoun": 0.9826912339475153,
    "Word Class Number": 0.9803921568627451,
    "Word Class Verbs": 0.9984415584415585,
    "Word Class Participle": 0.9645776566757494,
    "Word Class Adverb": 0.9896394529631165,
    "Word Class Conjunctions": 0.9948269001193791,
    "Word Class Foreign words": 0.6363636363636364,
    "Word Class Unanalyzed word": 0.0,
    "Word Class Abbreviation": 1.0,
    "Word Class Web email or address": 0.0,
    "Word Class Punctuation": 1.0,
    "Word Class Symbol": 1.0,
    "Word Class R Article": 0.9495798319327732
  },
  "per_interval_accuracy": {
    "Subcategories": 0.9862904511398055,
    "Gender": 0.9845058626465661,
    "Number": 0.9931353529323982,
    "Case": 0.9845058626465661,
    "Article": 0.9955357142857143,
    "Proper Noun": 0.9962797619047619,
    "Degree": 0.9882429784454605,
    "Declension": 0.9927623642943305,
    "Mood": 0.9953246753246753,
    "Voice": 0.9994805194805195,
    "Tense": 0.9942857142857143,
    "Person": 0.9925373134328358,
    "Definiteness": 0.9795081967213115
  },
  "per_interval_f1": {
    "Subcategories": 0.9708219005828417,
    "Gender": 0.9856625304842116,
    "Number": 0.9919070380657007,
    "Case": 0.9869023328697057,
    "Article": 0.9951018504120666,
    "Proper Noun": 0.9952321354073543,
    "Degree": 0.9182813698202976,
    "Declension": 0.9930215762390538,
    "Mood": 0.9102797631612544,
    "Voice": 0.9972455495951316,
    "Tense": 0.994104686791816,
    "Person": 0.9663443017545257,
    "Definiteness": 0.9784934863468895
  },
  "learning_rate": 1.7400000000000003e-05
}