{
  "epoch": 12,
  "mode": "multilabel",
  "fold": 7,
  "eval_decoder": "greedy",
  "mbr_threshold": 0.0,
  "train_loss": 0.02510856707198098,
  "val_loss": 0.25515110567212107,
  "train_composite_accuracy": 0.9944068826679835,
  "train_composite_micro_f1": 0.9944068826679835,
  "train_composite_macro_f1": 0.9481828952190499,
  "val_composite_accuracy": 0.973939191446709,
  "val_composite_micro_f1": 0.973939191446709,
  "val_composite_macro_f1": 0.8773191742553125,
  "per_word_class_accuracy": {
    "Word Class Noun": 0.9973958333333334,
    "Word Class Adjective": 0.9766718506998445,
    "Word Class Pronoun": 0.9820022497187851,
    "Word Class Number": 0.9920634920634921,
    "Word Class Verbs": 0.9974025974025974,
    "Word Class Participle": 0.9408602150537635,
    "Word Class Adverb": 0.9847044233154196,
    "Word Class Conjunctions": 0.9928343949044586,
    "Word Class Foreign words": 0.4666666666666667,
    "Word Class Unanalyzed word": 0.0,
    "Word Class Abbreviation": 1.0,
    "Word Class Web email or address": 0.0,
    "Word Class Punctuation": 1.0,
    "Word Class Symbol": 1.0,
    "Word Class R Article": 0.9713114754098361
  },
  "per_word_class_f1": {
    "Word Class Noun": 0.9968395612567391,
    "Word Class Adjective": 0.959511077158136,
    "Word Class Pronoun": 0.982002249718785,
    "Word Class Number": 0.9689922480620156,
    "Word Class Verbs": 0.9976617303195636,
    "Word Class Participle": 0.9536784741144415,
    "Word Class Adverb": 0.9885868437435154,
    "Word Class Conjunctions": 0.9948145193458318,
    "Word Class Foreign words": 0.6363636363636364,
    "Word Class Unanalyzed word": 0.0,
    "Word Class Abbreviation": 1.0,
    "Word Class Web email or address": 0.0,
    "Word Class Punctuation": 1.0,
    "Word Class Symbol": 1.0,
    "Word Class R Article": 0.9595141700404858
  },
  "per_interval_accuracy": {
    "Subcategories": 0.9840586641160529,
    "Gender": 0.9855527638190955,
    "Number": 0.9928368900164155,
    "Case": 0.9851340033500837,
    "Article": 0.9959077380952381,
    "Proper Noun": 0.9959077380952381,
    "Degree": 0.9875898105813194,
    "Declension": 0.991556091676719,
    "Mood": 0.9942857142857143,
    "Voice": 0.9989610389610389,
    "Tense": 0.9927272727272727,
    "Person": 0.9889836531627576,
    "Definiteness": 0.9795081967213115
  },
  "per_interval_f1": {
    "Subcategories": 0.9668818937283233,
    "Gender": 0.9864473733087935,
    "Number": 0.9917459380367362,
    "Case": 0.9863703389910885,
    "Article": 0.9955089376969909,
    "Proper Noun": 0.9947530026762029,
    "Degree": 0.9157876933552183,
    "Declension": 0.9897823581319928,
    "Mood": 0.9092583403658323,
    "Voice": 0.9944636180615474,
    "Tense": 0.9927144858259225,
    "Person": 0.9602445760557855,
    "Definiteness": 0.9784934863468895
  },
  "learning_rate": 1.76e-05
}