{
  "epoch": 17,
  "mode": "multilabel",
  "fold": 7,
  "eval_decoder": "greedy",
  "mbr_threshold": 0.0,
  "train_loss": 0.017140781829368155,
  "val_loss": 0.276866951584816,
  "train_composite_accuracy": 0.9963442657196574,
  "train_composite_micro_f1": 0.9963442657196574,
  "train_composite_macro_f1": 0.972295236162503,
  "val_composite_accuracy": 0.9746740220661986,
  "val_composite_micro_f1": 0.9746740220661986,
  "val_composite_macro_f1": 0.8847192021687976,
  "per_word_class_accuracy": {
    "Word Class Noun": 0.9970238095238095,
    "Word Class Adjective": 0.9704510108864697,
    "Word Class Pronoun": 0.9797525309336333,
    "Word Class Number": 0.9920634920634921,
    "Word Class Verbs": 0.9984415584415585,
    "Word Class Participle": 0.956989247311828,
    "Word Class Adverb": 0.9855312112443159,
    "Word Class Conjunctions": 0.9968152866242038,
    "Word Class Foreign words": 0.4666666666666667,
    "Word Class Unanalyzed word": 0.0,
    "Word Class Abbreviation": 1.0,
    "Word Class Web email or address": 0.0,
    "Word Class Punctuation": 1.0,
    "Word Class Symbol": 1.0,
    "Word Class R Article": 0.9795081967213115
  },
  "per_word_class_f1": {
    "Word Class Noun": 0.9964677449340025,
    "Word Class Adjective": 0.9651972157772623,
    "Word Class Pronoun": 0.9819616685456596,
    "Word Class Number": 0.9765625,
    "Word Class Verbs": 0.998182290314204,
    "Word Class Participle": 0.9595687331536389,
    "Word Class Adverb": 0.9898276935852189,
    "Word Class Conjunctions": 0.994440031771247,
    "Word Class Foreign words": 0.608695652173913,
    "Word Class Unanalyzed word": 0.0,
    "Word Class Abbreviation": 1.0,
    "Word Class Web email or address": 0.0,
    "Word Class Punctuation": 1.0,
    "Word Class Symbol": 1.0,
    "Word Class R Article": 0.9560000000000001
  },
  "per_interval_accuracy": {
    "Subcategories": 0.9845369041925713,
    "Gender": 0.9845058626465661,
    "Number": 0.9925384271004327,
    "Case": 0.9851340033500837,
    "Article": 0.9947916666666666,
    "Proper Noun": 0.9966517857142857,
    "Degree": 0.9859568909209667,
    "Declension": 0.9903498190591074,
    "Mood": 0.9937662337662337,
    "Voice": 0.9989610389610389,
    "Tense": 0.9937662337662337,
    "Person": 0.988272921108742,
    "Definiteness": 0.9877049180327869
  },
  "per_interval_f1": {
    "Subcategories": 0.9670940197522496,
    "Gender": 0.9852390678469005,
    "Number": 0.9910139583787824,
    "Case": 0.9865786706990459,
    "Article": 0.9942827104862553,
    "Proper Noun": 0.9957184718243342,
    "Degree": 0.9423097577511411,
    "Declension": 0.99072824646312,
    "Mood": 0.9912651297319169,
    "Voice": 0.9944636180615474,
    "Tense": 0.9940022793925115,
    "Person": 0.9600318587242467,
    "Definiteness": 0.9870467696554652
  },
  "learning_rate": 1.66e-05
}