{
  "epoch": 16,
  "mode": "multilabel",
  "fold": 7,
  "eval_decoder": "greedy",
  "mbr_threshold": 0.0,
  "train_loss": 0.017933762240531316,
  "val_loss": 0.27893860787153246,
  "train_composite_accuracy": 0.9960213460954117,
  "train_composite_micro_f1": 0.9960213460954117,
  "train_composite_macro_f1": 0.971258713442644,
  "val_composite_accuracy": 0.9740975935828877,
  "val_composite_micro_f1": 0.9740975935828877,
  "val_composite_macro_f1": 0.8742244973591545,
  "per_word_class_accuracy": {
    "Word Class Noun": 0.9973958333333334,
    "Word Class Adjective": 0.9564541213063764,
    "Word Class Pronoun": 0.9876265466816648,
    "Word Class Number": 0.9920634920634921,
    "Word Class Verbs": 0.9984415584415585,
    "Word Class Participle": 0.9838709677419355,
    "Word Class Adverb": 0.9855312112443159,
    "Word Class Conjunctions": 0.9968152866242038,
    "Word Class Foreign words": 0.4666666666666667,
    "Word Class Unanalyzed word": 0.0,
    "Word Class Abbreviation": 1.0,
    "Word Class Web email or address": 0.0,
    "Word Class Punctuation": 1.0,
    "Word Class Symbol": 1.0,
    "Word Class R Article": 0.9590163934426229
  },
  "per_word_class_f1": {
    "Word Class Noun": 0.9962839093273876,
    "Word Class Adjective": 0.9616888193901486,
    "Word Class Pronoun": 0.9826524902070509,
    "Word Class Number": 0.9803921568627451,
    "Word Class Verbs": 0.998182290314204,
    "Word Class Participle": 0.9606299212598426,
    "Word Class Adverb": 0.9894168914712597,
    "Word Class Conjunctions": 0.994440031771247,
    "Word Class Foreign words": 0.6363636363636364,
    "Word Class Unanalyzed word": 0.0,
    "Word Class Abbreviation": 1.0,
    "Word Class Web email or address": 0.0,
    "Word Class Punctuation": 1.0,
    "Word Class Symbol": 1.0,
    "Word Class R Article": 0.9590163934426229
  },
  "per_interval_accuracy": {
    "Subcategories": 0.986131037780966,
    "Gender": 0.9828308207705193,
    "Number": 0.9931353529323982,
    "Case": 0.9845058626465661,
    "Article": 0.9959077380952381,
    "Proper Noun": 0.9951636904761905,
    "Degree": 0.9862834748530372,
    "Declension": 0.9891435464414958,
    "Mood": 0.9953246753246753,
    "Voice": 0.9984415584415585,
    "Tense": 0.9948051948051948,
    "Person": 0.992181947405828,
    "Definiteness": 0.9877049180327869
  },
  "per_interval_f1": {
    "Subcategories": 0.9701965160540822,
    "Gender": 0.984051355282398,
    "Number": 0.992051177824413,
    "Case": 0.9848628269587566,
    "Article": 0.9955089376969909,
    "Proper Noun": 0.9937934433654372,
    "Degree": 0.9445600870008188,
    "Declension": 0.9895508769558311,
    "Mood": 0.9924719928831484,
    "Voice": 0.991653767944399,
    "Tense": 0.9949356566116627,
    "Person": 0.9731662708376243,
    "Definiteness": 0.9870467696554652
  },
  "learning_rate": 1.6800000000000002e-05
}