{
  "epoch": 18,
  "mode": "multilabel",
  "fold": 7,
  "eval_decoder": "greedy",
  "mbr_threshold": 0.0,
  "train_loss": 0.015135167672751632,
  "val_loss": 0.2844986140727997,
  "train_composite_accuracy": 0.996856868833623,
  "train_composite_micro_f1": 0.996856868833623,
  "train_composite_macro_f1": 0.9775036087094006,
  "val_composite_accuracy": 0.9737611765688978,
  "val_composite_micro_f1": 0.9737611765688978,
  "val_composite_macro_f1": 0.8885493472495101,
  "per_word_class_accuracy": {
    "Word Class Noun": 0.9977678571428571,
    "Word Class Adjective": 0.968895800933126,
    "Word Class Pronoun": 0.9876265466816648,
    "Word Class Number": 0.9920634920634921,
    "Word Class Verbs": 0.9984415584415585,
    "Word Class Participle": 0.9623655913978495,
    "Word Class Adverb": 0.9851178172798677,
    "Word Class Conjunctions": 0.9960191082802548,
    "Word Class Foreign words": 0.4666666666666667,
    "Word Class Unanalyzed word": 0.0,
    "Word Class Abbreviation": 1.0,
    "Word Class Web email or address": 0.0,
    "Word Class Punctuation": 1.0,
    "Word Class Symbol": 1.0,
    "Word Class R Article": 0.9672131147540983
  },
  "per_word_class_f1": {
    "Word Class Noun": 0.9966555183946487,
    "Word Class Adjective": 0.965143299767622,
    "Word Class Pronoun": 0.9826524902070509,
    "Word Class Number": 0.9842519685039369,
    "Word Class Verbs": 0.9984415584415585,
    "Word Class Participle": 0.9649595687331537,
    "Word Class Adverb": 0.9896179401993356,
    "Word Class Conjunctions": 0.9952267303102625,
    "Word Class Foreign words": 0.56,
    "Word Class Unanalyzed word": 0.0,
    "Word Class Abbreviation": 1.0,
    "Word Class Web email or address": 0.0,
    "Word Class Punctuation": 1.0,
    "Word Class Symbol": 1.0,
    "Word Class R Article": 0.959349593495935
  },
  "per_interval_accuracy": {
    "Subcategories": 0.9853339709867687,
    "Gender": 0.9845058626465661,
    "Number": 0.9931353529323982,
    "Case": 0.9822026800670016,
    "Article": 0.9951636904761905,
    "Proper Noun": 0.9977678571428571,
    "Degree": 0.9862834748530372,
    "Declension": 0.9903498190591074,
    "Mood": 0.9953246753246753,
    "Voice": 0.9989610389610389,
    "Tense": 0.9948051948051948,
    "Person": 0.9918265813788202,
    "Definiteness": 0.9795081967213115
  },
  "per_interval_f1": {
    "Subcategories": 0.9696070222433686,
    "Gender": 0.9850089616133003,
    "Number": 0.9917547670231505,
    "Case": 0.9845703063454241,
    "Article": 0.9946897934590424,
    "Proper Noun": 0.9971341491152255,
    "Degree": 0.9846115457028567,
    "Declension": 0.99072824646312,
    "Mood": 0.9933173905033561,
    "Voice": 0.9944636180615474,
    "Tense": 0.9949387023156205,
    "Person": 0.9586897132441903,
    "Definiteness": 0.9784934863468895
  },
  "learning_rate": 1.64e-05
}