{
  "epoch": 11,
  "mode": "multilabel",
  "fold": 7,
  "eval_decoder": "greedy",
  "mbr_threshold": 0.0,
  "train_loss": 0.03054986526956443,
  "val_loss": 0.23995081037282945,
  "train_composite_accuracy": 0.9937322532549548,
  "train_composite_micro_f1": 0.9937322532549548,
  "train_composite_macro_f1": 0.9336009940148696,
  "val_composite_accuracy": 0.973255328040117,
  "val_composite_micro_f1": 0.973255328040117,
  "val_composite_macro_f1": 0.8599173093779091,
  "per_word_class_accuracy": {
    "Word Class Noun": 0.9973958333333334,
    "Word Class Adjective": 0.9564541213063764,
    "Word Class Pronoun": 0.9763779527559056,
    "Word Class Number": 0.9920634920634921,
    "Word Class Verbs": 0.9984415584415585,
    "Word Class Participle": 0.9408602150537635,
    "Word Class Adverb": 0.989665150888797,
    "Word Class Conjunctions": 0.9968152866242038,
    "Word Class Foreign words": 0.4666666666666667,
    "Word Class Unanalyzed word": 0.0,
    "Word Class Abbreviation": 1.0,
    "Word Class Web email or address": 0.0,
    "Word Class Punctuation": 1.0,
    "Word Class Symbol": 1.0,
    "Word Class R Article": 0.9713114754098361
  },
  "per_word_class_f1": {
    "Word Class Noun": 0.9962839093273876,
    "Word Class Adjective": 0.9571984435797666,
    "Word Class Pronoun": 0.9824561403508771,
    "Word Class Number": 0.9842519685039369,
    "Word Class Verbs": 0.9979231568016614,
    "Word Class Participle": 0.9589041095890412,
    "Word Class Adverb": 0.9886434028494735,
    "Word Class Conjunctions": 0.9960222752585521,
    "Word Class Foreign words": 0.6363636363636364,
    "Word Class Unanalyzed word": 0.0,
    "Word Class Abbreviation": 1.0,
    "Word Class Web email or address": 0.0,
    "Word Class Punctuation": 1.0,
    "Word Class Symbol": 1.0,
    "Word Class R Article": 0.9518072289156626
  },
  "per_interval_accuracy": {
    "Subcategories": 0.9850151442690898,
    "Gender": 0.9824120603015075,
    "Number": 0.9919415012684674,
    "Case": 0.9840871021775545,
    "Article": 0.9944196428571429,
    "Proper Noun": 0.9962797619047619,
    "Degree": 0.9862834748530372,
    "Declension": 0.9831121833534379,
    "Mood": 0.9958441558441559,
    "Voice": 0.9984415584415585,
    "Tense": 0.9958441558441559,
    "Person": 0.9886282871357498,
    "Definiteness": 0.9795081967213115
  },
  "per_interval_f1": {
    "Subcategories": 0.9675892691315067,
    "Gender": 0.9839947941805717,
    "Number": 0.9912460974011034,
    "Case": 0.9837525082828218,
    "Article": 0.9938758241322603,
    "Proper Noun": 0.9952321354073543,
    "Degree": 0.779548252025529,
    "Declension": 0.9815141401348297,
    "Mood": 0.9937082854452666,
    "Voice": 0.991653767944399,
    "Tense": 0.9958629033287068,
    "Person": 0.9504693725809598,
    "Definiteness": 0.9784934863468895
  },
  "learning_rate": 1.7800000000000002e-05
}