{
  "epoch": 9,
  "mode": "singlelabel",
  "fold": 1,
  "eval_decoder": "greedy",
  "mbr_threshold": 0.0,
  "train_loss": 0.0682429106624084,
  "val_loss": 0.1856362521648407,
  "train_composite_accuracy": 0.9866355998825524,
  "train_composite_micro_f1": 0.9866355998825524,
  "train_composite_macro_f1": 0.7063820013694899,
  "val_composite_accuracy": 0.9695600272851296,
  "val_composite_micro_f1": 0.9695600272851296,
  "val_composite_macro_f1": 0.8207531187649391,
  "per_word_class_accuracy": {
    "Word Class Noun": 0.9961523662947287,
    "Word Class Adjective": 0.9601386481802426,
    "Word Class Pronoun": 0.9876543209876543,
    "Word Class Number": 0.9754601226993865,
    "Word Class Verbs": 0.9968863518422418,
    "Word Class Participle": 0.921875,
    "Word Class Adverb": 0.9863070539419088,
    "Word Class Conjunctions": 0.9966666666666667,
    "Word Class Foreign words": 0.6923076923076923,
    "Word Class Unanalyzed word": 0.0,
    "Word Class Abbreviation": 1.0,
    "Word Class Web email or address": 1.0,
    "Word Class Punctuation": 0.9993355481727575,
    "Word Class Symbol": 1.0,
    "Word Class R Article": 0.9863013698630136
  },
  "per_word_class_f1": {
    "Word Class Noun": 0.9961523662947287,
    "Word Class Adjective": 0.9568221070811744,
    "Word Class Pronoun": 0.9832402234636871,
    "Word Class Number": 0.9875776397515528,
    "Word Class Verbs": 0.997145081754477,
    "Word Class Participle": 0.9365079365079365,
    "Word Class Adverb": 0.9893860561914672,
    "Word Class Conjunctions": 0.9929431299294315,
    "Word Class Foreign words": 0.7500000000000001,
    "Word Class Unanalyzed word": 0.0,
    "Word Class Abbreviation": 0.983050847457627,
    "Word Class Web email or address": 1.0,
    "Word Class Punctuation": 0.9996676636756398,
    "Word Class Symbol": 1.0,
    "Word Class R Article": 0.9707865168539326
  },
  "per_interval_accuracy": {
    "Subcategories": 0.9848338173604388,
    "Gender": 0.9765136823960353,
    "Number": 0.9870584652862363,
    "Case": 0.9762982115923292,
    "Article": 0.9942285494420932,
    "Proper Noun": 0.993843786071566,
    "Degree": 0.9819216605289588,
    "Declension": 0.9700910273081924,
    "Mood": 0.9901401141670991,
    "Voice": 0.9963674104826155,
    "Tense": 0.9916969382459782,
    "Person": 0.9879347054648687,
    "Definiteness": 0.9863013698630136
  },
  "per_interval_f1": {
    "Subcategories": 0.9195509807336888,
    "Gender": 0.7834614648708589,
    "Number": 0.7395985540531012,
    "Case": 0.8123720548277206,
    "Article": 0.6641153115990477,
    "Proper Noun": 0.6633996920953442,
    "Degree": 0.7810687288237949,
    "Declension": 0.7347820093261889,
    "Mood": 0.7908331766295452,
    "Voice": 0.6645282201948354,
    "Tense": 0.7450796989532847,
    "Person": 0.7532438432940006,
    "Definiteness": 0.6589147286821705
  },
  "learning_rate": 1.8200000000000002e-05
}