{
  "epoch": 5,
  "mode": "singlelabel",
  "fold": 1,
  "eval_decoder": "greedy",
  "mbr_threshold": 0.0,
  "train_loss": 0.16435628425020837,
  "val_loss": 0.21254895627498627,
  "train_composite_accuracy": 0.9726555470311331,
  "train_composite_micro_f1": 0.9726555470311331,
  "train_composite_macro_f1": 0.5763652313456311,
  "val_composite_accuracy": 0.9634208731241474,
  "val_composite_micro_f1": 0.9634208731241474,
  "val_composite_macro_f1": 0.731139603796238,
  "per_word_class_accuracy": {
    "Word Class Noun": 0.9957676029242016,
    "Word Class Adjective": 0.9601386481802426,
    "Word Class Pronoun": 0.9876543209876543,
    "Word Class Number": 0.9631901840490797,
    "Word Class Verbs": 0.9979242345614946,
    "Word Class Participle": 0.90625,
    "Word Class Adverb": 0.9809128630705394,
    "Word Class Conjunctions": 0.9958333333333333,
    "Word Class Foreign words": 0.6923076923076923,
    "Word Class Unanalyzed word": 0.0,
    "Word Class Abbreviation": 0.9655172413793104,
    "Word Class Web email or address": 0.0,
    "Word Class Punctuation": 0.9993355481727575,
    "Word Class Symbol": 1.0,
    "Word Class R Article": 0.9726027397260274
  },
  "per_word_class_f1": {
    "Word Class Noun": 0.9955760723216003,
    "Word Class Adjective": 0.9518900343642611,
    "Word Class Pronoun": 0.9799554565701558,
    "Word Class Number": 0.98125,
    "Word Class Verbs": 0.9976653696498056,
    "Word Class Participle": 0.9230769230769231,
    "Word Class Adverb": 0.9864385562278323,
    "Word Class Conjunctions": 0.9904682967260671,
    "Word Class Foreign words": 0.8181818181818181,
    "Word Class Unanalyzed word": 0.0,
    "Word Class Abbreviation": 0.9655172413793104,
    "Word Class Web email or address": 0.0,
    "Word Class Punctuation": 0.9996676636756398,
    "Word Class Symbol": 1.0,
    "Word Class R Article": 0.9573033707865167
  },
  "per_interval_accuracy": {
    "Subcategories": 0.9811229428848015,
    "Gender": 0.9706959706959707,
    "Number": 0.9879719853836785,
    "Case": 0.9726352079293256,
    "Article": 0.993843786071566,
    "Proper Noun": 0.9930742593305117,
    "Degree": 0.9765651155005022,
    "Declension": 0.9674902470741222,
    "Mood": 0.9901401141670991,
    "Voice": 0.9953295277633627,
    "Tense": 0.9932537623248573,
    "Person": 0.9886444286728177,
    "Definiteness": 0.9726027397260274
  },
  "per_interval_f1": {
    "Subcategories": 0.9155445919472979,
    "Gender": 0.7793745599458479,
    "Number": 0.7402107374422238,
    "Case": 0.8089423712852142,
    "Article": 0.6640150799151492,
    "Proper Noun": 0.6633212458058106,
    "Degree": 0.7707287942969943,
    "Declension": 0.7367872911353861,
    "Mood": 0.7231306415525273,
    "Voice": 0.6582300979180212,
    "Tense": 0.7460231065828158,
    "Person": 0.7492807985794572,
    "Definiteness": 0.6524504109117508
  },
  "learning_rate": 1.9e-05
}