{
  "epoch": 15,
  "mode": "singlelabel",
  "fold": 1,
  "eval_decoder": "greedy",
  "mbr_threshold": 0.0,
  "train_loss": 0.029255939528937118,
  "val_loss": 0.17258352264761925,
  "train_composite_accuracy": 0.9940992053343941,
  "train_composite_micro_f1": 0.9940992053343941,
  "train_composite_macro_f1": 0.8287560273432003,
  "val_composite_accuracy": 0.9727148703956344,
  "val_composite_micro_f1": 0.9727148703956344,
  "val_composite_macro_f1": 0.857523943377736,
  "per_word_class_accuracy": {
    "Word Class Noun": 0.9973066564063101,
    "Word Class Adjective": 0.9670710571923743,
    "Word Class Pronoun": 0.9876543209876543,
    "Word Class Number": 0.9754601226993865,
    "Word Class Verbs": 0.9968863518422418,
    "Word Class Participle": 0.9479166666666666,
    "Word Class Adverb": 0.9883817427385893,
    "Word Class Conjunctions": 0.995,
    "Word Class Foreign words": 0.8461538461538461,
    "Word Class Unanalyzed word": 0.0,
    "Word Class Abbreviation": 1.0,
    "Word Class Web email or address": 1.0,
    "Word Class Punctuation": 0.9993355481727575,
    "Word Class Symbol": 1.0,
    "Word Class R Article": 0.958904109589041
  },
  "per_word_class_f1": {
    "Word Class Noun": 0.9974985568597269,
    "Word Class Adjective": 0.9637305699481865,
    "Word Class Pronoun": 0.9815950920245398,
    "Word Class Number": 0.9814814814814815,
    "Word Class Verbs": 0.9974039460020769,
    "Word Class Participle": 0.9430051813471502,
    "Word Class Adverb": 0.9914672216441208,
    "Word Class Conjunctions": 0.995,
    "Word Class Foreign words": 0.7857142857142856,
    "Word Class Unanalyzed word": 0.0,
    "Word Class Abbreviation": 0.983050847457627,
    "Word Class Web email or address": 1.0,
    "Word Class Punctuation": 0.9996676636756398,
    "Word Class Symbol": 1.0,
    "Word Class R Article": 0.9567198177676538
  },
  "per_interval_accuracy": {
    "Subcategories": 0.9862858986769926,
    "Gender": 0.9788838612368024,
    "Number": 0.989646772228989,
    "Case": 0.9795302736479207,
    "Article": 0.9961523662947287,
    "Proper Noun": 0.9942285494420932,
    "Degree": 0.98393036491463,
    "Declension": 0.9739921976592978,
    "Mood": 0.9911779968863519,
    "Voice": 0.9963674104826155,
    "Tense": 0.99429164504411,
    "Person": 0.9907735982966643,
    "Definiteness": 0.958904109589041
  },
  "per_interval_f1": {
    "Subcategories": 0.9199929764175759,
    "Gender": 0.7846779976371766,
    "Number": 0.7414621358894431,
    "Case": 0.8170156512674321,
    "Article": 0.6651279852106692,
    "Proper Noun": 0.6629787084399061,
    "Degree": 0.7834259571917277,
    "Declension": 0.7339947202133978,
    "Mood": 0.7907094446475527,
    "Voice": 0.6645282201948354,
    "Tense": 0.7469739490931349,
    "Person": 0.7900364795919889,
    "Definiteness": 0.6458070175438596
  },
  "learning_rate": 1.7e-05
}