{
  "epoch": 16,
  "mode": "singlelabel",
  "fold": 1,
  "eval_decoder": "greedy",
  "mbr_threshold": 0.0,
  "train_loss": 0.02604483002668831,
  "val_loss": 0.19291583746671676,
  "train_composite_accuracy": 0.9949800623229998,
  "train_composite_micro_f1": 0.9949800623229998,
  "train_composite_macro_f1": 0.8581250077955621,
  "val_composite_accuracy": 0.9715211459754434,
  "val_composite_micro_f1": 0.9715211459754434,
  "val_composite_macro_f1": 0.8643009384778089,
  "per_word_class_accuracy": {
    "Word Class Noun": 0.9992304732589458,
    "Word Class Adjective": 0.9722703639514731,
    "Word Class Pronoun": 0.9842873176206509,
    "Word Class Number": 0.9754601226993865,
    "Word Class Verbs": 0.9963674104826155,
    "Word Class Participle": 0.921875,
    "Word Class Adverb": 0.987136929460581,
    "Word Class Conjunctions": 0.9966666666666667,
    "Word Class Foreign words": 0.7692307692307693,
    "Word Class Unanalyzed word": 0.0,
    "Word Class Abbreviation": 0.9655172413793104,
    "Word Class Web email or address": 1.0,
    "Word Class Punctuation": 0.9993355481727575,
    "Word Class Symbol": 1.0,
    "Word Class R Article": 0.9726027397260274
  },
  "per_word_class_f1": {
    "Word Class Noun": 0.9969289827255279,
    "Word Class Adjective": 0.9614395886889461,
    "Word Class Pronoun": 0.9820828667413214,
    "Word Class Number": 0.9845201238390093,
    "Word Class Verbs": 0.9963674104826155,
    "Word Class Participle": 0.9389920424403183,
    "Word Class Adverb": 0.9914565534486351,
    "Word Class Conjunctions": 0.9962515618492295,
    "Word Class Foreign words": 0.8695652173913044,
    "Word Class Unanalyzed word": 0.0,
    "Word Class Abbreviation": 0.9824561403508771,
    "Word Class Web email or address": 1.0,
    "Word Class Punctuation": 0.9996676636756398,
    "Word Class Symbol": 1.0,
    "Word Class R Article": 0.9594594594594594
  },
  "per_interval_accuracy": {
    "Subcategories": 0.9848338173604388,
    "Gender": 0.9795302736479207,
    "Number": 0.9893422655298416,
    "Case": 0.9793148028442146,
    "Article": 0.9980761831473643,
    "Proper Noun": 0.9965371296652559,
    "Degree": 0.983260796786073,
    "Declension": 0.976592977893368,
    "Mood": 0.9906590555267255,
    "Voice": 0.9958484691229891,
    "Tense": 0.9932537623248573,
    "Person": 0.988999290276792,
    "Definiteness": 0.9726027397260274
  },
  "per_interval_f1": {
    "Subcategories": 0.9193903824303674,
    "Gender": 0.7854933844901744,
    "Number": 0.7410802225758,
    "Case": 0.8173232611521719,
    "Article": 0.6656322693474396,
    "Proper Noun": 0.6640982152208861,
    "Degree": 0.7804842957458664,
    "Declension": 0.7380744800099639,
    "Mood": 0.7904468612800144,
    "Voice": 0.6644360631828335,
    "Tense": 0.7462701082675665,
    "Person": 0.7839208969070685,
    "Definiteness": 0.6540570175438597
  },
  "learning_rate": 1.6800000000000002e-05
}