{
  "epoch": 1,
  "mode": "singlelabel",
  "fold": 1,
  "eval_decoder": "greedy",
  "mbr_threshold": 0.0,
  "train_loss": 2.074552727231466,
  "val_loss": 0.7279758751392365,
  "train_composite_accuracy": 0.7116187878271247,
  "train_composite_micro_f1": 0.7116187878271247,
  "train_composite_macro_f1": 0.13682326712075105,
  "val_composite_accuracy": 0.8911152796725784,
  "val_composite_micro_f1": 0.8911152796725784,
  "val_composite_macro_f1": 0.3383452540516565,
  "per_word_class_accuracy": {
    "Word Class Noun": 0.9899961523662947,
    "Word Class Adjective": 0.8960138648180243,
    "Word Class Pronoun": 0.9057239057239057,
    "Word Class Number": 0.9325153374233128,
    "Word Class Verbs": 0.9948105864037364,
    "Word Class Participle": 0.84375,
    "Word Class Adverb": 0.9800829875518672,
    "Word Class Conjunctions": 0.9933333333333333,
    "Word Class Foreign words": 0.15384615384615385,
    "Word Class Unanalyzed word": 0.0,
    "Word Class Abbreviation": 0.41379310344827586,
    "Word Class Web email or address": 0.0,
    "Word Class Punctuation": 0.9993355481727575,
    "Word Class Symbol": 0.0,
    "Word Class R Article": 0.589041095890411
  },
  "per_word_class_f1": {
    "Word Class Noun": 0.9829990448901623,
    "Word Class Adjective": 0.8566694283347142,
    "Word Class Pronoun": 0.9006696428571428,
    "Word Class Number": 0.912912912912913,
    "Word Class Verbs": 0.9942946058091287,
    "Word Class Participle": 0.8852459016393444,
    "Word Class Adverb": 0.9782563677780078,
    "Word Class Conjunctions": 0.9912681912681913,
    "Word Class Foreign words": 0.2666666666666667,
    "Word Class Unanalyzed word": 0.0,
    "Word Class Abbreviation": 0.5714285714285715,
    "Word Class Web email or address": 0.0,
    "Word Class Punctuation": 0.9996676636756398,
    "Word Class Symbol": 0.0,
    "Word Class R Article": 0.7087912087912089
  },
  "per_interval_accuracy": {
    "Subcategories": 0.9557921910293643,
    "Gender": 0.9058392587804353,
    "Number": 0.9613276492082826,
    "Case": 0.9047619047619048,
    "Article": 0.9807618314736437,
    "Proper Noun": 0.9742208541746825,
    "Degree": 0.9527954469367258,
    "Declension": 0.8634590377113134,
    "Mood": 0.9833938764919564,
    "Voice": 0.9750908147379346,
    "Tense": 0.981318111053451,
    "Person": 0.9442867281760113,
    "Definiteness": 0.5662100456621004
  },
  "per_interval_f1": {
    "Subcategories": 0.7970243080566493,
    "Gender": 0.7306954102221299,
    "Number": 0.7166170874283757,
    "Case": 0.7110190957054209,
    "Article": 0.6571215198572105,
    "Proper Noun": 0.650174937667919,
    "Degree": 0.6562150043356263,
    "Declension": 0.6581900439153054,
    "Mood": 0.5870629586184244,
    "Voice": 0.5949144125269643,
    "Tense": 0.7376961478224748,
    "Person": 0.6485204760484248,
    "Definiteness": 0.301765195375436
  },
  "learning_rate": 1.98e-05
}