{
  "epoch": 11,
  "mode": "singlelabel",
  "fold": 1,
  "eval_decoder": "greedy",
  "mbr_threshold": 0.0,
  "train_loss": 0.04715811945104855,
  "val_loss": 0.18217933773994446,
  "train_composite_accuracy": 0.9905663057994487,
  "train_composite_micro_f1": 0.9905663057994487,
  "train_composite_macro_f1": 0.753415396361627,
  "val_composite_accuracy": 0.9705832196452933,
  "val_composite_micro_f1": 0.9705832196452933,
  "val_composite_macro_f1": 0.8373194828210268,
  "per_word_class_accuracy": {
    "Word Class Noun": 0.9980761831473643,
    "Word Class Adjective": 0.9653379549393414,
    "Word Class Pronoun": 0.9876543209876543,
    "Word Class Number": 0.9754601226993865,
    "Word Class Verbs": 0.9979242345614946,
    "Word Class Participle": 0.9322916666666666,
    "Word Class Adverb": 0.983402489626556,
    "Word Class Conjunctions": 0.9975,
    "Word Class Foreign words": 0.7692307692307693,
    "Word Class Unanalyzed word": 0.0,
    "Word Class Abbreviation": 0.896551724137931,
    "Word Class Web email or address": 1.0,
    "Word Class Punctuation": 0.9993355481727575,
    "Word Class Symbol": 1.0,
    "Word Class R Article": 0.9680365296803652
  },
  "per_word_class_f1": {
    "Word Class Noun": 0.9965424510180562,
    "Word Class Adjective": 0.9578675838349098,
    "Word Class Pronoun": 0.98050139275766,
    "Word Class Number": 0.9845201238390093,
    "Word Class Verbs": 0.9979242345614946,
    "Word Class Participle": 0.93717277486911,
    "Word Class Adverb": 0.9895615866388309,
    "Word Class Conjunctions": 0.9937733499377336,
    "Word Class Foreign words": 0.8333333333333333,
    "Word Class Unanalyzed word": 0.0,
    "Word Class Abbreviation": 0.9454545454545454,
    "Word Class Web email or address": 1.0,
    "Word Class Punctuation": 0.9996676636756398,
    "Word Class Symbol": 1.0,
    "Word Class R Article": 0.9636363636363636
  },
  "per_interval_accuracy": {
    "Subcategories": 0.9830590513068732,
    "Gender": 0.9795302736479207,
    "Number": 0.9897990255785627,
    "Case": 0.9810385692738633,
    "Article": 0.996921893035783,
    "Proper Noun": 0.9953828395536745,
    "Degree": 0.978908603950452,
    "Declension": 0.976592977893368,
    "Mood": 0.9906590555267255,
    "Voice": 0.9974052932018682,
    "Tense": 0.9927348209652309,
    "Person": 0.9897090134847409,
    "Definiteness": 0.9680365296803652
  },
  "per_interval_f1": {
    "Subcategories": 0.917843409395996,
    "Gender": 0.7854625212729627,
    "Number": 0.7414007817949383,
    "Case": 0.8194620494299464,
    "Article": 0.6653299597447667,
    "Proper Noun": 0.6636654611897342,
    "Degree": 0.7769862533330887,
    "Declension": 0.7390147977665235,
    "Mood": 0.790642403361862,
    "Voice": 0.664712381767206,
    "Tense": 0.7456710107307408,
    "Person": 0.7832619792044004,
    "Definiteness": 0.6497007546187874
  },
  "learning_rate": 1.7800000000000002e-05
}