{
  "epoch": 3,
  "mode": "singlelabel",
  "fold": 1,
  "eval_decoder": "greedy",
  "mbr_threshold": 0.0,
  "train_loss": 0.3366042674563858,
  "val_loss": 0.29153681397438047,
  "train_composite_accuracy": 0.9457562583468303,
  "train_composite_micro_f1": 0.9457562583468303,
  "train_composite_macro_f1": 0.42350065706680146,
  "val_composite_accuracy": 0.950630968622101,
  "val_composite_micro_f1": 0.950630968622101,
  "val_composite_macro_f1": 0.6210800305768726,
  "per_word_class_accuracy": {
    "Word Class Noun": 0.9930742593305117,
    "Word Class Adjective": 0.9358752166377816,
    "Word Class Pronoun": 0.9797979797979798,
    "Word Class Number": 0.9386503067484663,
    "Word Class Verbs": 0.9963674104826155,
    "Word Class Participle": 0.8958333333333334,
    "Word Class Adverb": 0.9867219917012449,
    "Word Class Conjunctions": 0.9975,
    "Word Class Foreign words": 0.7692307692307693,
    "Word Class Unanalyzed word": 0.0,
    "Word Class Abbreviation": 0.8275862068965517,
    "Word Class Web email or address": 0.0,
    "Word Class Punctuation": 0.9993355481727575,
    "Word Class Symbol": 0.0,
    "Word Class R Article": 0.9269406392694064
  },
  "per_word_class_f1": {
    "Word Class Noun": 0.9936477382098171,
    "Word Class Adjective": 0.9334485738980121,
    "Word Class Pronoun": 0.971078976640712,
    "Word Class Number": 0.9652996845425869,
    "Word Class Verbs": 0.9963674104826155,
    "Word Class Participle": 0.924731182795699,
    "Word Class Adverb": 0.9869267482880265,
    "Word Class Conjunctions": 0.9941860465116279,
    "Word Class Foreign words": 0.6666666666666667,
    "Word Class Unanalyzed word": 0.0,
    "Word Class Abbreviation": 0.8727272727272727,
    "Word Class Web email or address": 0.0,
    "Word Class Punctuation": 0.9996676636756398,
    "Word Class Symbol": 0.0,
    "Word Class R Article": 0.9248291571753985
  },
  "per_interval_accuracy": {
    "Subcategories": 0.9783801226202,
    "Gender": 0.951734539969834,
    "Number": 0.978836784409257,
    "Case": 0.960353372118078,
    "Article": 0.9884570988841862,
    "Proper Noun": 0.9888418622547134,
    "Degree": 0.9785738198861734,
    "Declension": 0.9440832249674902,
    "Mood": 0.98858329008822,
    "Voice": 0.9922158796056045,
    "Tense": 0.9916969382459782,
    "Person": 0.9843860894251242,
    "Definiteness": 0.9269406392694064
  },
  "per_interval_f1": {
    "Subcategories": 0.8964045955759968,
    "Gender": 0.7652368633394874,
    "Number": 0.7322785550608522,
    "Case": 0.800161737277085,
    "Article": 0.6613542457205498,
    "Proper Noun": 0.6606509040540637,
    "Degree": 0.7664947963612136,
    "Declension": 0.7257149940887266,
    "Mood": 0.588867108572678,
    "Voice": 0.653166904779808,
    "Tense": 0.7450928607719857,
    "Person": 0.7486294120598191,
    "Definiteness": 0.6206896551724138
  },
  "learning_rate": 1.94e-05
}