{
  "epoch": 17,
  "mode": "singlelabel",
  "fold": 1,
  "eval_decoder": "greedy",
  "mbr_threshold": 0.0,
  "train_loss": 0.019796989548387444,
  "val_loss": 0.1888108640909195,
  "train_composite_accuracy": 0.9959461635363093,
  "train_composite_micro_f1": 0.9959461635363093,
  "train_composite_macro_f1": 0.8681152198446742,
  "val_composite_accuracy": 0.9719474761255116,
  "val_composite_micro_f1": 0.9719474761255116,
  "val_composite_macro_f1": 0.8673462539022634,
  "per_word_class_accuracy": {
    "Word Class Noun": 0.9973066564063101,
    "Word Class Adjective": 0.9549393414211439,
    "Word Class Pronoun": 0.9842873176206509,
    "Word Class Number": 0.9815950920245399,
    "Word Class Verbs": 0.9979242345614946,
    "Word Class Participle": 0.9479166666666666,
    "Word Class Adverb": 0.9842323651452282,
    "Word Class Conjunctions": 0.9966666666666667,
    "Word Class Foreign words": 0.7692307692307693,
    "Word Class Unanalyzed word": 0.0,
    "Word Class Abbreviation": 0.9655172413793104,
    "Word Class Web email or address": 1.0,
    "Word Class Punctuation": 0.9993355481727575,
    "Word Class Symbol": 1.0,
    "Word Class R Article": 0.9726027397260274
  },
  "per_word_class_f1": {
    "Word Class Noun": 0.9963482606188737,
    "Word Class Adjective": 0.9557675628794449,
    "Word Class Pronoun": 0.9820828667413214,
    "Word Class Number": 0.9846153846153846,
    "Word Class Verbs": 0.9979242345614946,
    "Word Class Participle": 0.9454545454545454,
    "Word Class Adverb": 0.988745310546061,
    "Word Class Conjunctions": 0.9912971404890178,
    "Word Class Foreign words": 0.8333333333333333,
    "Word Class Unanalyzed word": 0.0,
    "Word Class Abbreviation": 0.9824561403508771,
    "Word Class Web email or address": 1.0,
    "Word Class Punctuation": 0.9996676636756398,
    "Word Class Symbol": 1.0,
    "Word Class R Article": 0.9616252821670428
  },
  "per_interval_accuracy": {
    "Subcategories": 0.983704420780897,
    "Gender": 0.9799612152553329,
    "Number": 0.9905602923264312,
    "Case": 0.980176686059039,
    "Article": 0.9961523662947287,
    "Proper Noun": 0.9949980761831474,
    "Degree": 0.978908603950452,
    "Declension": 0.9739921976592978,
    "Mood": 0.9927348209652309,
    "Voice": 0.9974052932018682,
    "Tense": 0.9953295277633627,
    "Person": 0.9907735982966643,
    "Definiteness": 0.9726027397260274
  },
  "per_interval_f1": {
    "Subcategories": 0.9191467520210915,
    "Gender": 0.7865247723304093,
    "Number": 0.7428207049739722,
    "Case": 0.8185610069456702,
    "Article": 0.6651279410187634,
    "Proper Noun": 0.6640127256183019,
    "Degree": 0.7812454037320548,
    "Declension": 0.739684253632029,
    "Mood": 0.7928011175601286,
    "Voice": 0.664712381767206,
    "Tense": 0.7475339099517899,
    "Person": 0.7902136363995667,
    "Definiteness": 0.6556143986491673
  },
  "learning_rate": 1.66e-05
}