{
  "epoch": 13,
  "mode": "singlelabel",
  "fold": 1,
  "eval_decoder": "greedy",
  "mbr_threshold": 0.0,
  "train_loss": 0.03882994645938082,
  "val_loss": 0.18037861660122873,
  "train_composite_accuracy": 0.9920438723609809,
  "train_composite_micro_f1": 0.9920438723609809,
  "train_composite_macro_f1": 0.7967091199877276,
  "val_composite_accuracy": 0.9720327421555253,
  "val_composite_micro_f1": 0.9720327421555253,
  "val_composite_macro_f1": 0.8443813294239694,
  "per_word_class_accuracy": {
    "Word Class Noun": 0.9984609465178915,
    "Word Class Adjective": 0.9601386481802426,
    "Word Class Pronoun": 0.9876543209876543,
    "Word Class Number": 0.9754601226993865,
    "Word Class Verbs": 0.9979242345614946,
    "Word Class Participle": 0.9166666666666666,
    "Word Class Adverb": 0.9875518672199171,
    "Word Class Conjunctions": 0.9975,
    "Word Class Foreign words": 0.8461538461538461,
    "Word Class Unanalyzed word": 0.0,
    "Word Class Abbreviation": 0.9655172413793104,
    "Word Class Web email or address": 1.0,
    "Word Class Punctuation": 0.9993355481727575,
    "Word Class Symbol": 1.0,
    "Word Class R Article": 0.9680365296803652
  },
  "per_word_class_f1": {
    "Word Class Noun": 0.9971181556195965,
    "Word Class Adjective": 0.9626411815812337,
    "Word Class Pronoun": 0.9821428571428571,
    "Word Class Number": 0.9845201238390093,
    "Word Class Verbs": 0.9963730569948186,
    "Word Class Participle": 0.9312169312169313,
    "Word Class Adverb": 0.9916666666666667,
    "Word Class Conjunctions": 0.9945990859991692,
    "Word Class Foreign words": 0.8461538461538461,
    "Word Class Unanalyzed word": 0.0,
    "Word Class Abbreviation": 0.9824561403508771,
    "Word Class Web email or address": 1.0,
    "Word Class Punctuation": 0.9996676636756398,
    "Word Class Symbol": 1.0,
    "Word Class R Article": 0.9592760180995475
  },
  "per_interval_accuracy": {
    "Subcategories": 0.9856405292029687,
    "Gender": 0.9778065072182719,
    "Number": 0.9905602923264312,
    "Case": 0.9784529196293902,
    "Article": 0.9957676029242016,
    "Proper Noun": 0.9961523662947287,
    "Degree": 0.9805825242718447,
    "Declension": 0.9674902470741222,
    "Mood": 0.9927348209652309,
    "Voice": 0.9974052932018682,
    "Tense": 0.9958484691229891,
    "Person": 0.9914833215046132,
    "Definiteness": 0.9680365296803652
  },
  "per_interval_f1": {
    "Subcategories": 0.9197259907929888,
    "Gender": 0.784529530219009,
    "Number": 0.7421576066334667,
    "Case": 0.8172547317417492,
    "Article": 0.664318131674186,
    "Proper Noun": 0.6642683174024032,
    "Degree": 0.7751557268334885,
    "Declension": 0.7350784988724723,
    "Mood": 0.7923812974904028,
    "Voice": 0.664712381767206,
    "Tense": 0.7477791358168625,
    "Person": 0.7846848359968426,
    "Definiteness": 0.6513503246304738
  },
  "learning_rate": 1.7400000000000003e-05
}