{
  "epoch": 12,
  "mode": "singlelabel",
  "fold": 1,
  "eval_decoder": "greedy",
  "mbr_threshold": 0.0,
  "train_loss": 0.03928772393774019,
  "val_loss": 0.1806122273206711,
  "train_composite_accuracy": 0.9924416787429319,
  "train_composite_micro_f1": 0.9924416787429319,
  "train_composite_macro_f1": 0.7829070412058755,
  "val_composite_accuracy": 0.9709242837653479,
  "val_composite_micro_f1": 0.9709242837653479,
  "val_composite_macro_f1": 0.8504500989970071,
  "per_word_class_accuracy": {
    "Word Class Noun": 0.9973066564063101,
    "Word Class Adjective": 0.9532062391681109,
    "Word Class Pronoun": 0.9876543209876543,
    "Word Class Number": 0.9754601226993865,
    "Word Class Verbs": 0.9968863518422418,
    "Word Class Participle": 0.9427083333333334,
    "Word Class Adverb": 0.9867219917012449,
    "Word Class Conjunctions": 0.995,
    "Word Class Foreign words": 0.8461538461538461,
    "Word Class Unanalyzed word": 0.0,
    "Word Class Abbreviation": 0.9310344827586207,
    "Word Class Web email or address": 1.0,
    "Word Class Punctuation": 0.9993355481727575,
    "Word Class Symbol": 1.0,
    "Word Class R Article": 0.9680365296803652
  },
  "per_word_class_f1": {
    "Word Class Noun": 0.9965397923875433,
    "Word Class Adjective": 0.9556907037358818,
    "Word Class Pronoun": 0.98050139275766,
    "Word Class Number": 0.9845201238390093,
    "Word Class Verbs": 0.9979220779220779,
    "Word Class Participle": 0.9427083333333334,
    "Word Class Adverb": 0.9893904722280009,
    "Word Class Conjunctions": 0.9929313929313929,
    "Word Class Foreign words": 0.8461538461538461,
    "Word Class Unanalyzed word": 0.0,
    "Word Class Abbreviation": 0.9642857142857143,
    "Word Class Web email or address": 1.0,
    "Word Class Punctuation": 0.9996676636756398,
    "Word Class Symbol": 1.0,
    "Word Class R Article": 0.9592760180995475
  },
  "per_interval_accuracy": {
    "Subcategories": 0.984188447886415,
    "Gender": 0.9784529196293902,
    "Number": 0.9894945188794153,
    "Case": 0.9786683904330963,
    "Article": 0.9953828395536745,
    "Proper Noun": 0.9961523662947287,
    "Degree": 0.979578172079009,
    "Declension": 0.9713914174252276,
    "Mood": 0.9906590555267255,
    "Voice": 0.9963674104826155,
    "Tense": 0.9937727036844837,
    "Person": 0.9904187366926899,
    "Definiteness": 0.9680365296803652
  },
  "per_interval_f1": {
    "Subcategories": 0.9196624810205785,
    "Gender": 0.7846261187885136,
    "Number": 0.741572942032519,
    "Case": 0.8156550533189608,
    "Article": 0.6644954171673617,
    "Proper Noun": 0.6648652468641241,
    "Degree": 0.7785561462327241,
    "Declension": 0.7335028936307515,
    "Mood": 0.7913950555195107,
    "Voice": 0.6645282201948354,
    "Tense": 0.7467253144911161,
    "Person": 0.7895559259190131,
    "Definiteness": 0.6497007546187874
  },
  "learning_rate": 1.76e-05
}