{
  "epoch": 4,
  "mode": "singlelabel",
  "fold": 1,
  "eval_decoder": "greedy",
  "mbr_threshold": 0.0,
  "train_loss": 0.2286452565957647,
  "val_loss": 0.23619894683361053,
  "train_composite_accuracy": 0.962397825325112,
  "train_composite_micro_f1": 0.962397825325112,
  "train_composite_macro_f1": 0.5138426869245293,
  "val_composite_accuracy": 0.958731241473397,
  "val_composite_micro_f1": 0.958731241473397,
  "val_composite_macro_f1": 0.6971146248394975,
  "per_word_class_accuracy": {
    "Word Class Noun": 0.9930742593305117,
    "Word Class Adjective": 0.949740034662045,
    "Word Class Pronoun": 0.9876543209876543,
    "Word Class Number": 0.9570552147239264,
    "Word Class Verbs": 0.9963674104826155,
    "Word Class Participle": 0.90625,
    "Word Class Adverb": 0.9846473029045644,
    "Word Class Conjunctions": 0.9958333333333333,
    "Word Class Foreign words": 0.6923076923076923,
    "Word Class Unanalyzed word": 0.0,
    "Word Class Abbreviation": 0.896551724137931,
    "Word Class Web email or address": 0.0,
    "Word Class Punctuation": 0.9993355481727575,
    "Word Class Symbol": 1.0,
    "Word Class R Article": 0.9680365296803652
  },
  "per_word_class_f1": {
    "Word Class Noun": 0.9942218798151001,
    "Word Class Adjective": 0.9407725321888413,
    "Word Class Pronoun": 0.9788654060066742,
    "Word Class Number": 0.968944099378882,
    "Word Class Verbs": 0.9968847352024922,
    "Word Class Participle": 0.9279999999999999,
    "Word Class Adverb": 0.9873101726648637,
    "Word Class Conjunctions": 0.9937629937629938,
    "Word Class Foreign words": 0.7199999999999999,
    "Word Class Unanalyzed word": 0.0,
    "Word Class Abbreviation": 0.9285714285714286,
    "Word Class Web email or address": 0.0,
    "Word Class Punctuation": 0.9996676636756398,
    "Word Class Symbol": 1.0,
    "Word Class R Article": 0.952808988764045
  },
  "per_interval_accuracy": {
    "Subcategories": 0.9803162310422717,
    "Gender": 0.9638009049773756,
    "Number": 0.9824908647990256,
    "Case": 0.9676793794440853,
    "Article": 0.9903809157368219,
    "Proper Noun": 0.987687572143132,
    "Degree": 0.9785738198861734,
    "Declension": 0.9609882964889467,
    "Mood": 0.9901401141670991,
    "Voice": 0.99429164504411,
    "Tense": 0.9922158796056045,
    "Person": 0.9886444286728177,
    "Definiteness": 0.9680365296803652
  },
  "per_interval_f1": {
    "Subcategories": 0.9072368114742726,
    "Gender": 0.7732222130218311,
    "Number": 0.7351423346275455,
    "Case": 0.8054554481235193,
    "Article": 0.6627478337885,
    "Proper Noun": 0.6603153819984976,
    "Degree": 0.7725484139601787,
    "Declension": 0.7330484241084216,
    "Mood": 0.5904226165476563,
    "Voice": 0.6597022330875492,
    "Tense": 0.7455510524421268,
    "Person": 0.7515082597506884,
    "Definiteness": 0.648
  },
  "learning_rate": 1.9200000000000003e-05
}