{
  "epoch": 2,
  "mode": "singlelabel",
  "fold": 1,
  "eval_decoder": "greedy",
  "mbr_threshold": 0.0,
  "train_loss": 0.5888845620912756,
  "val_loss": 0.39081862568855286,
  "train_composite_accuracy": 0.9127004423228104,
  "train_composite_micro_f1": 0.9127004423228104,
  "train_composite_macro_f1": 0.31521643252504467,
  "val_composite_accuracy": 0.9328103683492497,
  "val_composite_micro_f1": 0.9328103683492497,
  "val_composite_macro_f1": 0.49505728733651694,
  "per_word_class_accuracy": {
    "Word Class Noun": 0.9930742593305117,
    "Word Class Adjective": 0.8994800693240901,
    "Word Class Pronoun": 0.9730639730639731,
    "Word Class Number": 0.9263803680981595,
    "Word Class Verbs": 0.9963674104826155,
    "Word Class Participle": 0.90625,
    "Word Class Adverb": 0.9858921161825727,
    "Word Class Conjunctions": 0.995,
    "Word Class Foreign words": 0.6923076923076923,
    "Word Class Unanalyzed word": 0.0,
    "Word Class Abbreviation": 0.7241379310344828,
    "Word Class Web email or address": 0.0,
    "Word Class Punctuation": 0.9993355481727575,
    "Word Class Symbol": 0.0,
    "Word Class R Article": 0.7671232876712328
  },
  "per_word_class_f1": {
    "Word Class Noun": 0.9921199308091485,
    "Word Class Adjective": 0.9121265377855887,
    "Word Class Pronoun": 0.9470234844347352,
    "Word Class Number": 0.940809968847352,
    "Word Class Verbs": 0.995850622406639,
    "Word Class Participle": 0.9206349206349206,
    "Word Class Adverb": 0.9832402234636872,
    "Word Class Conjunctions": 0.992106356460324,
    "Word Class Foreign words": 0.7500000000000001,
    "Word Class Unanalyzed word": 0.0,
    "Word Class Abbreviation": 0.823529411764706,
    "Word Class Web email or address": 0.0,
    "Word Class Punctuation": 0.9996676636756398,
    "Word Class Symbol": 0.0,
    "Word Class R Article": 0.8358208955223879
  },
  "per_interval_accuracy": {
    "Subcategories": 0.973378509196515,
    "Gender": 0.936005171299289,
    "Number": 0.9730511571254568,
    "Case": 0.9422538246067658,
    "Article": 0.9888418622547134,
    "Proper Noun": 0.9861485186610235,
    "Degree": 0.9722129226648811,
    "Declension": 0.918075422626788,
    "Mood": 0.9865075246497146,
    "Voice": 0.9911779968863519,
    "Tense": 0.9849507005708354,
    "Person": 0.9797728885734563,
    "Definiteness": 0.7442922374429224
  },
  "per_interval_f1": {
    "Subcategories": 0.8839773115845534,
    "Gender": 0.7535453711816906,
    "Number": 0.7270492063814127,
    "Case": 0.7606098659597947,
    "Article": 0.6615560213460543,
    "Proper Noun": 0.6587609945680206,
    "Degree": 0.7495560250889325,
    "Declension": 0.7163671310784786,
    "Mood": 0.5877627699051385,
    "Voice": 0.6495305665528776,
    "Tense": 0.7395334456008613,
    "Person": 0.7384641561208483,
    "Definiteness": 0.4156935747729453
  },
  "learning_rate": 1.9600000000000002e-05
}