{
  "epoch": 18,
  "mode": "singlelabel",
  "fold": 1,
  "eval_decoder": "greedy",
  "mbr_threshold": 0.0,
  "train_loss": 0.01904697598736283,
  "val_loss": 0.19136653393507003,
  "train_composite_accuracy": 0.9957567319258565,
  "train_composite_micro_f1": 0.9957567319258565,
  "train_composite_macro_f1": 0.9012027083369318,
  "val_composite_accuracy": 0.972544338335607,
  "val_composite_micro_f1": 0.972544338335607,
  "val_composite_macro_f1": 0.8648783656043175,
  "per_word_class_accuracy": {
    "Word Class Noun": 0.9988457098884186,
    "Word Class Adjective": 0.9688041594454073,
    "Word Class Pronoun": 0.9842873176206509,
    "Word Class Number": 0.9754601226993865,
    "Word Class Verbs": 0.9979242345614946,
    "Word Class Participle": 0.921875,
    "Word Class Adverb": 0.9846473029045644,
    "Word Class Conjunctions": 0.9958333333333333,
    "Word Class Foreign words": 0.7692307692307693,
    "Word Class Unanalyzed word": 0.0,
    "Word Class Abbreviation": 0.9655172413793104,
    "Word Class Web email or address": 1.0,
    "Word Class Punctuation": 0.9993355481727575,
    "Word Class Symbol": 1.0,
    "Word Class R Article": 0.9634703196347032
  },
  "per_word_class_f1": {
    "Word Class Noun": 0.9965451055662188,
    "Word Class Adjective": 0.9646246764452115,
    "Word Class Pronoun": 0.9793411501954216,
    "Word Class Number": 0.9845201238390093,
    "Word Class Verbs": 0.9971480425200935,
    "Word Class Participle": 0.9315789473684212,
    "Word Class Adverb": 0.9906073888541014,
    "Word Class Conjunctions": 0.9925249169435215,
    "Word Class Foreign words": 0.8695652173913044,
    "Word Class Unanalyzed word": 0.0,
    "Word Class Abbreviation": 0.9824561403508771,
    "Word Class Web email or address": 1.0,
    "Word Class Punctuation": 0.9996676636756398,
    "Word Class Symbol": 1.0,
    "Word Class R Article": 0.9547511312217195
  },
  "per_interval_accuracy": {
    "Subcategories": 0.9851565020974508,
    "Gender": 0.9803921568627451,
    "Number": 0.991169305724726,
    "Case": 0.9823313940960999,
    "Article": 0.9976914197768373,
    "Proper Noun": 0.9965371296652559,
    "Degree": 0.9802477402075661,
    "Declension": 0.9778933680104032,
    "Mood": 0.9911779968863519,
    "Voice": 0.9974052932018682,
    "Tense": 0.9937727036844837,
    "Person": 0.9897090134847409,
    "Definiteness": 0.9634703196347032
  },
  "per_interval_f1": {
    "Subcategories": 0.920069146363878,
    "Gender": 0.7863018309657062,
    "Number": 0.7423196367899363,
    "Case": 0.8185974794034557,
    "Article": 0.665531534254337,
    "Proper Noun": 0.6643520380314378,
    "Degree": 0.7786771316819048,
    "Declension": 0.7428638167835316,
    "Mood": 0.7919988691675803,
    "Voice": 0.664712381767206,
    "Tense": 0.7465869104038598,
    "Person": 0.7897478797828934,
    "Definiteness": 0.6486006683375104
  },
  "learning_rate": 1.64e-05
}