{
  "epoch": 10,
  "mode": "singlelabel",
  "fold": 1,
  "eval_decoder": "greedy",
  "mbr_threshold": 0.0,
  "train_loss": 0.05712111314468552,
  "val_loss": 0.18565246760845183,
  "train_composite_accuracy": 0.9886530465338751,
  "train_composite_micro_f1": 0.9886530465338751,
  "train_composite_macro_f1": 0.7248946107959994,
  "val_composite_accuracy": 0.9699010914051842,
  "val_composite_micro_f1": 0.9699010914051842,
  "val_composite_macro_f1": 0.8252298924921013,
  "per_word_class_accuracy": {
    "Word Class Noun": 0.9973066564063101,
    "Word Class Adjective": 0.9618717504332756,
    "Word Class Pronoun": 0.9876543209876543,
    "Word Class Number": 0.9754601226993865,
    "Word Class Verbs": 0.9979242345614946,
    "Word Class Participle": 0.9010416666666666,
    "Word Class Adverb": 0.9875518672199171,
    "Word Class Conjunctions": 0.9983333333333333,
    "Word Class Foreign words": 0.6923076923076923,
    "Word Class Unanalyzed word": 0.0,
    "Word Class Abbreviation": 1.0,
    "Word Class Web email or address": 1.0,
    "Word Class Punctuation": 0.9993355481727575,
    "Word Class Symbol": 1.0,
    "Word Class R Article": 0.958904109589041
  },
  "per_word_class_f1": {
    "Word Class Noun": 0.9967313978081138,
    "Word Class Adjective": 0.9577221742881795,
    "Word Class Pronoun": 0.98050139275766,
    "Word Class Number": 0.9845201238390093,
    "Word Class Verbs": 0.9976653696498056,
    "Word Class Participle": 0.925133689839572,
    "Word Class Adverb": 0.9906347554630593,
    "Word Class Conjunctions": 0.9950166112956811,
    "Word Class Foreign words": 0.7500000000000001,
    "Word Class Unanalyzed word": 0.0,
    "Word Class Abbreviation": 1.0,
    "Word Class Web email or address": 1.0,
    "Word Class Punctuation": 0.9996676636756398,
    "Word Class Symbol": 1.0,
    "Word Class R Article": 0.9567198177676538
  },
  "per_interval_accuracy": {
    "Subcategories": 0.9853178444659567,
    "Gender": 0.9769446240034475,
    "Number": 0.9888855054811205,
    "Case": 0.9778065072182719,
    "Article": 0.9961523662947287,
    "Proper Noun": 0.9949980761831474,
    "Degree": 0.9822564445932374,
    "Declension": 0.9713914174252276,
    "Mood": 0.9916969382459782,
    "Voice": 0.9968863518422418,
    "Tense": 0.9937727036844837,
    "Person": 0.9907735982966643,
    "Definiteness": 0.958904109589041
  },
  "per_interval_f1": {
    "Subcategories": 0.919595272127432,
    "Gender": 0.7835857731358207,
    "Number": 0.7409919578646393,
    "Case": 0.8122627293616471,
    "Article": 0.6649749736726999,
    "Proper Noun": 0.663833641184532,
    "Degree": 0.7801868409133969,
    "Declension": 0.7330928400648157,
    "Mood": 0.7917319057564388,
    "Voice": 0.6631123957474564,
    "Tense": 0.7461341519414617,
    "Person": 0.78391049005082,
    "Definiteness": 0.6440683941477173
  },
  "learning_rate": 1.8e-05
}