{
  "epoch": 8,
  "mode": "singlelabel",
  "fold": 1,
  "eval_decoder": "greedy",
  "mbr_threshold": 0.0,
  "train_loss": 0.08154728819156579,
  "val_loss": 0.17368301898241043,
  "train_composite_accuracy": 0.9847507553585467,
  "train_composite_micro_f1": 0.9847507553585467,
  "train_composite_macro_f1": 0.6763914986541832,
  "val_composite_accuracy": 0.9678547066848567,
  "val_composite_micro_f1": 0.9678547066848567,
  "val_composite_macro_f1": 0.7911865893511473,
  "per_word_class_accuracy": {
    "Word Class Noun": 0.9976914197768373,
    "Word Class Adjective": 0.9549393414211439,
    "Word Class Pronoun": 0.9865319865319865,
    "Word Class Number": 0.9754601226993865,
    "Word Class Verbs": 0.9958484691229891,
    "Word Class Participle": 0.9010416666666666,
    "Word Class Adverb": 0.9875518672199171,
    "Word Class Conjunctions": 0.9966666666666667,
    "Word Class Foreign words": 0.6923076923076923,
    "Word Class Unanalyzed word": 0.0,
    "Word Class Abbreviation": 0.9655172413793104,
    "Word Class Web email or address": 1.0,
    "Word Class Punctuation": 0.9993355481727575,
    "Word Class Symbol": 1.0,
    "Word Class R Article": 0.9771689497716894
  },
  "per_word_class_f1": {
    "Word Class Noun": 0.9965411222136817,
    "Word Class Adjective": 0.953287197231834,
    "Word Class Pronoun": 0.983221476510067,
    "Word Class Number": 0.9875776397515528,
    "Word Class Verbs": 0.9963655244029076,
    "Word Class Participle": 0.9202127659574467,
    "Word Class Adverb": 0.9898107714701601,
    "Word Class Conjunctions": 0.9929431299294315,
    "Word Class Foreign words": 0.7500000000000001,
    "Word Class Unanalyzed word": 0.0,
    "Word Class Abbreviation": 0.9824561403508771,
    "Word Class Web email or address": 1.0,
    "Word Class Punctuation": 0.9996676636756398,
    "Word Class Symbol": 1.0,
    "Word Class R Article": 0.9639639639639639
  },
  "per_interval_accuracy": {
    "Subcategories": 0.9851565020974508,
    "Gender": 0.9752208575737987,
    "Number": 0.9867539585870889,
    "Case": 0.9743589743589743,
    "Article": 0.9957676029242016,
    "Proper Noun": 0.9961523662947287,
    "Degree": 0.9815868764646802,
    "Declension": 0.9674902470741222,
    "Mood": 0.98858329008822,
    "Voice": 0.9948105864037364,
    "Tense": 0.9911779968863519,
    "Person": 0.9865152590489709,
    "Definiteness": 0.9771689497716894
  },
  "per_interval_f1": {
    "Subcategories": 0.9191539091720317,
    "Gender": 0.7826445189365241,
    "Number": 0.7393247885410057,
    "Case": 0.8122999130856955,
    "Article": 0.664519347690952,
    "Proper Noun": 0.6647799740678998,
    "Degree": 0.7802020272698189,
    "Declension": 0.7349251817532413,
    "Mood": 0.7889934379909082,
    "Voice": 0.6627701743314666,
    "Tense": 0.745103534426514,
    "Person": 0.7600877752306727,
    "Definiteness": 0.6535433070866142
  },
  "learning_rate": 1.8400000000000003e-05
}