{
  "epoch": 7,
  "mode": "singlelabel",
  "fold": 1,
  "eval_decoder": "greedy",
  "mbr_threshold": 0.0,
  "train_loss": 0.10183534396777073,
  "val_loss": 0.19181439876556397,
  "train_composite_accuracy": 0.9813599295314409,
  "train_composite_micro_f1": 0.9813599295314409,
  "train_composite_macro_f1": 0.6468069051427678,
  "val_composite_accuracy": 0.9664051841746248,
  "val_composite_micro_f1": 0.9664051841746248,
  "val_composite_macro_f1": 0.7834325147533151,
  "per_word_class_accuracy": {
    "Word Class Noun": 0.9961523662947287,
    "Word Class Adjective": 0.9462738301559792,
    "Word Class Pronoun": 0.9854096520763187,
    "Word Class Number": 0.9693251533742331,
    "Word Class Verbs": 0.9979242345614946,
    "Word Class Participle": 0.90625,
    "Word Class Adverb": 0.9858921161825727,
    "Word Class Conjunctions": 0.9941666666666666,
    "Word Class Foreign words": 0.6923076923076923,
    "Word Class Unanalyzed word": 0.0,
    "Word Class Abbreviation": 1.0,
    "Word Class Web email or address": 1.0,
    "Word Class Punctuation": 0.9993355481727575,
    "Word Class Symbol": 1.0,
    "Word Class R Article": 0.9817351598173516
  },
  "per_word_class_f1": {
    "Word Class Noun": 0.9959607616849393,
    "Word Class Adjective": 0.9479166666666667,
    "Word Class Pronoun": 0.9804578447794529,
    "Word Class Number": 0.9844236760124611,
    "Word Class Verbs": 0.9966312516195907,
    "Word Class Participle": 0.9255319148936171,
    "Word Class Adverb": 0.9877364373311162,
    "Word Class Conjunctions": 0.9929255097794424,
    "Word Class Foreign words": 0.7199999999999999,
    "Word Class Unanalyzed word": 0.0,
    "Word Class Abbreviation": 1.0,
    "Word Class Web email or address": 1.0,
    "Word Class Punctuation": 0.9996676636756398,
    "Word Class Symbol": 1.0,
    "Word Class R Article": 0.9641255605381166
  },
  "per_interval_accuracy": {
    "Subcategories": 0.9832203936753792,
    "Gender": 0.969187675070028,
    "Number": 0.9859926918392204,
    "Case": 0.9752208575737987,
    "Article": 0.9949980761831474,
    "Proper Noun": 0.9946133128126202,
    "Degree": 0.978908603950452,
    "Declension": 0.9583875162548765,
    "Mood": 0.9911779968863519,
    "Voice": 0.9974052932018682,
    "Tense": 0.99429164504411,
    "Person": 0.9882895670688432,
    "Definiteness": 0.9817351598173516
  },
  "per_interval_f1": {
    "Subcategories": 0.9170320340678464,
    "Gender": 0.7792257067093216,
    "Number": 0.7390077198760802,
    "Case": 0.81221282273418,
    "Article": 0.6646715809871884,
    "Proper Noun": 0.6644358797925922,
    "Degree": 0.7745901199935522,
    "Declension": 0.7335655668492362,
    "Mood": 0.7908111415697447,
    "Voice": 0.664712381767206,
    "Tense": 0.7468511881436308,
    "Person": 0.7583869537681254,
    "Definiteness": 0.65625
  },
  "learning_rate": 1.86e-05
}