{
  "epoch": 6,
  "mode": "singlelabel",
  "fold": 1,
  "eval_decoder": "greedy",
  "mbr_threshold": 0.0,
  "train_loss": 0.1266634611377636,
  "val_loss": 0.18992020040750504,
  "train_composite_accuracy": 0.9780448763485162,
  "train_composite_micro_f1": 0.9780448763485162,
  "train_composite_macro_f1": 0.6176671913541825,
  "val_composite_accuracy": 0.9667462482946794,
  "val_composite_micro_f1": 0.9667462482946794,
  "val_composite_macro_f1": 0.7622040700246171,
  "per_word_class_accuracy": {
    "Word Class Noun": 0.996921893035783,
    "Word Class Adjective": 0.9549393414211439,
    "Word Class Pronoun": 0.9865319865319865,
    "Word Class Number": 0.9631901840490797,
    "Word Class Verbs": 0.9989621172807472,
    "Word Class Participle": 0.90625,
    "Word Class Adverb": 0.9863070539419088,
    "Word Class Conjunctions": 0.995,
    "Word Class Foreign words": 0.6923076923076923,
    "Word Class Unanalyzed word": 0.0,
    "Word Class Abbreviation": 1.0,
    "Word Class Web email or address": 0.0,
    "Word Class Punctuation": 0.9993355481727575,
    "Word Class Symbol": 1.0,
    "Word Class R Article": 0.9817351598173516
  },
  "per_word_class_f1": {
    "Word Class Noun": 0.9965384615384616,
    "Word Class Adjective": 0.9483648881239242,
    "Word Class Pronoun": 0.9837716843872412,
    "Word Class Number": 0.98125,
    "Word Class Verbs": 0.9974093264248705,
    "Word Class Participle": 0.9354838709677419,
    "Word Class Adverb": 0.9883575883575884,
    "Word Class Conjunctions": 0.9945855893377759,
    "Word Class Foreign words": 0.7500000000000001,
    "Word Class Unanalyzed word": 0.0,
    "Word Class Abbreviation": 0.983050847457627,
    "Word Class Web email or address": 0.0,
    "Word Class Punctuation": 0.9996676636756398,
    "Word Class Symbol": 1.0,
    "Word Class R Article": 0.9619686800894854
  },
  "per_interval_accuracy": {
    "Subcategories": 0.9820909970958374,
    "Gender": 0.9728506787330317,
    "Number": 0.9885809987819733,
    "Case": 0.973712561947856,
    "Article": 0.9949980761831474,
    "Proper Noun": 0.9934590227010388,
    "Degree": 0.9809173083361232,
    "Declension": 0.9635890767230169,
    "Mood": 0.9932537623248573,
    "Voice": 0.9979242345614946,
    "Tense": 0.9958484691229891,
    "Person": 0.9900638750887154,
    "Definiteness": 0.9817351598173516
  },
  "per_interval_f1": {
    "Subcategories": 0.913619295487807,
    "Gender": 0.7813436305909792,
    "Number": 0.740854101814864,
    "Case": 0.8111736568552338,
    "Article": 0.664393974471763,
    "Proper Noun": 0.6628952076962347,
    "Degree": 0.7773541342118916,
    "Declension": 0.7366770060306215,
    "Mood": 0.7927948803667264,
    "Voice": 0.6632963542054451,
    "Tense": 0.7475338002869746,
    "Person": 0.7595053116154695,
    "Definiteness": 0.65625
  },
  "learning_rate": 1.88e-05
}