{
  "epoch": 14,
  "mode": "singlelabel",
  "fold": 1,
  "eval_decoder": "greedy",
  "mbr_threshold": 0.0,
  "train_loss": 0.03208561546509486,
  "val_loss": 0.19182944148778916,
  "train_composite_accuracy": 0.993521438922513,
  "train_composite_micro_f1": 0.993521438922513,
  "train_composite_macro_f1": 0.8177612836870656,
  "val_composite_accuracy": 0.971862210095498,
  "val_composite_micro_f1": 0.971862210095498,
  "val_composite_macro_f1": 0.8533688512363216,
  "per_word_class_accuracy": {
    "Word Class Noun": 0.9980761831473643,
    "Word Class Adjective": 0.9566724436741768,
    "Word Class Pronoun": 0.9876543209876543,
    "Word Class Number": 0.9754601226993865,
    "Word Class Verbs": 0.9984431759211209,
    "Word Class Participle": 0.9322916666666666,
    "Word Class Adverb": 0.9850622406639005,
    "Word Class Conjunctions": 0.9958333333333333,
    "Word Class Foreign words": 0.8461538461538461,
    "Word Class Unanalyzed word": 0.0,
    "Word Class Abbreviation": 0.9655172413793104,
    "Word Class Web email or address": 1.0,
    "Word Class Punctuation": 0.9993355481727575,
    "Word Class Symbol": 1.0,
    "Word Class R Article": 0.9634703196347032
  },
  "per_word_class_f1": {
    "Word Class Noun": 0.9973087274125335,
    "Word Class Adjective": 0.9558441558441559,
    "Word Class Pronoun": 0.9794101279910962,
    "Word Class Number": 0.9845201238390093,
    "Word Class Verbs": 0.9971495206011921,
    "Word Class Participle": 0.9396325459317585,
    "Word Class Adverb": 0.9899916597164304,
    "Word Class Conjunctions": 0.9937629937629938,
    "Word Class Foreign words": 0.8461538461538461,
    "Word Class Unanalyzed word": 0.0,
    "Word Class Abbreviation": 0.9824561403508771,
    "Word Class Web email or address": 1.0,
    "Word Class Punctuation": 0.9996676636756398,
    "Word Class Symbol": 1.0,
    "Word Class R Article": 0.959090909090909
  },
  "per_interval_accuracy": {
    "Subcategories": 0.984188447886415,
    "Gender": 0.9814695108812755,
    "Number": 0.9904080389768575,
    "Case": 0.9784529196293902,
    "Article": 0.996921893035783,
    "Proper Noun": 0.9957676029242016,
    "Degree": 0.978908603950452,
    "Declension": 0.9700910273081924,
    "Mood": 0.9922158796056045,
    "Voice": 0.9979242345614946,
    "Tense": 0.9948105864037364,
    "Person": 0.9907735982966643,
    "Definiteness": 0.9634703196347032
  },
  "per_interval_f1": {
    "Subcategories": 0.9190593069367898,
    "Gender": 0.7873311780443977,
    "Number": 0.7422456702470208,
    "Case": 0.8184882806874917,
    "Article": 0.6653299597447667,
    "Proper Noun": 0.6641825620847945,
    "Degree": 0.7766737289213707,
    "Declension": 0.7383131973097967,
    "Mood": 0.7924076182907467,
    "Voice": 0.6648043864116167,
    "Tense": 0.7470623446497646,
    "Person": 0.7834802137889165,
    "Definiteness": 0.6469071038251366
  },
  "learning_rate": 1.72e-05
}