{
  "mode": "singlelabel",
  "fold": 1,
  "eval_decoder": "greedy",
  "mbr_threshold": 0.0,
  "temperature": 1.0,
  "ood_data_path": "data/OOD-BRAGD.json",
  "num_sentences": 500,
  "composite_accuracy": 0.9600657016733395,
  "composite_micro_f1": 0.9600657016733396,
  "composite_macro_f1": 0.7807513484549644,
  "word_class_accuracy": 0.9890155014885536,
  "word_class_macro_f1": 0.9363951023840383,
  "per_word_class_accuracy": {
    "Word Class Noun": 0.9895470383275261,
    "Word Class Adjective": 0.9649415692821369,
    "Word Class Pronoun": 0.9958904109589041,
    "Word Class Number": 1.0,
    "Word Class Verbs": 0.9964336661911555,
    "Word Class Participle": 0.9194630872483222,
    "Word Class Adverb": 0.9911942762795817,
    "Word Class Conjunctions": 0.9915254237288136,
    "Word Class Foreign words": 0.65,
    "Word Class Unanalyzed word": 0.0,
    "Word Class Abbreviation": 1.0,
    "Word Class Web email or address": 0.0,
    "Word Class Punctuation": 1.0,
    "Word Class Symbol": 0.9230769230769231,
    "Word Class R Article": 0.96875
  },
  "per_word_class_f1": {
    "Word Class Noun": 0.9923564096964402,
    "Word Class Adjective": 0.9625312239800168,
    "Word Class Pronoun": 0.9918144611186903,
    "Word Class Number": 1.0,
    "Word Class Verbs": 0.9967891544773457,
    "Word Class Participle": 0.9415807560137458,
    "Word Class Adverb": 0.9871197588380377,
    "Word Class Conjunctions": 0.9936305732484078,
    "Word Class Foreign words": 0.6842105263157895,
    "Word Class Unanalyzed word": 0.0,
    "Word Class Abbreviation": 0.6842105263157895,
    "Word Class Web email or address": 0.0,
    "Word Class Punctuation": 1.0,
    "Word Class Symbol": 0.9600000000000001,
    "Word Class R Article": 0.9779179810725551
  },
  "per_interval_accuracy": {
    "Subcategories": 0.9889872173058014,
    "Gender": 0.9630695443645084,
    "Number": 0.9809763101220388,
    "Case": 0.9729016786570743,
    "Article": 0.985191637630662,
    "Proper Noun": 0.9716898954703833,
    "Degree": 0.9838576158940397,
    "Declension": 0.9705882352941176,
    "Mood": 0.9935805991440799,
    "Voice": 0.9957203994293866,
    "Tense": 0.992867332382311,
    "Person": 0.9896810506566605,
    "Definiteness": 0.96875
  },
  "per_interval_f1": {
    "Subcategories": 0.9132529756393586,
    "Gender": 0.7732787126067681,
    "Number": 0.7351921999651683,
    "Case": 0.8044799197127791,
    "Article": 0.6604838016556752,
    "Proper Noun": 0.6450940025706381,
    "Degree": 0.6500367995235012,
    "Declension": 0.7367743036300816,
    "Mood": 0.7646405659832416,
    "Voice": 0.6628084598186388,
    "Tense": 0.7453084278811353,
    "Person": 0.7823414564529265,
    "Definiteness": 0.6552380952380953
  }
}