{
  "model": "tnt",
  "fold": 7,
  "ood_data_path": "data/OOD-BRAGD.json",
  "num_sentences": 500,
  "composite_accuracy": 0.749230137548758,
  "composite_micro_f1": 0.9002220029600395,
  "composite_macro_f1": 0.6330266164542367,
  "word_class_accuracy": 0.9792797237296498,
  "word_class_macro_f1": 0.8931302123828397,
  "per_word_class_accuracy": {
    "Word Class Noun": 0.9908333333333333,
    "Word Class Adjective": 0.9214285714285714,
    "Word Class Pronoun": 0.9733520336605891,
    "Word Class Number": 0.9858156028368794,
    "Word Class Verbs": 0.989010989010989,
    "Word Class Participle": 0.85,
    "Word Class Adverb": 0.9747191011235955,
    "Word Class Conjunctions": 0.9872881355932204,
    "Word Class Foreign words": 0.0,
    "Word Class Unanalyzed word": 0.0,
    "Word Class Abbreviation": 1.0,
    "Word Class Web email or address": 0.0,
    "Word Class Punctuation": 1.0,
    "Word Class Symbol": 1.0,
    "Word Class R Article": 0.8924050632911392
  },
  "per_word_class_f1": {
    "Word Class Noun": 0.9891846921797004,
    "Word Class Adjective": 0.9381818181818182,
    "Word Class Pronoun": 0.9706293706293707,
    "Word Class Number": 0.9893238434163701,
    "Word Class Verbs": 0.984375,
    "Word Class Participle": 0.8808290155440415,
    "Word Class Adverb": 0.9771895240777246,
    "Word Class Conjunctions": 0.9800210304942166,
    "Word Class Foreign words": 0.0,
    "Word Class Unanalyzed word": 0.0,
    "Word Class Abbreviation": 1.0,
    "Word Class Web email or address": 0.0,
    "Word Class Punctuation": 1.0,
    "Word Class Symbol": 1.0,
    "Word Class R Article": 0.9009584664536742
  }
}