{
  "model": "tnt",
  "fold": 7,
  "val_composite_accuracy": 0.8475283901135604,
  "val_composite_micro_f1": 0.9214707217430776,
  "val_composite_macro_f1": 0.7208111299576001,
  "per_word_class_accuracy": {
    "Word Class Noun": 0.9956140350877193,
    "Word Class Adjective": 0.9497098646034816,
    "Word Class Pronoun": 0.9683257918552036,
    "Word Class Number": 0.9568965517241379,
    "Word Class Verbs": 0.9880108991825614,
    "Word Class Participle": 0.837037037037037,
    "Word Class Adverb": 0.9757322175732217,
    "Word Class Conjunctions": 0.9840764331210191,
    "Word Class Foreign words": 0.6666666666666666,
    "Word Class Unanalyzed word": 0.0,
    "Word Class Abbreviation": 1.0,
    "Word Class Web email or address": 0.0,
    "Word Class Punctuation": 1.0,
    "Word Class Symbol": 1.0,
    "Word Class R Article": 0.8852459016393442
  },
  "per_word_class_f1": {
    "Word Class Noun": 0.9958566902266633,
    "Word Class Adjective": 0.9469623915139826,
    "Word Class Pronoun": 0.961257720381808,
    "Word Class Number": 0.9736842105263158,
    "Word Class Verbs": 0.9855939113889645,
    "Word Class Participle": 0.856060606060606,
    "Word Class Adverb": 0.9785984053713805,
    "Word Class Conjunctions": 0.9832935560859188,
    "Word Class Foreign words": 0.8,
    "Word Class Unanalyzed word": 0.0,
    "Word Class Abbreviation": 1.0,
    "Word Class Web email or address": 0.0,
    "Word Class Punctuation": 1.0,
    "Word Class Symbol": 1.0,
    "Word Class R Article": 0.8852459016393442
  },
  "per_interval_accuracy": {
    "Subcategories": 0.9601542416452442,
    "Gender": 0.9518743667679838,
    "Number": 0.9690472073318347,
    "Case": 0.9060283687943262,
    "Article": 0.9946393762183235,
    "Proper Noun": 0.9892787524366472,
    "Degree": 0.9748882008943929,
    "Declension": 0.9125766871165644,
    "Mood": 0.9569482288828338,
    "Voice": 0.9880108991825614,
    "Tense": 0.9574931880108992,
    "Person": 0.9547627804339831,
    "Definiteness": 0.8852459016393442
  },
  "per_interval_f1": {
    "Subcategories": 0.9029428968499096,
    "Gender": 0.7700810904747488,
    "Number": 0.7214385252687627,
    "Case": 0.7839163933412223,
    "Article": 0.6645732046716221,
    "Proper Noun": 0.6605372553609637,
    "Degree": 0.7790351869389653,
    "Declension": 0.717900828460039,
    "Mood": 0.7637740242085561,
    "Voice": 0.6645702306079665,
    "Tense": 0.7243035778106406,
    "Person": 0.739621367996604,
    "Definiteness": 0.617435729311805
  }
}