{
  "model": "tnt",
  "fold": 5,
  "ood_data_path": "data/OOD-BRAGD.json",
  "num_sentences": 500,
  "composite_accuracy": 0.7479983576267707,
  "composite_micro_f1": 0.8981880931837791,
  "composite_macro_f1": 0.6146281882084327,
  "word_class_accuracy": 0.9791692345618144,
  "word_class_macro_f1": 0.8904213408494861,
  "per_word_class_accuracy": {
    "Word Class Noun": 0.9916597164303587,
    "Word Class Adjective": 0.9170616113744076,
    "Word Class Pronoun": 0.9747899159663865,
    "Word Class Number": 0.9859154929577465,
    "Word Class Verbs": 0.9898198903680501,
    "Word Class Participle": 0.8316831683168316,
    "Word Class Adverb": 0.9775028121484814,
    "Word Class Conjunctions": 0.9872881355932204,
    "Word Class Foreign words": 0.0,
    "Word Class Unanalyzed word": 0.0,
    "Word Class Abbreviation": 1.0,
    "Word Class Web email or address": 0.0,
    "Word Class Punctuation": 1.0,
    "Word Class Symbol": 1.0,
    "Word Class R Article": 0.8607594936708861
  },
  "per_word_class_f1": {
    "Word Class Noun": 0.9908333333333332,
    "Word Class Adjective": 0.9381818181818181,
    "Word Class Pronoun": 0.9693593314763231,
    "Word Class Number": 0.9893992932862191,
    "Word Class Verbs": 0.9844236760124611,
    "Word Class Participle": 0.8615384615384615,
    "Word Class Adverb": 0.9786036036036037,
    "Word Class Conjunctions": 0.9800210304942166,
    "Word Class Foreign words": 0.0,
    "Word Class Unanalyzed word": 0.0,
    "Word Class Abbreviation": 1.0,
    "Word Class Web email or address": 0.0,
    "Word Class Punctuation": 1.0,
    "Word Class Symbol": 1.0,
    "Word Class R Article": 0.8831168831168831
  }
}