{
  "model": "tnt",
  "fold": 5,
  "val_composite_accuracy": 0.8450413223140496,
  "val_composite_micro_f1": 0.9187570198427555,
  "val_composite_macro_f1": 0.6989012008008497,
  "per_word_class_accuracy": {
    "Word Class Noun": 0.9964982491245623,
    "Word Class Adjective": 0.9303370786516854,
    "Word Class Pronoun": 0.9788135593220338,
    "Word Class Number": 0.9829059829059829,
    "Word Class Verbs": 0.987485779294653,
    "Word Class Participle": 0.8680555555555556,
    "Word Class Adverb": 0.983857264231096,
    "Word Class Conjunctions": 0.9905902480752781,
    "Word Class Foreign words": 1.0,
    "Word Class Unanalyzed word": 0.0,
    "Word Class Abbreviation": 1.0,
    "Word Class Web email or address": 0.0,
    "Word Class Punctuation": 1.0,
    "Word Class Symbol": 1.0,
    "Word Class R Article": 0.905940594059406
  },
  "per_word_class_f1": {
    "Word Class Noun": 0.9977460555972952,
    "Word Class Adjective": 0.9495412844036697,
    "Word Class Pronoun": 0.975197889182058,
    "Word Class Number": 0.978723404255319,
    "Word Class Verbs": 0.9877667140825035,
    "Word Class Participle": 0.8591065292096219,
    "Word Class Adverb": 0.9840662842574889,
    "Word Class Conjunctions": 0.9842753931151722,
    "Word Class Foreign words": 0.9565217391304348,
    "Word Class Unanalyzed word": 0.0,
    "Word Class Abbreviation": 1.0,
    "Word Class Web email or address": 0.0,
    "Word Class Punctuation": 1.0,
    "Word Class Symbol": 1.0,
    "Word Class R Article": 0.9104477611940299
  },
  "per_interval_accuracy": {
    "Subcategories": 0.9681320477202158,
    "Gender": 0.9436509997403272,
    "Number": 0.9634515956498485,
    "Case": 0.9000259672812256,
    "Article": 0.9949974987493747,
    "Proper Noun": 0.9874937468734367,
    "Degree": 0.9782065023222579,
    "Declension": 0.9134125636672326,
    "Mood": 0.9533560864618885,
    "Voice": 0.987485779294653,
    "Tense": 0.9544937428896473,
    "Person": 0.9537379718726869,
    "Definiteness": 0.905940594059406
  },
  "per_interval_f1": {
    "Subcategories": 0.9032878793527651,
    "Gender": 0.762905797017431,
    "Number": 0.7162977915639367,
    "Case": 0.7788270372025264,
    "Article": 0.6646642445864567,
    "Proper Noun": 0.6583548630988071,
    "Degree": 0.7803843004575574,
    "Declension": 0.7215708249422973,
    "Mood": 0.7582165878984781,
    "Voice": 0.6645021645021645,
    "Tense": 0.7212283840190817,
    "Person": 0.7470140684490081,
    "Definiteness": 0.6158636736928552
  }
}