{
  "epoch": 9,
  "mode": "multilabel",
  "fold": 4,
  "eval_decoder": "greedy",
  "mbr_threshold": 0.0,
  "train_loss": 0.08120224787819767,
  "val_loss": 0.27821826934814453,
  "train_composite_accuracy": 0.9874023492916186,
  "train_composite_micro_f1": 0.9874023492916185,
  "train_composite_macro_f1": 0.8636103705331385,
  "val_composite_accuracy": 0.9707428170988087,
  "val_composite_micro_f1": 0.9707428170988087,
  "val_composite_macro_f1": 0.8651621166893226,
  "per_word_class_accuracy": {
    "Word Class Noun": 0.9957115009746589,
    "Word Class Adjective": 0.9570661896243292,
    "Word Class Pronoun": 0.986409966024915,
    "Word Class Number": 0.987012987012987,
    "Word Class Verbs": 0.997872340425532,
    "Word Class Participle": 0.9631578947368421,
    "Word Class Adverb": 0.9895742832319722,
    "Word Class Conjunctions": 0.9975083056478405,
    "Word Class Foreign words": 1.0,
    "Word Class Unanalyzed word": 0.0,
    "Word Class Abbreviation": 0.9230769230769231,
    "Word Class Web email or address": 0.0,
    "Word Class Punctuation": 1.0,
    "Word Class Symbol": 1.0,
    "Word Class R Article": 0.9803921568627451
  },
  "per_word_class_f1": {
    "Word Class Noun": 0.9970720281085302,
    "Word Class Adjective": 0.963963963963964,
    "Word Class Pronoun": 0.9886492622020432,
    "Word Class Number": 0.990228013029316,
    "Word Class Verbs": 0.997872340425532,
    "Word Class Participle": 0.9481865284974093,
    "Word Class Adverb": 0.9900043459365493,
    "Word Class Conjunctions": 0.9950289975144989,
    "Word Class Foreign words": 0.8333333333333333,
    "Word Class Unanalyzed word": 0.0,
    "Word Class Abbreviation": 0.9600000000000001,
    "Word Class Web email or address": 0.0,
    "Word Class Punctuation": 1.0,
    "Word Class Symbol": 1.0,
    "Word Class R Article": 0.966183574879227
  },
  "per_interval_accuracy": {
    "Subcategories": 0.9862057503739405,
    "Gender": 0.9765093304061471,
    "Number": 0.9885003885003885,
    "Case": 0.9773874862788144,
    "Article": 0.9910331384015595,
    "Proper Noun": 0.9929824561403509,
    "Degree": 0.9856693463823838,
    "Declension": 0.9946595460614153,
    "Mood": 0.9920212765957447,
    "Voice": 0.9989361702127659,
    "Tense": 0.9904255319148936,
    "Person": 0.98914223669924,
    "Definiteness": 0.9852941176470589
  },
  "per_interval_f1": {
    "Subcategories": 0.9726768042636702,
    "Gender": 0.9768172308971529,
    "Number": 0.9847197113244737,
    "Case": 0.9689637923194523,
    "Article": 0.9902475368397456,
    "Proper Noun": 0.9907829887950529,
    "Degree": 0.7787260610604214,
    "Declension": 0.9835015932576908,
    "Mood": 0.9923737361300498,
    "Voice": 0.9941028488259023,
    "Tense": 0.9913403237783879,
    "Person": 0.9839006881045012,
    "Definiteness": 0.9837437245995697
  },
  "learning_rate": 1.8200000000000002e-05
}