{
  "epoch": 6,
  "mode": "multilabel",
  "fold": 4,
  "eval_decoder": "greedy",
  "mbr_threshold": 0.0,
  "train_loss": 0.14724112056423483,
  "val_loss": 0.2749389946460724,
  "train_composite_accuracy": 0.9795941546149769,
  "train_composite_micro_f1": 0.9795941546149769,
  "train_composite_macro_f1": 0.7950473073230857,
  "val_composite_accuracy": 0.9684487291849255,
  "val_composite_micro_f1": 0.9684487291849255,
  "val_composite_macro_f1": 0.8469175391556371,
  "per_word_class_accuracy": {
    "Word Class Noun": 0.9933723196881091,
    "Word Class Adjective": 0.9588550983899821,
    "Word Class Pronoun": 0.9796149490373726,
    "Word Class Number": 0.9805194805194806,
    "Word Class Verbs": 0.9989361702127659,
    "Word Class Participle": 0.9473684210526315,
    "Word Class Adverb": 0.9887054735013032,
    "Word Class Conjunctions": 0.9933554817275747,
    "Word Class Foreign words": 0.9333333333333333,
    "Word Class Unanalyzed word": 0.0,
    "Word Class Abbreviation": 0.9230769230769231,
    "Word Class Web email or address": 0.0,
    "Word Class Punctuation": 1.0,
    "Word Class Symbol": 1.0,
    "Word Class R Article": 0.9803921568627451
  },
  "per_word_class_f1": {
    "Word Class Noun": 0.9957014458772957,
    "Word Class Adjective": 0.9562890276538804,
    "Word Class Pronoun": 0.9857549857549858,
    "Word Class Number": 0.9869281045751634,
    "Word Class Verbs": 0.9989361702127659,
    "Word Class Participle": 0.9424083769633508,
    "Word Class Adverb": 0.9882761615284412,
    "Word Class Conjunctions": 0.9933554817275747,
    "Word Class Foreign words": 0.7368421052631579,
    "Word Class Unanalyzed word": 0.0,
    "Word Class Abbreviation": 0.9411764705882353,
    "Word Class Web email or address": 0.0,
    "Word Class Punctuation": 1.0,
    "Word Class Symbol": 1.0,
    "Word Class R Article": 0.9546539379474941
  },
  "per_interval_accuracy": {
    "Subcategories": 0.9833804221372777,
    "Gender": 0.9771679473106476,
    "Number": 0.9888111888111888,
    "Case": 0.975192096597146,
    "Article": 0.9914230019493178,
    "Proper Noun": 0.9898635477582846,
    "Degree": 0.9863684026564138,
    "Declension": 0.9906542056074766,
    "Mood": 0.9909574468085106,
    "Voice": 0.9984042553191489,
    "Tense": 0.9904255319148936,
    "Person": 0.9862468331523706,
    "Definiteness": 0.9852941176470589
  },
  "per_interval_f1": {
    "Subcategories": 0.966215900612583,
    "Gender": 0.9775100924517508,
    "Number": 0.9851536514906175,
    "Case": 0.9720683309704039,
    "Article": 0.9906693096182007,
    "Proper Noun": 0.9867394416607016,
    "Degree": 0.7766081474754809,
    "Declension": 0.9772427156670426,
    "Mood": 0.9907496782496783,
    "Voice": 0.9911067801340605,
    "Tense": 0.9916000874102581,
    "Person": 0.9798755949938931,
    "Definiteness": 0.9837437245995697
  },
  "learning_rate": 1.88e-05
}