{
  "epoch": 7,
  "mode": "multilabel",
  "fold": 4,
  "eval_decoder": "greedy",
  "mbr_threshold": 0.0,
  "train_loss": 0.11515209621585787,
  "val_loss": 0.2687526449561119,
  "train_composite_accuracy": 0.9831354930243557,
  "train_composite_micro_f1": 0.9831354930243557,
  "train_composite_macro_f1": 0.8395738464848559,
  "val_composite_accuracy": 0.9677673644565122,
  "val_composite_micro_f1": 0.9677673644565122,
  "val_composite_macro_f1": 0.8410731571751698,
  "per_word_class_accuracy": {
    "Word Class Noun": 0.9953216374269006,
    "Word Class Adjective": 0.9499105545617174,
    "Word Class Pronoun": 0.9909399773499433,
    "Word Class Number": 0.987012987012987,
    "Word Class Verbs": 0.997872340425532,
    "Word Class Participle": 0.9526315789473684,
    "Word Class Adverb": 0.9847958297132928,
    "Word Class Conjunctions": 0.9983388704318937,
    "Word Class Foreign words": 1.0,
    "Word Class Unanalyzed word": 0.0,
    "Word Class Abbreviation": 0.9230769230769231,
    "Word Class Web email or address": 0.0,
    "Word Class Punctuation": 1.0,
    "Word Class Symbol": 1.0,
    "Word Class R Article": 0.9705882352941176
  },
  "per_word_class_f1": {
    "Word Class Noun": 0.996487119437939,
    "Word Class Adjective": 0.9593495934959348,
    "Word Class Pronoun": 0.9892594686263426,
    "Word Class Number": 0.990228013029316,
    "Word Class Verbs": 0.9981378026070763,
    "Word Class Participle": 0.9354005167958657,
    "Word Class Adverb": 0.9875844042692223,
    "Word Class Conjunctions": 0.992978108219744,
    "Word Class Foreign words": 0.8108108108108109,
    "Word Class Unanalyzed word": 0.0,
    "Word Class Abbreviation": 0.9411764705882353,
    "Word Class Web email or address": 0.0,
    "Word Class Punctuation": 1.0,
    "Word Class Symbol": 1.0,
    "Word Class R Article": 0.9635036496350365
  },
  "per_interval_accuracy": {
    "Subcategories": 0.9853747714808044,
    "Gender": 0.9743139407244786,
    "Number": 0.9878787878787879,
    "Case": 0.9754116355653129,
    "Article": 0.9902534113060428,
    "Proper Noun": 0.9937621832358674,
    "Degree": 0.9832226494232785,
    "Declension": 0.9946595460614153,
    "Mood": 0.9909574468085106,
    "Voice": 0.9984042553191489,
    "Tense": 0.9909574468085106,
    "Person": 0.9884183858125226,
    "Definiteness": 0.9852941176470589
  },
  "per_interval_f1": {
    "Subcategories": 0.9703393907670829,
    "Gender": 0.9747043790609445,
    "Number": 0.9840569119543826,
    "Case": 0.9717097928464847,
    "Article": 0.9894045900059631,
    "Proper Noun": 0.991798888933296,
    "Degree": 0.7765577346362706,
    "Declension": 0.9842611404578084,
    "Mood": 0.990761332465664,
    "Voice": 0.9911067801340605,
    "Tense": 0.9920701410116104,
    "Person": 0.9844510272483342,
    "Definiteness": 0.9837437245995697
  },
  "learning_rate": 1.86e-05
}