{
  "epoch": 2,
  "mode": "multilabel",
  "fold": 4,
  "eval_decoder": "greedy",
  "mbr_threshold": 0.0,
  "train_loss": 0.667523453806512,
  "val_loss": 0.41110012829303744,
  "train_composite_accuracy": 0.9277122225295953,
  "train_composite_micro_f1": 0.9277122225295953,
  "train_composite_macro_f1": 0.5597304631606964,
  "val_composite_accuracy": 0.9566476524791575,
  "val_composite_micro_f1": 0.9566476524791575,
  "val_composite_macro_f1": 0.7821478990008792,
  "per_word_class_accuracy": {
    "Word Class Noun": 0.9957115009746589,
    "Word Class Adjective": 0.9427549194991055,
    "Word Class Pronoun": 0.9796149490373726,
    "Word Class Number": 0.974025974025974,
    "Word Class Verbs": 0.9973404255319149,
    "Word Class Participle": 0.9263157894736842,
    "Word Class Adverb": 0.9887054735013032,
    "Word Class Conjunctions": 0.9958471760797342,
    "Word Class Foreign words": 0.6,
    "Word Class Unanalyzed word": 0.0,
    "Word Class Abbreviation": 0.7692307692307693,
    "Word Class Web email or address": 0.0,
    "Word Class Punctuation": 1.0,
    "Word Class Symbol": 0.0,
    "Word Class R Article": 0.9754901960784313
  },
  "per_word_class_f1": {
    "Word Class Noun": 0.9935810153666601,
    "Word Class Adjective": 0.952122854561879,
    "Word Class Pronoun": 0.9846328969834947,
    "Word Class Number": 0.977198697068404,
    "Word Class Verbs": 0.9978712080894092,
    "Word Class Participle": 0.9263157894736842,
    "Word Class Adverb": 0.9872045109520712,
    "Word Class Conjunctions": 0.9946080464537536,
    "Word Class Foreign words": 0.6,
    "Word Class Unanalyzed word": 0.0,
    "Word Class Abbreviation": 0.8163265306122449,
    "Word Class Web email or address": 0.0,
    "Word Class Punctuation": 0.9996548153261995,
    "Word Class Symbol": 0.0,
    "Word Class R Article": 0.9567307692307692
  },
  "per_interval_accuracy": {
    "Subcategories": 0.9777297656639521,
    "Gender": 0.9650933040614709,
    "Number": 0.9847707847707847,
    "Case": 0.9666300768386389,
    "Article": 0.9883040935672515,
    "Proper Noun": 0.9910331384015595,
    "Degree": 0.9814750087382035,
    "Declension": 0.9813084112149533,
    "Mood": 0.9882978723404255,
    "Voice": 0.9941489361702127,
    "Tense": 0.9882978723404255,
    "Person": 0.9811798769453492,
    "Definiteness": 0.9901960784313726
  },
  "per_interval_f1": {
    "Subcategories": 0.88826102241652,
    "Gender": 0.9656640596782331,
    "Number": 0.980296813252355,
    "Case": 0.9416184647312175,
    "Article": 0.9872701850695069,
    "Proper Noun": 0.9882753087482156,
    "Degree": 0.7622278390548438,
    "Declension": 0.967892729291207,
    "Mood": 0.7382906472624353,
    "Voice": 0.9659240145070105,
    "Tense": 0.9896888330585435,
    "Person": 0.9248406245449794,
    "Definiteness": 0.9891257995735607
  },
  "learning_rate": 1.9600000000000002e-05
}