{
  "epoch": 10,
  "mode": "multilabel",
  "fold": 4,
  "eval_decoder": "greedy",
  "mbr_threshold": 0.0,
  "train_loss": 0.06381090933231981,
  "val_loss": 0.2846746787428856,
  "train_composite_accuracy": 0.9898752127056154,
  "train_composite_micro_f1": 0.9898752127056154,
  "train_composite_macro_f1": 0.8783225632569568,
  "val_composite_accuracy": 0.9700472937467157,
  "val_composite_micro_f1": 0.9700472937467157,
  "val_composite_macro_f1": 0.8579322694033386,
  "per_word_class_accuracy": {
    "Word Class Noun": 0.9937621832358674,
    "Word Class Adjective": 0.962432915921288,
    "Word Class Pronoun": 0.9807474518686297,
    "Word Class Number": 0.9805194805194806,
    "Word Class Verbs": 0.997872340425532,
    "Word Class Participle": 0.9578947368421052,
    "Word Class Adverb": 0.9891398783666377,
    "Word Class Conjunctions": 0.9975083056478405,
    "Word Class Foreign words": 0.9333333333333333,
    "Word Class Unanalyzed word": 0.0,
    "Word Class Abbreviation": 0.9230769230769231,
    "Word Class Web email or address": 0.0,
    "Word Class Punctuation": 1.0,
    "Word Class Symbol": 1.0,
    "Word Class R Article": 0.9754901960784313
  },
  "per_word_class_f1": {
    "Word Class Noun": 0.9962868868477623,
    "Word Class Adjective": 0.9590017825311943,
    "Word Class Pronoun": 0.9852104664391355,
    "Word Class Number": 0.9869281045751634,
    "Word Class Verbs": 0.9984034060670569,
    "Word Class Participle": 0.9381443298969072,
    "Word Class Adverb": 0.9900000000000001,
    "Word Class Conjunctions": 0.9946169772256728,
    "Word Class Foreign words": 0.8235294117647058,
    "Word Class Unanalyzed word": 0.0,
    "Word Class Abbreviation": 0.9600000000000001,
    "Word Class Web email or address": 0.0,
    "Word Class Punctuation": 1.0,
    "Word Class Symbol": 1.0,
    "Word Class R Article": 0.9567307692307692
  },
  "per_interval_accuracy": {
    "Subcategories": 0.9853747714808044,
    "Gender": 0.9778265642151482,
    "Number": 0.9892773892773893,
    "Case": 0.9769484083424808,
    "Article": 0.989083820662768,
    "Proper Noun": 0.989083820662768,
    "Degree": 0.9856693463823838,
    "Declension": 0.9933244325767691,
    "Mood": 0.9925531914893617,
    "Voice": 0.999468085106383,
    "Tense": 0.9925531914893617,
    "Person": 0.9873326094824466,
    "Definiteness": 0.9852941176470589
  },
  "per_interval_f1": {
    "Subcategories": 0.9698517644254642,
    "Gender": 0.9781816810320533,
    "Number": 0.9862912981766522,
    "Case": 0.9745764972368601,
    "Article": 0.9881416581468889,
    "Proper Noun": 0.9857475793507786,
    "Degree": 0.7787782335459151,
    "Declension": 0.9845462145474203,
    "Mood": 0.9919517846486788,
    "Voice": 0.9970670781077662,
    "Tense": 0.993461123558211,
    "Person": 0.9741607815474889,
    "Definiteness": 0.9837437245995697
  },
  "learning_rate": 1.8e-05
}