{
  "epoch": 11,
  "mode": "multilabel",
  "fold": 4,
  "eval_decoder": "greedy",
  "mbr_threshold": 0.0,
  "train_loss": 0.05861593708341732,
  "val_loss": 0.3044025719165802,
  "train_composite_accuracy": 0.9907817980693776,
  "train_composite_micro_f1": 0.9907817980693776,
  "train_composite_macro_f1": 0.9041615667226968,
  "val_composite_accuracy": 0.9690811947096435,
  "val_composite_micro_f1": 0.9690811947096435,
  "val_composite_macro_f1": 0.8544097617804218,
  "per_word_class_accuracy": {
    "Word Class Noun": 0.9957115009746589,
    "Word Class Adjective": 0.964221824686941,
    "Word Class Pronoun": 0.9830124575311439,
    "Word Class Number": 0.987012987012987,
    "Word Class Verbs": 0.9962765957446809,
    "Word Class Participle": 0.9421052631578948,
    "Word Class Adverb": 0.9887054735013032,
    "Word Class Conjunctions": 0.9950166112956811,
    "Word Class Foreign words": 0.9333333333333333,
    "Word Class Unanalyzed word": 0.0,
    "Word Class Abbreviation": 0.9615384615384616,
    "Word Class Web email or address": 0.0,
    "Word Class Punctuation": 1.0,
    "Word Class Symbol": 1.0,
    "Word Class R Article": 0.9803921568627451
  },
  "per_word_class_f1": {
    "Word Class Noun": 0.9966829268292683,
    "Word Class Adjective": 0.9599287622439893,
    "Word Class Pronoun": 0.9880478087649402,
    "Word Class Number": 0.990228013029316,
    "Word Class Verbs": 0.9973375931842386,
    "Word Class Participle": 0.9496021220159151,
    "Word Class Adverb": 0.9882761615284412,
    "Word Class Conjunctions": 0.9946035699460357,
    "Word Class Foreign words": 0.7777777777777778,
    "Word Class Unanalyzed word": 0.0,
    "Word Class Abbreviation": 0.9615384615384616,
    "Word Class Web email or address": 0.0,
    "Word Class Punctuation": 1.0,
    "Word Class Symbol": 1.0,
    "Word Class R Article": 0.9615384615384616
  },
  "per_interval_accuracy": {
    "Subcategories": 0.9850423799235499,
    "Gender": 0.9756311745334797,
    "Number": 0.9883449883449883,
    "Case": 0.9767288693743139,
    "Article": 0.9910331384015595,
    "Proper Noun": 0.9937621832358674,
    "Degree": 0.9867179307934288,
    "Declension": 0.9973297730307076,
    "Mood": 0.9904255319148936,
    "Voice": 0.999468085106383,
    "Tense": 0.9920212765957447,
    "Person": 0.9862468331523706,
    "Definiteness": 0.9852941176470589
  },
  "per_interval_f1": {
    "Subcategories": 0.9689777951228487,
    "Gender": 0.9765483274758349,
    "Number": 0.9849719890227452,
    "Case": 0.9731275793041088,
    "Article": 0.9902381126124181,
    "Proper Noun": 0.991798888933296,
    "Degree": 0.779099455187085,
    "Declension": 0.9922835816930964,
    "Mood": 0.9897645064331277,
    "Voice": 0.9970670781077662,
    "Tense": 0.9929970713005675,
    "Person": 0.9726749256894274,
    "Definiteness": 0.9837437245995697
  },
  "learning_rate": 1.7800000000000002e-05
}