{
  "epoch": 3,
  "mode": "multilabel",
  "fold": 4,
  "eval_decoder": "greedy",
  "mbr_threshold": 0.0,
  "train_loss": 0.37420764201072626,
  "val_loss": 0.3057643860578537,
  "train_composite_accuracy": 0.9572692577895077,
  "train_composite_micro_f1": 0.9572692577895077,
  "train_composite_macro_f1": 0.6639623668259172,
  "val_composite_accuracy": 0.9643672108127085,
  "val_composite_micro_f1": 0.9643672108127085,
  "val_composite_macro_f1": 0.8027025039142257,
  "per_word_class_accuracy": {
    "Word Class Noun": 0.9933723196881091,
    "Word Class Adjective": 0.9516994633273703,
    "Word Class Pronoun": 0.9773499433748585,
    "Word Class Number": 0.974025974025974,
    "Word Class Verbs": 0.999468085106383,
    "Word Class Participle": 0.9421052631578948,
    "Word Class Adverb": 0.9904430929626412,
    "Word Class Conjunctions": 0.9966777408637874,
    "Word Class Foreign words": 0.8,
    "Word Class Unanalyzed word": 0.0,
    "Word Class Abbreviation": 0.9230769230769231,
    "Word Class Web email or address": 0.0,
    "Word Class Punctuation": 1.0,
    "Word Class Symbol": 0.0,
    "Word Class R Article": 0.9852941176470589
  },
  "per_word_class_f1": {
    "Word Class Noun": 0.995506934948232,
    "Word Class Adjective": 0.9525514771709938,
    "Word Class Pronoun": 0.9845978322875071,
    "Word Class Number": 0.9836065573770492,
    "Word Class Verbs": 0.9992023398032437,
    "Word Class Participle": 0.9470899470899471,
    "Word Class Adverb": 0.988939492517892,
    "Word Class Conjunctions": 0.9942004971002485,
    "Word Class Foreign words": 0.7500000000000001,
    "Word Class Unanalyzed word": 0.0,
    "Word Class Abbreviation": 0.8727272727272727,
    "Word Class Web email or address": 0.0,
    "Word Class Punctuation": 1.0,
    "Word Class Symbol": 0.0,
    "Word Class R Article": 0.9503546099290779
  },
  "per_interval_accuracy": {
    "Subcategories": 0.9810536812364966,
    "Gender": 0.9723380900109769,
    "Number": 0.9878787878787879,
    "Case": 0.9710208562019759,
    "Article": 0.9902534113060428,
    "Proper Noun": 0.989083820662768,
    "Degree": 0.9849702901083537,
    "Declension": 0.9879839786381842,
    "Mood": 0.9904255319148936,
    "Voice": 0.9973404255319149,
    "Tense": 0.9914893617021276,
    "Person": 0.9840752804922186,
    "Definiteness": 0.9901960784313726
  },
  "per_interval_f1": {
    "Subcategories": 0.8968356573742013,
    "Gender": 0.9733155922511061,
    "Number": 0.9839975160647719,
    "Case": 0.9578491826123428,
    "Article": 0.9894045900059631,
    "Proper Noun": 0.9857475793507786,
    "Degree": 0.7726837664852346,
    "Declension": 0.9739121798570264,
    "Mood": 0.7409756222666951,
    "Voice": 0.9850169356445507,
    "Tense": 0.9925334110313404,
    "Person": 0.9583094006201329,
    "Definiteness": 0.9891257995735607
  },
  "learning_rate": 1.94e-05
}