{
  "epoch": 8,
  "mode": "multilabel",
  "fold": 4,
  "eval_decoder": "greedy",
  "mbr_threshold": 0.0,
  "train_loss": 0.10017174882800732,
  "val_loss": 0.26079716980457307,
  "train_composite_accuracy": 0.984686542317733,
  "train_composite_micro_f1": 0.984686542317733,
  "train_composite_macro_f1": 0.861741753667543,
  "val_composite_accuracy": 0.9708073989655475,
  "val_composite_micro_f1": 0.9708073989655475,
  "val_composite_macro_f1": 0.833453951117919,
  "per_word_class_accuracy": {
    "Word Class Noun": 0.9957115009746589,
    "Word Class Adjective": 0.9552772808586762,
    "Word Class Pronoun": 0.9875424688561721,
    "Word Class Number": 0.987012987012987,
    "Word Class Verbs": 0.9984042553191489,
    "Word Class Participle": 0.9473684210526315,
    "Word Class Adverb": 0.9926151172893136,
    "Word Class Conjunctions": 0.9900332225913622,
    "Word Class Foreign words": 1.0,
    "Word Class Unanalyzed word": 0.0,
    "Word Class Abbreviation": 0.9230769230769231,
    "Word Class Web email or address": 0.0,
    "Word Class Punctuation": 1.0,
    "Word Class Symbol": 1.0,
    "Word Class R Article": 0.9656862745098039
  },
  "per_word_class_f1": {
    "Word Class Noun": 0.9966829268292683,
    "Word Class Adjective": 0.9612961296129614,
    "Word Class Pronoun": 0.9875424688561721,
    "Word Class Number": 0.990228013029316,
    "Word Class Verbs": 0.9986698590050544,
    "Word Class Participle": 0.9448818897637795,
    "Word Class Adverb": 0.9889634278294741,
    "Word Class Conjunctions": 0.9937473947478117,
    "Word Class Foreign words": 0.8333333333333333,
    "Word Class Unanalyzed word": 0.0,
    "Word Class Abbreviation": 0.9600000000000001,
    "Word Class Web email or address": 0.0,
    "Word Class Punctuation": 1.0,
    "Word Class Symbol": 1.0,
    "Word Class R Article": 0.963325183374083
  },
  "per_interval_accuracy": {
    "Subcategories": 0.9868705334884494,
    "Gender": 0.9784851811196488,
    "Number": 0.9891219891219891,
    "Case": 0.9758507135016465,
    "Article": 0.9914230019493178,
    "Proper Noun": 0.9910331384015595,
    "Degree": 0.9863684026564138,
    "Declension": 0.9919893190921228,
    "Mood": 0.9904255319148936,
    "Voice": 0.9989361702127659,
    "Tense": 0.9893617021276596,
    "Person": 0.9887803112558813,
    "Definiteness": 0.9852941176470589
  },
  "per_interval_f1": {
    "Subcategories": 0.9720048506458098,
    "Gender": 0.9789337599763406,
    "Number": 0.9855582138525745,
    "Case": 0.9697038788081578,
    "Article": 0.990660278427312,
    "Proper Noun": 0.9882403360758263,
    "Degree": 0.7767089051776999,
    "Declension": 0.9785266670357968,
    "Mood": 0.9913777627999293,
    "Voice": 0.9941028488259023,
    "Tense": 0.9906506850330873,
    "Person": 0.9840671766434217,
    "Definiteness": 0.9837437245995697
  },
  "learning_rate": 1.8400000000000003e-05
}