{
  "epoch": 4,
  "mode": "multilabel",
  "fold": 4,
  "eval_decoder": "greedy",
  "mbr_threshold": 0.0,
  "train_loss": 0.2562599025959531,
  "val_loss": 0.3279106080532074,
  "train_composite_accuracy": 0.9676813833771011,
  "train_composite_micro_f1": 0.9676813833771011,
  "train_composite_macro_f1": 0.7382991338015383,
  "val_composite_accuracy": 0.9661433207613367,
  "val_composite_micro_f1": 0.9661433207613367,
  "val_composite_macro_f1": 0.8172805577626693,
  "per_word_class_accuracy": {
    "Word Class Noun": 0.9937621832358674,
    "Word Class Adjective": 0.9320214669051878,
    "Word Class Pronoun": 0.9852774631936579,
    "Word Class Number": 0.9805194805194806,
    "Word Class Verbs": 0.9952127659574468,
    "Word Class Participle": 0.9368421052631579,
    "Word Class Adverb": 0.9943527367506516,
    "Word Class Conjunctions": 0.9941860465116279,
    "Word Class Foreign words": 0.8666666666666667,
    "Word Class Unanalyzed word": 0.0,
    "Word Class Abbreviation": 0.9230769230769231,
    "Word Class Web email or address": 0.0,
    "Word Class Punctuation": 1.0,
    "Word Class Symbol": 1.0,
    "Word Class R Article": 0.9705882352941176
  },
  "per_word_class_f1": {
    "Word Class Noun": 0.9949258391881343,
    "Word Class Adjective": 0.9481346678798909,
    "Word Class Pronoun": 0.9869540555870675,
    "Word Class Number": 0.9869281045751634,
    "Word Class Verbs": 0.9968034096963239,
    "Word Class Participle": 0.9417989417989417,
    "Word Class Adverb": 0.9860004307559767,
    "Word Class Conjunctions": 0.9958402662229617,
    "Word Class Foreign words": 0.7647058823529413,
    "Word Class Unanalyzed word": 0.0,
    "Word Class Abbreviation": 0.9411764705882353,
    "Word Class Web email or address": 0.0,
    "Word Class Punctuation": 1.0,
    "Word Class Symbol": 1.0,
    "Word Class R Article": 0.9705882352941176
  },
  "per_interval_accuracy": {
    "Subcategories": 0.9845437925876682,
    "Gender": 0.9734357848518111,
    "Number": 0.9849261849261849,
    "Case": 0.9716794731064764,
    "Article": 0.9883040935672515,
    "Proper Noun": 0.9894736842105263,
    "Degree": 0.9853198182453687,
    "Declension": 0.9813084112149533,
    "Mood": 0.9872340425531915,
    "Voice": 0.9957446808510638,
    "Tense": 0.9877659574468085,
    "Person": 0.9840752804922186,
    "Definiteness": 0.9852941176470589
  },
  "per_interval_f1": {
    "Subcategories": 0.9617002834492359,
    "Gender": 0.9737976153624589,
    "Number": 0.9799044039914895,
    "Case": 0.965997789677953,
    "Article": 0.9873006893109927,
    "Proper Noun": 0.9862633575484094,
    "Degree": 0.7673261674317083,
    "Declension": 0.9593153759820426,
    "Mood": 0.9040463678676942,
    "Voice": 0.9756293588447279,
    "Tense": 0.9892058860796339,
    "Person": 0.9651393310072887,
    "Definiteness": 0.9837437245995697
  },
  "learning_rate": 1.9200000000000003e-05
}