{
  "epoch": 5,
  "mode": "multilabel",
  "fold": 4,
  "eval_decoder": "greedy",
  "mbr_threshold": 0.0,
  "train_loss": 0.1870749662081227,
  "val_loss": 0.2921896904706955,
  "train_composite_accuracy": 0.975058471502836,
  "train_composite_micro_f1": 0.975058471502836,
  "train_composite_macro_f1": 0.7858663531030956,
  "val_composite_accuracy": 0.9671843467579188,
  "val_composite_micro_f1": 0.9671843467579188,
  "val_composite_macro_f1": 0.8451901933173505,
  "per_word_class_accuracy": {
    "Word Class Noun": 0.9929824561403509,
    "Word Class Adjective": 0.960644007155635,
    "Word Class Pronoun": 0.9762174405436014,
    "Word Class Number": 0.9805194805194806,
    "Word Class Verbs": 0.9984042553191489,
    "Word Class Participle": 0.9315789473684211,
    "Word Class Adverb": 0.9908774978279756,
    "Word Class Conjunctions": 0.9958471760797342,
    "Word Class Foreign words": 0.9333333333333333,
    "Word Class Unanalyzed word": 0.0,
    "Word Class Abbreviation": 0.9615384615384616,
    "Word Class Web email or address": 0.0,
    "Word Class Punctuation": 1.0,
    "Word Class Symbol": 1.0,
    "Word Class R Article": 0.9754901960784313
  },
  "per_word_class_f1": {
    "Word Class Noun": 0.9958944281524926,
    "Word Class Adjective": 0.9623655913978495,
    "Word Class Pronoun": 0.9834569309754706,
    "Word Class Number": 0.9773462783171522,
    "Word Class Verbs": 0.9981387928742356,
    "Word Class Participle": 0.944,
    "Word Class Adverb": 0.9891587163920208,
    "Word Class Conjunctions": 0.9946080464537536,
    "Word Class Foreign words": 0.7368421052631579,
    "Word Class Unanalyzed word": 0.0,
    "Word Class Abbreviation": 0.9433962264150944,
    "Word Class Web email or address": 0.0,
    "Word Class Punctuation": 1.0,
    "Word Class Symbol": 1.0,
    "Word Class R Article": 0.9453681710213776
  },
  "per_interval_accuracy": {
    "Subcategories": 0.9825494432441416,
    "Gender": 0.9754116355653129,
    "Number": 0.9867909867909868,
    "Case": 0.9727771679473106,
    "Article": 0.9871345029239766,
    "Proper Noun": 0.9910331384015595,
    "Degree": 0.9863684026564138,
    "Declension": 0.9946595460614153,
    "Mood": 0.9893617021276596,
    "Voice": 0.997872340425532,
    "Tense": 0.9920212765957447,
    "Person": 0.9851610568222946,
    "Definiteness": 0.9803921568627451
  },
  "per_interval_f1": {
    "Subcategories": 0.9671063314611312,
    "Gender": 0.9752780075049812,
    "Number": 0.9829088970653181,
    "Case": 0.9683444125241788,
    "Article": 0.9860340795188774,
    "Proper Noun": 0.9882403360758263,
    "Degree": 0.7752407296475312,
    "Declension": 0.9842611404578084,
    "Mood": 0.9059087749416681,
    "Voice": 0.988078327922078,
    "Tense": 0.9929970713005675,
    "Person": 0.97138977240483,
    "Definiteness": 0.9783966959652652
  },
  "learning_rate": 1.9e-05
}