{
  "epoch": 1,
  "mode": "multilabel",
  "fold": 4,
  "eval_decoder": "greedy",
  "mbr_threshold": 0.0,
  "train_loss": 3.088283049227369,
  "val_loss": 0.7752740561962128,
  "train_composite_accuracy": 0.7272151163404768,
  "train_composite_micro_f1": 0.7272151163404769,
  "train_composite_macro_f1": 0.26967286577742605,
  "val_composite_accuracy": 0.9173728813559322,
  "val_composite_micro_f1": 0.9173728813559322,
  "val_composite_macro_f1": 0.6286800881753386,
  "per_word_class_accuracy": {
    "Word Class Noun": 0.9964912280701754,
    "Word Class Adjective": 0.9087656529516994,
    "Word Class Pronoun": 0.9739524348810872,
    "Word Class Number": 0.9415584415584416,
    "Word Class Verbs": 0.9973404255319149,
    "Word Class Participle": 0.9263157894736842,
    "Word Class Adverb": 0.9856646394439618,
    "Word Class Conjunctions": 0.9883720930232558,
    "Word Class Foreign words": 0.0,
    "Word Class Unanalyzed word": 0.0,
    "Word Class Abbreviation": 0.0,
    "Word Class Web email or address": 0.0,
    "Word Class Punctuation": 1.0,
    "Word Class Symbol": 0.0,
    "Word Class R Article": 0.9607843137254902
  },
  "per_word_class_f1": {
    "Word Class Noun": 0.9901220220801858,
    "Word Class Adjective": 0.9304029304029303,
    "Word Class Pronoun": 0.9778283115406481,
    "Word Class Number": 0.9508196721311475,
    "Word Class Verbs": 0.9965453095934096,
    "Word Class Participle": 0.9214659685863874,
    "Word Class Adverb": 0.9805531547104581,
    "Word Class Conjunctions": 0.9879618098796181,
    "Word Class Foreign words": 0.0,
    "Word Class Unanalyzed word": 0.0,
    "Word Class Abbreviation": 0.0,
    "Word Class Web email or address": 0.0,
    "Word Class Punctuation": 0.9989651604001379,
    "Word Class Symbol": 0.0,
    "Word Class R Article": 0.9267139479905437
  },
  "per_interval_accuracy": {
    "Subcategories": 0.9567890975569221,
    "Gender": 0.9457738748627882,
    "Number": 0.9762237762237762,
    "Case": 0.9367727771679473,
    "Article": 0.9812865497076023,
    "Proper Noun": 0.9844054580896686,
    "Degree": 0.9619014330653618,
    "Declension": 0.9506008010680908,
    "Mood": 0.9872340425531915,
    "Voice": 0.9521276595744681,
    "Tense": 0.9867021276595744,
    "Person": 0.9706840390879479,
    "Definiteness": 0.9901960784313726
  },
  "per_interval_f1": {
    "Subcategories": 0.794475526532437,
    "Gender": 0.9451229505233536,
    "Number": 0.968602873098732,
    "Case": 0.8289511046869142,
    "Article": 0.9796714139660954,
    "Proper Noun": 0.9795789034547877,
    "Degree": 0.6851489705988525,
    "Declension": 0.9075823153790917,
    "Mood": 0.7358618123616298,
    "Voice": 0.4877384196185286,
    "Tense": 0.9877966968607361,
    "Person": 0.7117354168352814,
    "Definiteness": 0.9891257995735607
  },
  "learning_rate": 1.98e-05
}