{
  "epoch": 13,
  "mode": "singlelabel",
  "fold": 7,
  "eval_decoder": "greedy",
  "mbr_threshold": 0.0,
  "train_loss": 0.03409319952451604,
  "val_loss": 0.20881000608205796,
  "train_composite_accuracy": 0.9932213688277904,
  "train_composite_micro_f1": 0.9932213688277904,
  "train_composite_macro_f1": 0.8189536319313913,
  "val_composite_accuracy": 0.969689378757515,
  "val_composite_micro_f1": 0.969689378757515,
  "val_composite_macro_f1": 0.824158784293059,
  "per_word_class_accuracy": {
    "Word Class Noun": 0.9981398809523809,
    "Word Class Adjective": 0.9626749611197511,
    "Word Class Pronoun": 0.9820022497187851,
    "Word Class Number": 0.9761904761904762,
    "Word Class Verbs": 0.9979220779220779,
    "Word Class Participle": 0.9247311827956989,
    "Word Class Adverb": 0.9851178172798677,
    "Word Class Conjunctions": 0.9976114649681529,
    "Word Class Foreign words": 0.4,
    "Word Class Unanalyzed word": 0.0,
    "Word Class Abbreviation": 1.0,
    "Word Class Web email or address": 0.0,
    "Word Class Punctuation": 1.0,
    "Word Class Symbol": 1.0,
    "Word Class R Article": 0.9754098360655737
  },
  "per_word_class_f1": {
    "Word Class Noun": 0.9968419097157718,
    "Word Class Adjective": 0.9530408006158584,
    "Word Class Pronoun": 0.9808988764044944,
    "Word Class Number": 0.9800796812749003,
    "Word Class Verbs": 0.998181345804105,
    "Word Class Participle": 0.9424657534246574,
    "Word Class Adverb": 0.9892071398920713,
    "Word Class Conjunctions": 0.9952343129467831,
    "Word Class Foreign words": 0.5714285714285715,
    "Word Class Unanalyzed word": 0.0,
    "Word Class Abbreviation": 1.0,
    "Word Class Web email or address": 0.0,
    "Word Class Punctuation": 1.0,
    "Word Class Symbol": 1.0,
    "Word Class R Article": 0.9558232931726907
  },
  "per_interval_accuracy": {
    "Subcategories": 0.9842180774748924,
    "Gender": 0.9788525963149078,
    "Number": 0.9902999552305626,
    "Case": 0.9822026800670016,
    "Article": 0.9951636904761905,
    "Proper Noun": 0.9955357142857143,
    "Degree": 0.9797517962116263,
    "Declension": 0.971049457177322,
    "Mood": 0.9937662337662337,
    "Voice": 0.9974025974025974,
    "Tense": 0.9937662337662337,
    "Person": 0.9896943852167733,
    "Definiteness": 0.9754098360655737
  },
  "per_interval_f1": {
    "Subcategories": 0.9083357254253404,
    "Gender": 0.7852359495533863,
    "Number": 0.7426290376574994,
    "Case": 0.8184125142664781,
    "Article": 0.664007735662723,
    "Proper Noun": 0.663862868545355,
    "Degree": 0.6473518532658794,
    "Declension": 0.7394941339377363,
    "Mood": 0.7941432805503796,
    "Voice": 0.6644472512670488,
    "Tense": 0.745971183084321,
    "Person": 0.7785868557685014,
    "Definiteness": 0.6571184371184371
  },
  "learning_rate": 1.7400000000000003e-05
}