{
  "epoch": 6,
  "mode": "singlelabel",
  "fold": 7,
  "eval_decoder": "greedy",
  "mbr_threshold": 0.0,
  "train_loss": 0.12473822340336689,
  "val_loss": 0.19218483343720436,
  "train_composite_accuracy": 0.9780976160864323,
  "train_composite_micro_f1": 0.9780976160864323,
  "train_composite_macro_f1": 0.6238289692790565,
  "val_composite_accuracy": 0.9664328657314629,
  "val_composite_micro_f1": 0.9664328657314629,
  "val_composite_macro_f1": 0.7693482664489122,
  "per_word_class_accuracy": {
    "Word Class Noun": 0.9951636904761905,
    "Word Class Adjective": 0.9595645412130638,
    "Word Class Pronoun": 0.9910011248593926,
    "Word Class Number": 0.9444444444444444,
    "Word Class Verbs": 0.9989610389610389,
    "Word Class Participle": 0.9301075268817204,
    "Word Class Adverb": 0.9842910293509715,
    "Word Class Conjunctions": 0.9968152866242038,
    "Word Class Foreign words": 0.4,
    "Word Class Unanalyzed word": 0.0,
    "Word Class Abbreviation": 1.0,
    "Word Class Web email or address": 0.0,
    "Word Class Punctuation": 1.0,
    "Word Class Symbol": 1.0,
    "Word Class R Article": 0.9795081967213115
  },
  "per_word_class_f1": {
    "Word Class Noun": 0.9957193374278802,
    "Word Class Adjective": 0.9536321483771251,
    "Word Class Pronoun": 0.9865621500559911,
    "Word Class Number": 0.967479674796748,
    "Word Class Verbs": 0.9981832338437582,
    "Word Class Participle": 0.9351351351351351,
    "Word Class Adverb": 0.9879668049792532,
    "Word Class Conjunctions": 0.9940452560539896,
    "Word Class Foreign words": 0.5217391304347827,
    "Word Class Unanalyzed word": 0.0,
    "Word Class Abbreviation": 0.9767441860465117,
    "Word Class Web email or address": 0.0,
    "Word Class Punctuation": 1.0,
    "Word Class Symbol": 1.0,
    "Word Class R Article": 0.9617706237424547
  },
  "per_interval_accuracy": {
    "Subcategories": 0.9840586641160529,
    "Gender": 0.9715242881072027,
    "Number": 0.9889568721086405,
    "Case": 0.977177554438861,
    "Article": 0.9925595238095238,
    "Proper Noun": 0.9903273809523809,
    "Degree": 0.977139124755062,
    "Declension": 0.9746682750301568,
    "Mood": 0.9948051948051948,
    "Voice": 0.9979220779220779,
    "Tense": 0.9948051948051948,
    "Person": 0.9932480454868514,
    "Definiteness": 0.9795081967213115
  },
  "per_interval_f1": {
    "Subcategories": 0.9095273084082908,
    "Gender": 0.7803732940969705,
    "Number": 0.7416429429959197,
    "Case": 0.8131341058036593,
    "Article": 0.6633472011189595,
    "Proper Noun": 0.6607997467757203,
    "Degree": 0.6423331895652417,
    "Declension": 0.7401015107453199,
    "Mood": 0.7277243084387203,
    "Voice": 0.6610459236710503,
    "Tense": 0.7461665136186292,
    "Person": 0.7725877285295419,
    "Definiteness": 0.6589799635701276
  },
  "learning_rate": 1.88e-05
}