{
  "epoch": 3,
  "mode": "singlelabel",
  "fold": 7,
  "eval_decoder": "greedy",
  "mbr_threshold": 0.0,
  "train_loss": 0.3348761396767271,
  "val_loss": 0.26418872028589246,
  "train_composite_accuracy": 0.9463595712563253,
  "train_composite_micro_f1": 0.9463595712563254,
  "train_composite_macro_f1": 0.4347145470970322,
  "val_composite_accuracy": 0.9536573146292585,
  "val_composite_micro_f1": 0.9536573146292586,
  "val_composite_macro_f1": 0.6083736511572876,
  "per_word_class_accuracy": {
    "Word Class Noun": 0.9973958333333334,
    "Word Class Adjective": 0.9315707620528771,
    "Word Class Pronoun": 0.9853768278965129,
    "Word Class Number": 0.9285714285714286,
    "Word Class Verbs": 0.9979220779220779,
    "Word Class Participle": 0.9247311827956989,
    "Word Class Adverb": 0.9830508474576272,
    "Word Class Conjunctions": 0.9968152866242038,
    "Word Class Foreign words": 0.3333333333333333,
    "Word Class Unanalyzed word": 0.0,
    "Word Class Abbreviation": 0.9523809523809523,
    "Word Class Web email or address": 0.0,
    "Word Class Punctuation": 1.0,
    "Word Class Symbol": 0.0,
    "Word Class R Article": 0.8934426229508197
  },
  "per_word_class_f1": {
    "Word Class Noun": 0.9964690577959487,
    "Word Class Adjective": 0.9366692728694292,
    "Word Class Pronoun": 0.9695628112894301,
    "Word Class Number": 0.9473684210526316,
    "Word Class Verbs": 0.998181345804105,
    "Word Class Participle": 0.9476584022038568,
    "Word Class Adverb": 0.9834574028122416,
    "Word Class Conjunctions": 0.9920760697305864,
    "Word Class Foreign words": 0.4545454545454545,
    "Word Class Unanalyzed word": 0.0,
    "Word Class Abbreviation": 0.9523809523809523,
    "Word Class Web email or address": 0.0,
    "Word Class Punctuation": 1.0,
    "Word Class Symbol": 0.0,
    "Word Class R Article": 0.9159663865546218
  },
  "per_interval_accuracy": {
    "Subcategories": 0.9805515702215846,
    "Gender": 0.9551926298157454,
    "Number": 0.9819429935830473,
    "Case": 0.9667085427135679,
    "Article": 0.9940476190476191,
    "Proper Noun": 0.9936755952380952,
    "Degree": 0.9741998693664272,
    "Declension": 0.9457177322074789,
    "Mood": 0.9932467532467533,
    "Voice": 0.9953246753246753,
    "Tense": 0.9937662337662337,
    "Person": 0.990405117270789,
    "Definiteness": 0.8934426229508197
  },
  "per_interval_f1": {
    "Subcategories": 0.8966081779900101,
    "Gender": 0.7684352374291049,
    "Number": 0.7362986068721749,
    "Case": 0.8055837952914909,
    "Article": 0.6635443472293704,
    "Proper Noun": 0.662427725983979,
    "Degree": 0.6337980273562929,
    "Declension": 0.731885509728587,
    "Mood": 0.5941177177850739,
    "Voice": 0.656934114548699,
    "Tense": 0.7457036261912822,
    "Person": 0.7643128758803945,
    "Definiteness": 0.6150617283950618
  },
  "learning_rate": 1.94e-05
}