{
  "epoch": 11,
  "mode": "singlelabel",
  "fold": 7,
  "eval_decoder": "greedy",
  "mbr_threshold": 0.0,
  "train_loss": 0.04491717854089048,
  "val_loss": 0.18820760175585746,
  "train_composite_accuracy": 0.9908194168858171,
  "train_composite_micro_f1": 0.9908194168858171,
  "train_composite_macro_f1": 0.7795779683313202,
  "val_composite_accuracy": 0.9716933867735471,
  "val_composite_micro_f1": 0.9716933867735471,
  "val_composite_macro_f1": 0.8303074626369964,
  "per_word_class_accuracy": {
    "Word Class Noun": 0.9977678571428571,
    "Word Class Adjective": 0.9611197511664075,
    "Word Class Pronoun": 0.983127109111361,
    "Word Class Number": 0.9761904761904762,
    "Word Class Verbs": 0.9994805194805195,
    "Word Class Participle": 0.9354838709677419,
    "Word Class Adverb": 0.9842910293509715,
    "Word Class Conjunctions": 0.9952229299363057,
    "Word Class Foreign words": 0.4666666666666667,
    "Word Class Unanalyzed word": 0.0,
    "Word Class Abbreviation": 1.0,
    "Word Class Web email or address": 0.0,
    "Word Class Punctuation": 1.0,
    "Word Class Symbol": 1.0,
    "Word Class R Article": 0.9754098360655737
  },
  "per_word_class_f1": {
    "Word Class Noun": 0.9966555183946487,
    "Word Class Adjective": 0.956656346749226,
    "Word Class Pronoun": 0.9814710836608647,
    "Word Class Number": 0.9879518072289156,
    "Word Class Verbs": 0.9987023098883987,
    "Word Class Participle": 0.9456521739130435,
    "Word Class Adverb": 0.9883769198837692,
    "Word Class Conjunctions": 0.9932459276916964,
    "Word Class Foreign words": 0.6363636363636364,
    "Word Class Unanalyzed word": 0.0,
    "Word Class Abbreviation": 0.9767441860465117,
    "Word Class Web email or address": 0.0,
    "Word Class Punctuation": 1.0,
    "Word Class Symbol": 1.0,
    "Word Class R Article": 0.9539078156312625
  },
  "per_interval_accuracy": {
    "Subcategories": 0.9843774908337318,
    "Gender": 0.9805276381909548,
    "Number": 0.991344575436502,
    "Case": 0.9830402010050251,
    "Article": 0.9955357142857143,
    "Proper Noun": 0.9940476190476191,
    "Degree": 0.9784454604833442,
    "Declension": 0.9686369119420989,
    "Mood": 0.9927272727272727,
    "Voice": 0.9984415584415585,
    "Tense": 0.9932467532467533,
    "Person": 0.9893390191897654,
    "Definiteness": 0.9754098360655737
  },
  "per_interval_f1": {
    "Subcategories": 0.9107106331919955,
    "Gender": 0.7862911470556092,
    "Number": 0.7430847347839534,
    "Case": 0.8196175080207658,
    "Article": 0.6644571784197305,
    "Proper Noun": 0.6626615684896079,
    "Degree": 0.6451741152002974,
    "Declension": 0.7384079750378562,
    "Mood": 0.7262131564110716,
    "Voice": 0.6628845960213461,
    "Tense": 0.7450106684987609,
    "Person": 0.76569150265343,
    "Definiteness": 0.6571184371184371
  },
  "learning_rate": 1.7800000000000002e-05
}