{
  "epoch": 4,
  "mode": "singlelabel",
  "fold": 7,
  "eval_decoder": "greedy",
  "mbr_threshold": 0.0,
  "train_loss": 0.22475373101308183,
  "val_loss": 0.231207999587059,
  "train_composite_accuracy": 0.9634770390483334,
  "train_composite_micro_f1": 0.9634770390483334,
  "train_composite_macro_f1": 0.526725643628329,
  "val_composite_accuracy": 0.9588343353373413,
  "val_composite_micro_f1": 0.9588343353373413,
  "val_composite_macro_f1": 0.6765929526788879,
  "per_word_class_accuracy": {
    "Word Class Noun": 0.9977678571428571,
    "Word Class Adjective": 0.9440124416796267,
    "Word Class Pronoun": 0.9820022497187851,
    "Word Class Number": 0.9444444444444444,
    "Word Class Verbs": 0.9974025974025974,
    "Word Class Participle": 0.8978494623655914,
    "Word Class Adverb": 0.9855312112443159,
    "Word Class Conjunctions": 0.9960191082802548,
    "Word Class Foreign words": 0.4666666666666667,
    "Word Class Unanalyzed word": 0.0,
    "Word Class Abbreviation": 1.0,
    "Word Class Web email or address": 0.0,
    "Word Class Punctuation": 1.0,
    "Word Class Symbol": 1.0,
    "Word Class R Article": 0.9467213114754098
  },
  "per_word_class_f1": {
    "Word Class Noun": 0.9962852897473996,
    "Word Class Adjective": 0.9440124416796267,
    "Word Class Pronoun": 0.9743303571428571,
    "Word Class Number": 0.9714285714285714,
    "Word Class Verbs": 0.9976617303195636,
    "Word Class Participle": 0.9329608938547486,
    "Word Class Adverb": 0.9865507966066626,
    "Word Class Conjunctions": 0.9940405244338498,
    "Word Class Foreign words": 0.608695652173913,
    "Word Class Unanalyzed word": 0.0,
    "Word Class Abbreviation": 1.0,
    "Word Class Web email or address": 0.0,
    "Word Class Punctuation": 1.0,
    "Word Class Symbol": 1.0,
    "Word Class R Article": 0.9333333333333333
  },
  "per_interval_accuracy": {
    "Subcategories": 0.9824645305276583,
    "Gender": 0.9616834170854272,
    "Number": 0.987016863154753,
    "Case": 0.9698492462311558,
    "Article": 0.9955357142857143,
    "Proper Noun": 0.9933035714285714,
    "Degree": 0.9777922926192031,
    "Declension": 0.9553679131483716,
    "Mood": 0.9927272727272727,
    "Voice": 0.9953246753246753,
    "Tense": 0.9927272727272727,
    "Person": 0.9886282871357498,
    "Definiteness": 0.9467213114754098
  },
  "per_interval_f1": {
    "Subcategories": 0.9011212401823159,
    "Gender": 0.7736567699061073,
    "Number": 0.7402219427928125,
    "Case": 0.8105051504014092,
    "Article": 0.6643752697968202,
    "Proper Noun": 0.6621750522770999,
    "Degree": 0.6375584401610797,
    "Declension": 0.7354299161316704,
    "Mood": 0.5935460814726939,
    "Voice": 0.657025014886913,
    "Tense": 0.7451144761286531,
    "Person": 0.7635384618935582,
    "Definiteness": 0.6434920634920634
  },
  "learning_rate": 1.9200000000000003e-05
}