{
  "epoch": 7,
  "mode": "singlelabel",
  "fold": 7,
  "eval_decoder": "greedy",
  "mbr_threshold": 0.0,
  "train_loss": 0.0969087466363032,
  "val_loss": 0.1859128214418888,
  "train_composite_accuracy": 0.9824078381483135,
  "train_composite_micro_f1": 0.9824078381483135,
  "train_composite_macro_f1": 0.6605710525389678,
  "val_composite_accuracy": 0.9681028724114896,
  "val_composite_micro_f1": 0.9681028724114896,
  "val_composite_macro_f1": 0.7863392067476275,
  "per_word_class_accuracy": {
    "Word Class Noun": 0.9973958333333334,
    "Word Class Adjective": 0.9564541213063764,
    "Word Class Pronoun": 0.9763779527559056,
    "Word Class Number": 0.9523809523809523,
    "Word Class Verbs": 0.9968831168831169,
    "Word Class Participle": 0.9247311827956989,
    "Word Class Adverb": 0.9842910293509715,
    "Word Class Conjunctions": 0.9944267515923567,
    "Word Class Foreign words": 0.4,
    "Word Class Unanalyzed word": 0.0,
    "Word Class Abbreviation": 1.0,
    "Word Class Web email or address": 0.0,
    "Word Class Punctuation": 1.0,
    "Word Class Symbol": 1.0,
    "Word Class R Article": 0.9836065573770492
  },
  "per_word_class_f1": {
    "Word Class Noun": 0.9959138187221397,
    "Word Class Adjective": 0.9468822170900694,
    "Word Class Pronoun": 0.9813453928773318,
    "Word Class Number": 0.97165991902834,
    "Word Class Verbs": 0.9976605146867689,
    "Word Class Participle": 0.945054945054945,
    "Word Class Adverb": 0.9863297431648717,
    "Word Class Conjunctions": 0.9936356404136835,
    "Word Class Foreign words": 0.5217391304347827,
    "Word Class Unanalyzed word": 0.0,
    "Word Class Abbreviation": 1.0,
    "Word Class Web email or address": 0.0,
    "Word Class Punctuation": 1.0,
    "Word Class Symbol": 1.0,
    "Word Class R Article": 0.9467455621301776
  },
  "per_interval_accuracy": {
    "Subcategories": 0.9823051171688187,
    "Gender": 0.9752931323283082,
    "Number": 0.9895537979406058,
    "Case": 0.9798994974874372,
    "Article": 0.9936755952380952,
    "Proper Noun": 0.9940476190476191,
    "Degree": 0.9781188765512737,
    "Declension": 0.9638118214716526,
    "Mood": 0.9927272727272727,
    "Voice": 0.9953246753246753,
    "Tense": 0.9927272727272727,
    "Person": 0.9872068230277186,
    "Definiteness": 0.9836065573770492
  },
  "per_interval_f1": {
    "Subcategories": 0.9082327662702067,
    "Gender": 0.7836756338801438,
    "Number": 0.7425779697643881,
    "Case": 0.817212654263401,
    "Article": 0.6632704175958047,
    "Proper Noun": 0.6627455940635804,
    "Degree": 0.6413609720833414,
    "Declension": 0.737224821688703,
    "Mood": 0.726895739273577,
    "Voice": 0.6588450734826264,
    "Tense": 0.7453440184393734,
    "Person": 0.7711709633859888,
    "Definiteness": 0.6600947660802788
  },
  "learning_rate": 1.86e-05
}