{
  "epoch": 12,
  "mode": "singlelabel",
  "fold": 7,
  "eval_decoder": "greedy",
  "mbr_threshold": 0.0,
  "train_loss": 0.036862043468986555,
  "val_loss": 0.20120670944452285,
  "train_composite_accuracy": 0.9923574256391755,
  "train_composite_micro_f1": 0.9923574256391755,
  "train_composite_macro_f1": 0.8025701220795932,
  "val_composite_accuracy": 0.9701903807615231,
  "val_composite_micro_f1": 0.9701903807615231,
  "val_composite_macro_f1": 0.8307015625643069,
  "per_word_class_accuracy": {
    "Word Class Noun": 0.9973958333333334,
    "Word Class Adjective": 0.9704510108864697,
    "Word Class Pronoun": 0.9786276715410573,
    "Word Class Number": 0.9841269841269841,
    "Word Class Verbs": 0.9979220779220779,
    "Word Class Participle": 0.9301075268817204,
    "Word Class Adverb": 0.9818106655642828,
    "Word Class Conjunctions": 0.9968152866242038,
    "Word Class Foreign words": 0.4666666666666667,
    "Word Class Unanalyzed word": 0.0,
    "Word Class Abbreviation": 1.0,
    "Word Class Web email or address": 0.0,
    "Word Class Punctuation": 1.0,
    "Word Class Symbol": 1.0,
    "Word Class R Article": 0.9713114754098361
  },
  "per_word_class_f1": {
    "Word Class Noun": 0.9966542750929367,
    "Word Class Adjective": 0.9533995416348356,
    "Word Class Pronoun": 0.9791783905458638,
    "Word Class Number": 0.9880478087649401,
    "Word Class Verbs": 0.998181345804105,
    "Word Class Participle": 0.9453551912568307,
    "Word Class Adverb": 0.9877313370763152,
    "Word Class Conjunctions": 0.993256644188814,
    "Word Class Foreign words": 0.6363636363636364,
    "Word Class Unanalyzed word": 0.0,
    "Word Class Abbreviation": 0.9767441860465117,
    "Word Class Web email or address": 0.0,
    "Word Class Punctuation": 1.0,
    "Word Class Symbol": 1.0,
    "Word Class R Article": 0.9537223340040241
  },
  "per_interval_accuracy": {
    "Subcategories": 0.9831021839630161,
    "Gender": 0.9803182579564489,
    "Number": 0.9902999552305626,
    "Case": 0.9824120603015075,
    "Article": 0.9951636904761905,
    "Proper Noun": 0.9936755952380952,
    "Degree": 0.9784454604833442,
    "Declension": 0.9758745476477684,
    "Mood": 0.9922077922077922,
    "Voice": 0.9968831168831169,
    "Tense": 0.9927272727272727,
    "Person": 0.9879175550817342,
    "Definiteness": 0.9713114754098361
  },
  "per_interval_f1": {
    "Subcategories": 0.9079356040956579,
    "Gender": 0.7861176821675125,
    "Number": 0.7423345138738516,
    "Case": 0.8190825632719401,
    "Article": 0.6643612563886653,
    "Proper Noun": 0.6625836219307913,
    "Degree": 0.6438569895993763,
    "Declension": 0.7403772881115456,
    "Mood": 0.7260941282021036,
    "Voice": 0.6626108487849821,
    "Tense": 0.7450053357041858,
    "Person": 0.77111555986644,
    "Definiteness": 0.6559961777353082
  },
  "learning_rate": 1.76e-05
}