{
  "epoch": 8,
  "mode": "singlelabel",
  "fold": 7,
  "eval_decoder": "greedy",
  "mbr_threshold": 0.0,
  "train_loss": 0.08224577148983138,
  "val_loss": 0.17666520476341246,
  "train_composite_accuracy": 0.9844395287237375,
  "train_composite_micro_f1": 0.9844395287237375,
  "train_composite_macro_f1": 0.6852889974708614,
  "val_composite_accuracy": 0.9711088844355378,
  "val_composite_micro_f1": 0.9711088844355377,
  "val_composite_macro_f1": 0.813096645058801,
  "per_word_class_accuracy": {
    "Word Class Noun": 0.9973958333333334,
    "Word Class Adjective": 0.9580093312597201,
    "Word Class Pronoun": 0.9853768278965129,
    "Word Class Number": 0.9682539682539683,
    "Word Class Verbs": 0.9984415584415585,
    "Word Class Participle": 0.956989247311828,
    "Word Class Adverb": 0.9851178172798677,
    "Word Class Conjunctions": 0.9952229299363057,
    "Word Class Foreign words": 0.4,
    "Word Class Unanalyzed word": 0.0,
    "Word Class Abbreviation": 1.0,
    "Word Class Web email or address": 0.0,
    "Word Class Punctuation": 1.0,
    "Word Class Symbol": 1.0,
    "Word Class R Article": 0.9836065573770492
  },
  "per_word_class_f1": {
    "Word Class Noun": 0.9962839093273876,
    "Word Class Adjective": 0.9565217391304348,
    "Word Class Pronoun": 0.9837170129140931,
    "Word Class Number": 0.9799196787148594,
    "Word Class Verbs": 0.998182290314204,
    "Word Class Participle": 0.956989247311828,
    "Word Class Adverb": 0.9881816296910636,
    "Word Class Conjunctions": 0.9936406995230525,
    "Word Class Foreign words": 0.5454545454545455,
    "Word Class Unanalyzed word": 0.0,
    "Word Class Abbreviation": 1.0,
    "Word Class Web email or address": 0.0,
    "Word Class Punctuation": 1.0,
    "Word Class Symbol": 1.0,
    "Word Class R Article": 0.9638554216867471
  },
  "per_interval_accuracy": {
    "Subcategories": 0.9846963175514108,
    "Gender": 0.977177554438861,
    "Number": 0.9908968810625279,
    "Case": 0.9809463986599665,
    "Article": 0.9947916666666666,
    "Proper Noun": 0.9947916666666666,
    "Degree": 0.9787720444154148,
    "Declension": 0.9674306393244874,
    "Mood": 0.9942857142857143,
    "Voice": 0.9979220779220779,
    "Tense": 0.9948051948051948,
    "Person": 0.9911158493248046,
    "Definiteness": 0.9836065573770492
  },
  "per_interval_f1": {
    "Subcategories": 0.9110484486378417,
    "Gender": 0.7841416564489307,
    "Number": 0.7431553481330762,
    "Case": 0.8172277868450438,
    "Article": 0.663923940928566,
    "Proper Noun": 0.6635472047258105,
    "Degree": 0.6465027514573466,
    "Declension": 0.7363477336827058,
    "Mood": 0.7937178161754527,
    "Voice": 0.6645567686673464,
    "Tense": 0.7465517161011516,
    "Person": 0.7737110736624878,
    "Definiteness": 0.6608212560386474
  },
  "learning_rate": 1.8400000000000003e-05
}