{
  "epoch": 5,
  "mode": "singlelabel",
  "fold": 7,
  "eval_decoder": "greedy",
  "mbr_threshold": 0.0,
  "train_loss": 0.16500249867811473,
  "val_loss": 0.19787724018096925,
  "train_composite_accuracy": 0.9721639403404506,
  "train_composite_micro_f1": 0.9721639403404506,
  "train_composite_macro_f1": 0.5786693996514268,
  "val_composite_accuracy": 0.9654308617234469,
  "val_composite_micro_f1": 0.9654308617234469,
  "val_composite_macro_f1": 0.7360132518415741,
  "per_word_class_accuracy": {
    "Word Class Noun": 0.9962797619047619,
    "Word Class Adjective": 0.9626749611197511,
    "Word Class Pronoun": 0.9808773903262092,
    "Word Class Number": 0.9444444444444444,
    "Word Class Verbs": 0.9994805194805195,
    "Word Class Participle": 0.9301075268817204,
    "Word Class Adverb": 0.9834642414220752,
    "Word Class Conjunctions": 0.9952229299363057,
    "Word Class Foreign words": 0.4666666666666667,
    "Word Class Unanalyzed word": 0.0,
    "Word Class Abbreviation": 1.0,
    "Word Class Web email or address": 0.0,
    "Word Class Punctuation": 1.0,
    "Word Class Symbol": 1.0,
    "Word Class R Article": 0.9754098360655737
  },
  "per_word_class_f1": {
    "Word Class Noun": 0.9960944764738702,
    "Word Class Adjective": 0.9523076923076923,
    "Word Class Pronoun": 0.9814293753517164,
    "Word Class Number": 0.9714285714285714,
    "Word Class Verbs": 0.9987023098883987,
    "Word Class Participle": 0.947945205479452,
    "Word Class Adverb": 0.987136929460581,
    "Word Class Conjunctions": 0.9936406995230525,
    "Word Class Foreign words": 0.56,
    "Word Class Unanalyzed word": 0.0,
    "Word Class Abbreviation": 1.0,
    "Word Class Web email or address": 0.0,
    "Word Class Punctuation": 1.0,
    "Word Class Symbol": 1.0,
    "Word Class R Article": 0.9444444444444444
  },
  "per_interval_accuracy": {
    "Subcategories": 0.9815080503746214,
    "Gender": 0.9708961474036851,
    "Number": 0.9895537979406058,
    "Case": 0.97571189279732,
    "Article": 0.9933035714285714,
    "Proper Noun": 0.9933035714285714,
    "Degree": 0.977139124755062,
    "Declension": 0.9722557297949337,
    "Mood": 0.9937662337662337,
    "Voice": 0.9979220779220779,
    "Tense": 0.9942857142857143,
    "Person": 0.9900497512437811,
    "Definiteness": 0.9754098360655737
  },
  "per_interval_f1": {
    "Subcategories": 0.9050867818822617,
    "Gender": 0.7801012539852679,
    "Number": 0.7420757071777453,
    "Case": 0.8138687937228898,
    "Article": 0.663364693738859,
    "Proper Noun": 0.6625112384740302,
    "Degree": 0.6393752700401741,
    "Declension": 0.7414881455908915,
    "Mood": 0.726844943110968,
    "Voice": 0.6610113626507069,
    "Tense": 0.7459706244825591,
    "Person": 0.7784659002637575,
    "Definiteness": 0.6571184371184371
  },
  "learning_rate": 1.9e-05
}