{
  "epoch": 10,
  "mode": "singlelabel",
  "fold": 7,
  "eval_decoder": "greedy",
  "mbr_threshold": 0.0,
  "train_loss": 0.05242226930034213,
  "val_loss": 0.19042802527546882,
  "train_composite_accuracy": 0.9898415471228793,
  "train_composite_micro_f1": 0.9898415471228793,
  "train_composite_macro_f1": 0.751508705734767,
  "val_composite_accuracy": 0.9703573814295258,
  "val_composite_micro_f1": 0.9703573814295258,
  "val_composite_macro_f1": 0.8237027892117051,
  "per_word_class_accuracy": {
    "Word Class Noun": 0.9985119047619048,
    "Word Class Adjective": 0.9751166407465007,
    "Word Class Pronoun": 0.9775028121484814,
    "Word Class Number": 0.9761904761904762,
    "Word Class Verbs": 0.9979220779220779,
    "Word Class Participle": 0.9032258064516129,
    "Word Class Adverb": 0.9834642414220752,
    "Word Class Conjunctions": 0.9952229299363057,
    "Word Class Foreign words": 0.4666666666666667,
    "Word Class Unanalyzed word": 0.0,
    "Word Class Abbreviation": 1.0,
    "Word Class Web email or address": 0.0,
    "Word Class Punctuation": 1.0,
    "Word Class Symbol": 1.0,
    "Word Class R Article": 0.9795081967213115
  },
  "per_word_class_f1": {
    "Word Class Noun": 0.9970282317979198,
    "Word Class Adjective": 0.9536121673003802,
    "Word Class Pronoun": 0.979706877113867,
    "Word Class Number": 0.9879518072289156,
    "Word Class Verbs": 0.9984407484407485,
    "Word Class Participle": 0.943820224719101,
    "Word Class Adverb": 0.9883672621520565,
    "Word Class Conjunctions": 0.9936406995230525,
    "Word Class Foreign words": 0.608695652173913,
    "Word Class Unanalyzed word": 0.0,
    "Word Class Abbreviation": 1.0,
    "Word Class Web email or address": 0.0,
    "Word Class Punctuation": 1.0,
    "Word Class Symbol": 1.0,
    "Word Class R Article": 0.9502982107355866
  },
  "per_interval_accuracy": {
    "Subcategories": 0.9821457038099792,
    "Gender": 0.9798994974874372,
    "Number": 0.9916430383524847,
    "Case": 0.9822026800670016,
    "Article": 0.9959077380952381,
    "Proper Noun": 0.9966517857142857,
    "Degree": 0.980731548007838,
    "Declension": 0.9734620024125452,
    "Mood": 0.9932467532467533,
    "Voice": 0.9968831168831169,
    "Tense": 0.9937662337662337,
    "Person": 0.988272921108742,
    "Definiteness": 0.9795081967213115
  },
  "per_interval_f1": {
    "Subcategories": 0.908954732501911,
    "Gender": 0.7858273277027481,
    "Number": 0.7434004020182025,
    "Case": 0.8187884858685875,
    "Article": 0.6643765873485193,
    "Proper Noun": 0.6644360715069347,
    "Degree": 0.6466110061053457,
    "Declension": 0.7401952073052369,
    "Mood": 0.7931560886477504,
    "Voice": 0.6626108487849821,
    "Tense": 0.7459745535450988,
    "Person": 0.778171776718948,
    "Definiteness": 0.6589799635701276
  },
  "learning_rate": 1.8e-05
}