{
  "epoch": 14,
  "mode": "singlelabel",
  "fold": 7,
  "eval_decoder": "greedy",
  "mbr_threshold": 0.0,
  "train_loss": 0.03086868914900269,
  "val_loss": 0.20276025161147118,
  "train_composite_accuracy": 0.9935346669071783,
  "train_composite_micro_f1": 0.9935346669071783,
  "train_composite_macro_f1": 0.830386595001203,
  "val_composite_accuracy": 0.9702738810955244,
  "val_composite_micro_f1": 0.9702738810955244,
  "val_composite_macro_f1": 0.8164367573353619,
  "per_word_class_accuracy": {
    "Word Class Noun": 0.9985119047619048,
    "Word Class Adjective": 0.968895800933126,
    "Word Class Pronoun": 0.9786276715410573,
    "Word Class Number": 0.9761904761904762,
    "Word Class Verbs": 0.9984415584415585,
    "Word Class Participle": 0.9354838709677419,
    "Word Class Adverb": 0.9847044233154196,
    "Word Class Conjunctions": 0.9976114649681529,
    "Word Class Foreign words": 0.4666666666666667,
    "Word Class Unanalyzed word": 0.0,
    "Word Class Abbreviation": 1.0,
    "Word Class Web email or address": 0.0,
    "Word Class Punctuation": 1.0,
    "Word Class Symbol": 1.0,
    "Word Class R Article": 0.9795081967213115
  },
  "per_word_class_f1": {
    "Word Class Noun": 0.9970282317979198,
    "Word Class Adjective": 0.9591993841416475,
    "Word Class Pronoun": 0.9808342728297633,
    "Word Class Number": 0.9840000000000001,
    "Word Class Verbs": 0.9984415584415585,
    "Word Class Participle": 0.956043956043956,
    "Word Class Adverb": 0.9883817427385891,
    "Word Class Conjunctions": 0.9944444444444445,
    "Word Class Foreign words": 0.6363636363636364,
    "Word Class Unanalyzed word": 0.0,
    "Word Class Abbreviation": 1.0,
    "Word Class Web email or address": 0.0,
    "Word Class Punctuation": 1.0,
    "Word Class Symbol": 1.0,
    "Word Class R Article": 0.9579158316633266
  },
  "per_interval_accuracy": {
    "Subcategories": 0.983739837398374,
    "Gender": 0.9780150753768844,
    "Number": 0.9902999552305626,
    "Case": 0.980108877721943,
    "Article": 0.9959077380952381,
    "Proper Noun": 0.9959077380952381,
    "Degree": 0.980078380143697,
    "Declension": 0.9722557297949337,
    "Mood": 0.9932467532467533,
    "Voice": 0.9979220779220779,
    "Tense": 0.9937662337662337,
    "Person": 0.9886282871357498,
    "Definiteness": 0.9795081967213115
  },
  "per_interval_f1": {
    "Subcategories": 0.9091411412973625,
    "Gender": 0.7849146931794347,
    "Number": 0.7429295980851103,
    "Case": 0.8182597620326933,
    "Article": 0.664375871871839,
    "Proper Noun": 0.6639474917955931,
    "Degree": 0.6455655462719528,
    "Declension": 0.7408296663440174,
    "Mood": 0.793738759160972,
    "Voice": 0.6645385003321945,
    "Tense": 0.7459680850359965,
    "Person": 0.7781709896087023,
    "Definiteness": 0.6589799635701276
  },
  "learning_rate": 1.72e-05
}