{
  "epoch": 2,
  "mode": "singlelabel",
  "fold": 7,
  "eval_decoder": "greedy",
  "mbr_threshold": 0.0,
  "train_loss": 0.5903608084072018,
  "val_loss": 0.3884946763515472,
  "train_composite_accuracy": 0.9117638681869535,
  "train_composite_micro_f1": 0.9117638681869535,
  "train_composite_macro_f1": 0.31564516242182866,
  "val_composite_accuracy": 0.9330327321309285,
  "val_composite_micro_f1": 0.9330327321309285,
  "val_composite_macro_f1": 0.48438770285789984,
  "per_word_class_accuracy": {
    "Word Class Noun": 0.9936755952380952,
    "Word Class Adjective": 0.8911353032659409,
    "Word Class Pronoun": 0.9797525309336333,
    "Word Class Number": 0.9285714285714286,
    "Word Class Verbs": 0.9989610389610389,
    "Word Class Participle": 0.9032258064516129,
    "Word Class Adverb": 0.9768499379909054,
    "Word Class Conjunctions": 0.9952229299363057,
    "Word Class Foreign words": 0.13333333333333333,
    "Word Class Unanalyzed word": 0.0,
    "Word Class Abbreviation": 0.6666666666666666,
    "Word Class Web email or address": 0.0,
    "Word Class Punctuation": 1.0,
    "Word Class Symbol": 0.0,
    "Word Class R Article": 0.7295081967213115
  },
  "per_word_class_f1": {
    "Word Class Noun": 0.990727002967359,
    "Word Class Adjective": 0.9030732860520095,
    "Word Class Pronoun": 0.9431510557661071,
    "Word Class Number": 0.9397590361445782,
    "Word Class Verbs": 0.9974066390041493,
    "Word Class Participle": 0.9281767955801105,
    "Word Class Adverb": 0.9768499379909054,
    "Word Class Conjunctions": 0.9900990099009901,
    "Word Class Foreign words": 0.23529411764705882,
    "Word Class Unanalyzed word": 0.0,
    "Word Class Abbreviation": 0.7567567567567567,
    "Word Class Web email or address": 0.0,
    "Word Class Punctuation": 1.0,
    "Word Class Symbol": 0.0,
    "Word Class R Article": 0.8202764976958525
  },
  "per_interval_accuracy": {
    "Subcategories": 0.9714650087677348,
    "Gender": 0.9342546063651591,
    "Number": 0.9743321892254887,
    "Case": 0.9476549413735343,
    "Article": 0.9892113095238095,
    "Proper Noun": 0.9873511904761905,
    "Degree": 0.960809928151535,
    "Declension": 0.9143546441495778,
    "Mood": 0.9942857142857143,
    "Voice": 0.9932467532467533,
    "Tense": 0.9932467532467533,
    "Person": 0.9847192608386638,
    "Definiteness": 0.7049180327868853
  },
  "per_interval_f1": {
    "Subcategories": 0.8217437633461407,
    "Gender": 0.7533310554389347,
    "Number": 0.729959452121488,
    "Case": 0.7802214597590633,
    "Article": 0.6615951251494465,
    "Proper Noun": 0.6595253107056769,
    "Degree": 0.6041784077949122,
    "Declension": 0.7213234407784922,
    "Mood": 0.594610642543988,
    "Voice": 0.6454478811779821,
    "Tense": 0.7446319039490822,
    "Person": 0.7515272225824488,
    "Definiteness": 0.4568026444294193
  },
  "learning_rate": 1.9600000000000002e-05
}