{
  "epoch": 9,
  "mode": "singlelabel",
  "fold": 7,
  "eval_decoder": "greedy",
  "mbr_threshold": 0.0,
  "train_loss": 0.06230085065352474,
  "val_loss": 0.18601829260587693,
  "train_composite_accuracy": 0.9882465750823595,
  "train_composite_micro_f1": 0.9882465750823595,
  "train_composite_macro_f1": 0.7303984856778615,
  "val_composite_accuracy": 0.970691382765531,
  "val_composite_micro_f1": 0.970691382765531,
  "val_composite_macro_f1": 0.8187581171172691,
  "per_word_class_accuracy": {
    "Word Class Noun": 0.9981398809523809,
    "Word Class Adjective": 0.9673405909797823,
    "Word Class Pronoun": 0.9797525309336333,
    "Word Class Number": 0.9761904761904762,
    "Word Class Verbs": 0.9984415584415585,
    "Word Class Participle": 0.9354838709677419,
    "Word Class Adverb": 0.9805704836709384,
    "Word Class Conjunctions": 0.9976114649681529,
    "Word Class Foreign words": 0.4,
    "Word Class Unanalyzed word": 0.0,
    "Word Class Abbreviation": 1.0,
    "Word Class Web email or address": 0.0,
    "Word Class Punctuation": 1.0,
    "Word Class Symbol": 1.0,
    "Word Class R Article": 0.9754098360655737
  },
  "per_word_class_f1": {
    "Word Class Noun": 0.9961017263783182,
    "Word Class Adjective": 0.9547198772064467,
    "Word Class Pronoun": 0.9797525309336333,
    "Word Class Number": 0.9840000000000001,
    "Word Class Verbs": 0.998182290314204,
    "Word Class Participle": 0.9456521739130435,
    "Word Class Adverb": 0.9877160108265668,
    "Word Class Conjunctions": 0.9932619896948078,
    "Word Class Foreign words": 0.5714285714285715,
    "Word Class Unanalyzed word": 0.0,
    "Word Class Abbreviation": 0.9767441860465117,
    "Word Class Web email or address": 0.0,
    "Word Class Punctuation": 1.0,
    "Word Class Symbol": 1.0,
    "Word Class R Article": 0.9577464788732395
  },
  "per_interval_accuracy": {
    "Subcategories": 0.9821457038099792,
    "Gender": 0.9803182579564489,
    "Number": 0.99223996418445,
    "Case": 0.9828308207705193,
    "Article": 0.9955357142857143,
    "Proper Noun": 0.9955357142857143,
    "Degree": 0.977139124755062,
    "Declension": 0.9746682750301568,
    "Mood": 0.9937662337662337,
    "Voice": 0.9974025974025974,
    "Tense": 0.9937662337662337,
    "Person": 0.9886282871357498,
    "Definiteness": 0.9754098360655737
  },
  "per_interval_f1": {
    "Subcategories": 0.9094345911431193,
    "Gender": 0.7862806755720353,
    "Number": 0.743803542645948,
    "Case": 0.8205471599966341,
    "Article": 0.6642807203028546,
    "Proper Noun": 0.6638606972977662,
    "Degree": 0.644560158138877,
    "Declension": 0.7383472186359735,
    "Mood": 0.7942494690568785,
    "Voice": 0.6627021477675594,
    "Tense": 0.7459680850359965,
    "Person": 0.7778107419915281,
    "Definiteness": 0.6571184371184371
  },
  "learning_rate": 1.8200000000000002e-05
}