{
  "epoch": 1,
  "mode": "singlelabel",
  "fold": 7,
  "eval_decoder": "greedy",
  "mbr_threshold": 0.0,
  "train_loss": 2.0717347505484778,
  "val_loss": 0.7061356782913208,
  "train_composite_accuracy": 0.7138259391821971,
  "train_composite_micro_f1": 0.713825939182197,
  "train_composite_macro_f1": 0.13901781964316148,
  "val_composite_accuracy": 0.8908650634602538,
  "val_composite_micro_f1": 0.8908650634602538,
  "val_composite_macro_f1": 0.3312426668050267,
  "per_word_class_accuracy": {
    "Word Class Noun": 0.9921875,
    "Word Class Adjective": 0.8475894245723172,
    "Word Class Pronoun": 0.905511811023622,
    "Word Class Number": 0.9285714285714286,
    "Word Class Verbs": 0.9948051948051948,
    "Word Class Participle": 0.8978494623655914,
    "Word Class Adverb": 0.982637453493179,
    "Word Class Conjunctions": 0.9952229299363057,
    "Word Class Foreign words": 0.0,
    "Word Class Unanalyzed word": 0.0,
    "Word Class Abbreviation": 0.47619047619047616,
    "Word Class Web email or address": 0.0,
    "Word Class Punctuation": 1.0,
    "Word Class Symbol": 0.0,
    "Word Class R Article": 0.5491803278688525
  },
  "per_word_class_f1": {
    "Word Class Noun": 0.9817780231916067,
    "Word Class Adjective": 0.8637083993660856,
    "Word Class Pronoun": 0.8855885588558856,
    "Word Class Number": 0.8764044943820225,
    "Word Class Verbs": 0.9960988296488947,
    "Word Class Participle": 0.9226519337016574,
    "Word Class Adverb": 0.9753795650389824,
    "Word Class Conjunctions": 0.9908838684106223,
    "Word Class Foreign words": 0.0,
    "Word Class Unanalyzed word": 0.0,
    "Word Class Abbreviation": 0.6451612903225806,
    "Word Class Web email or address": 0.0,
    "Word Class Punctuation": 1.0,
    "Word Class Symbol": 0.0,
    "Word Class R Article": 0.6767676767676768
  },
  "per_interval_accuracy": {
    "Subcategories": 0.9603060736489718,
    "Gender": 0.8994974874371859,
    "Number": 0.9595582748843456,
    "Case": 0.9080820770519263,
    "Article": 0.9862351190476191,
    "Proper Noun": 0.9750744047619048,
    "Degree": 0.9435009797517963,
    "Declension": 0.8492159227985525,
    "Mood": 0.9890909090909091,
    "Voice": 0.9787012987012987,
    "Tense": 0.9890909090909091,
    "Person": 0.9438521677327647,
    "Definiteness": 0.5122950819672131
  },
  "per_interval_f1": {
    "Subcategories": 0.8064347102697339,
    "Gender": 0.7256098754999126,
    "Number": 0.7177714958594569,
    "Case": 0.719439470588623,
    "Article": 0.6599472161487666,
    "Proper Noun": 0.6494568085330936,
    "Degree": 0.5423086941052119,
    "Declension": 0.6668901175696936,
    "Mood": 0.5918496083704625,
    "Voice": 0.5955348977922016,
    "Tense": 0.7433257318890589,
    "Person": 0.5678245020980099,
    "Definiteness": 0.2981720107881331
  },
  "learning_rate": 1.98e-05
}