{
  "mode": "singlelabel",
  "fold": 7,
  "eval_decoder": "greedy",
  "mbr_threshold": 0.0,
  "temperature": 1.0,
  "ood_data_path": "data/OOD-BRAGD.json",
  "num_sentences": 500,
  "composite_accuracy": 0.9580125243814803,
  "composite_micro_f1": 0.9580125243814803,
  "composite_macro_f1": 0.7813033337192926,
  "word_class_accuracy": 0.9874756185196591,
  "word_class_macro_f1": 0.9358711111791913,
  "per_word_class_accuracy": {
    "Word Class Noun": 0.9899825783972126,
    "Word Class Adjective": 0.9532554257095158,
    "Word Class Pronoun": 0.9917808219178083,
    "Word Class Number": 1.0,
    "Word Class Verbs": 0.9978601997146933,
    "Word Class Participle": 0.912751677852349,
    "Word Class Adverb": 0.9862410566868465,
    "Word Class Conjunctions": 0.9925847457627118,
    "Word Class Foreign words": 0.55,
    "Word Class Unanalyzed word": 0.0,
    "Word Class Abbreviation": 1.0,
    "Word Class Web email or address": 0.0,
    "Word Class Punctuation": 1.0,
    "Word Class Symbol": 0.9230769230769231,
    "Word Class R Article": 0.9875
  },
  "per_word_class_f1": {
    "Word Class Noun": 0.9899825783972126,
    "Word Class Adjective": 0.9516666666666667,
    "Word Class Pronoun": 0.9917808219178083,
    "Word Class Number": 1.0,
    "Word Class Verbs": 0.9967937299608123,
    "Word Class Participle": 0.9444444444444444,
    "Word Class Adverb": 0.9848859576806814,
    "Word Class Conjunctions": 0.9920592906299629,
    "Word Class Foreign words": 0.6666666666666667,
    "Word Class Unanalyzed word": 0.0,
    "Word Class Abbreviation": 0.7027027027027027,
    "Word Class Web email or address": 0.0,
    "Word Class Punctuation": 1.0,
    "Word Class Symbol": 0.9600000000000001,
    "Word Class R Article": 0.9844236760124611
  },
  "per_interval_accuracy": {
    "Subcategories": 0.9874139626352015,
    "Gender": 0.9599520383693045,
    "Number": 0.9811557788944724,
    "Case": 0.9717026378896882,
    "Article": 0.9860627177700348,
    "Proper Noun": 0.9716898954703833,
    "Degree": 0.9776490066225165,
    "Declension": 0.9612299465240641,
    "Mood": 0.992867332382311,
    "Voice": 0.9978601997146933,
    "Tense": 0.9935805991440799,
    "Person": 0.9901500938086304,
    "Definiteness": 0.9875
  },
  "per_interval_f1": {
    "Subcategories": 0.9126549188086293,
    "Gender": 0.7717475964922104,
    "Number": 0.7353070698644382,
    "Case": 0.8041106042209348,
    "Article": 0.6608087620184778,
    "Proper Noun": 0.6453861467000154,
    "Degree": 0.645435826547658,
    "Declension": 0.7358036218060668,
    "Mood": 0.7635449196593276,
    "Voice": 0.6662953335808887,
    "Tense": 0.7454460195312667,
    "Person": 0.7871660840200865,
    "Definiteness": 0.6624309024309024
  }
}