{
  "best_epoch": 9,
  "total_epochs_trained": 9,
  "mode": "multilabel",
  "fold": 3,
  "optimizer": "adamw",
  "eval_decoder": "greedy",
  "mbr_threshold": 0.0,
  "train_loss": 0.08134249960691865,
  "val_loss": 0.23760142028331757,
  "train_composite_accuracy": 0.9873427315446415,
  "train_composite_micro_f1": 0.9873427315446415,
  "train_composite_macro_f1": 0.8738871717841772,
  "val_composite_accuracy": 0.9734551409118332,
  "val_composite_micro_f1": 0.9734551409118332,
  "val_composite_macro_f1": 0.8609136773687531,
  "per_word_class_accuracy": {
    "Word Class Noun": 0.9971751412429378,
    "Word Class Adjective": 0.9627228525121556,
    "Word Class Pronoun": 0.9893390191897654,
    "Word Class Number": 0.9807692307692307,
    "Word Class Verbs": 0.9984193888303478,
    "Word Class Participle": 0.9457831325301205,
    "Word Class Adverb": 0.9914675767918089,
    "Word Class Conjunctions": 0.9967715899919289,
    "Word Class Foreign words": 0.7272727272727273,
    "Word Class Unanalyzed word": 0.0,
    "Word Class Abbreviation": 1.0,
    "Word Class Web email or address": 0.0,
    "Word Class Punctuation": 1.0,
    "Word Class Symbol": 1.0,
    "Word Class R Article": 0.990521327014218
  },
  "per_word_class_f1": {
    "Word Class Noun": 0.9967728922952802,
    "Word Class Adjective": 0.9690048939641109,
    "Word Class Pronoun": 0.990923651895355,
    "Word Class Number": 0.9839228295819936,
    "Word Class Verbs": 0.9973684210526316,
    "Word Class Participle": 0.9573170731707317,
    "Word Class Adverb": 0.991044776119403,
    "Word Class Conjunctions": 0.993963782696177,
    "Word Class Foreign words": 0.8275862068965517,
    "Word Class Unanalyzed word": 0.0,
    "Word Class Abbreviation": 0.9655172413793104,
    "Word Class Web email or address": 0.0,
    "Word Class Punctuation": 1.0,
    "Word Class Symbol": 1.0,
    "Word Class R Article": 0.9720930232558139
  },
  "per_interval_accuracy": {
    "Subcategories": 0.9876126126126126,
    "Gender": 0.9826982041173894,
    "Number": 0.9925742574257426,
    "Case": 0.9776609724047306,
    "Article": 0.9947538337368845,
    "Proper Noun": 0.9955609362389023,
    "Degree": 0.9891928402566701,
    "Declension": 0.9872286079182631,
    "Mood": 0.9926238145416227,
    "Voice": 0.9984193888303478,
    "Tense": 0.9936775553213909,
    "Person": 0.9908321579689704,
    "Definiteness": 0.990521327014218
  },
  "per_interval_f1": {
    "Subcategories": 0.9610680839728434,
    "Gender": 0.9834226767700769,
    "Number": 0.9910249197209939,
    "Case": 0.9753381700960976,
    "Article": 0.9943170301216456,
    "Proper Noun": 0.9941620628320357,
    "Degree": 0.9777084542493871,
    "Declension": 0.9845815703181658,
    "Mood": 0.7527539270279646,
    "Voice": 0.6626448761000643,
    "Tense": 0.9939737524238889,
    "Person": 0.9791767932604487,
    "Definiteness": 0.9902206154987023
  },
  "learning_rate": 1.8200000000000002e-05,
  "base_learning_rate": 2e-05,
  "warmup_ratio": 0.0
}