{
  "epoch": 1,
  "mode": "multilabel",
  "fold": 3,
  "eval_decoder": "greedy",
  "mbr_threshold": 0.0,
  "train_loss": 3.104606121648347,
  "val_loss": 0.7857099294662475,
  "train_composite_accuracy": 0.723241735602675,
  "train_composite_micro_f1": 0.723241735602675,
  "train_composite_macro_f1": 0.2765380826372996,
  "val_composite_accuracy": 0.9197912135711179,
  "val_composite_micro_f1": 0.9197912135711179,
  "val_composite_macro_f1": 0.633261605462134,
  "per_word_class_accuracy": {
    "Word Class Noun": 0.9959644874899112,
    "Word Class Adjective": 0.9529983792544571,
    "Word Class Pronoun": 0.990405117270789,
    "Word Class Number": 0.9358974358974359,
    "Word Class Verbs": 0.9957850368809273,
    "Word Class Participle": 0.8493975903614458,
    "Word Class Adverb": 0.9778156996587031,
    "Word Class Conjunctions": 0.9959644874899112,
    "Word Class Foreign words": 0.0,
    "Word Class Unanalyzed word": 0.0,
    "Word Class Abbreviation": 0.0,
    "Word Class Web email or address": 0.0,
    "Word Class Punctuation": 1.0,
    "Word Class Symbol": 0.0,
    "Word Class R Article": 0.95260663507109
  },
  "per_word_class_f1": {
    "Word Class Noun": 0.9885840176246745,
    "Word Class Adjective": 0.925255704169945,
    "Word Class Pronoun": 0.9846316905140435,
    "Word Class Number": 0.957377049180328,
    "Word Class Verbs": 0.9960474308300395,
    "Word Class Participle": 0.8980891719745223,
    "Word Class Adverb": 0.9824260608658381,
    "Word Class Conjunctions": 0.9911646586345382,
    "Word Class Foreign words": 0.0,
    "Word Class Unanalyzed word": 0.0,
    "Word Class Abbreviation": 0.0,
    "Word Class Web email or address": 0.0,
    "Word Class Punctuation": 0.996044825313118,
    "Word Class Symbol": 0.0,
    "Word Class R Article": 0.9370629370629371
  },
  "per_interval_accuracy": {
    "Subcategories": 0.9633204633204633,
    "Gender": 0.9511607533946561,
    "Number": 0.9806621287128713,
    "Case": 0.9441524310118266,
    "Article": 0.9878934624697336,
    "Proper Noun": 0.9887005649717514,
    "Degree": 0.9567713610266801,
    "Declension": 0.966794380587484,
    "Mood": 0.9852476290832455,
    "Voice": 0.952054794520548,
    "Tense": 0.9868282402528978,
    "Person": 0.9647390691114246,
    "Definiteness": 0.981042654028436
  },
  "per_interval_f1": {
    "Subcategories": 0.7989747343375159,
    "Gender": 0.9512864391924298,
    "Number": 0.9758980998288754,
    "Case": 0.865572533700705,
    "Article": 0.9869324473975637,
    "Proper Noun": 0.985116568007228,
    "Degree": 0.8430982153763849,
    "Declension": 0.9428760292942248,
    "Mood": 0.5859754168079422,
    "Voice": 0.32514619883040935,
    "Tense": 0.9874791359533345,
    "Person": 0.7139793543077342,
    "Definiteness": 0.9805062823355506
  },
  "learning_rate": 1.98e-05
}