{
  "epoch": 5,
  "mode": "multilabel",
  "fold": 3,
  "eval_decoder": "greedy",
  "mbr_threshold": 0.0,
  "train_loss": 0.1848348441277529,
  "val_loss": 0.25871432274580003,
  "train_composite_accuracy": 0.9751790202494428,
  "train_composite_micro_f1": 0.9751790202494428,
  "train_composite_macro_f1": 0.778704697273227,
  "val_composite_accuracy": 0.9690437182029835,
  "val_composite_micro_f1": 0.9690437182029835,
  "val_composite_macro_f1": 0.8266120369609978,
  "per_word_class_accuracy": {
    "Word Class Noun": 0.9971751412429378,
    "Word Class Adjective": 0.9740680713128039,
    "Word Class Pronoun": 0.988272921108742,
    "Word Class Number": 0.9871794871794872,
    "Word Class Verbs": 0.9968387776606955,
    "Word Class Participle": 0.9457831325301205,
    "Word Class Adverb": 0.9918941979522184,
    "Word Class Conjunctions": 0.9927360774818402,
    "Word Class Foreign words": 0.6666666666666666,
    "Word Class Unanalyzed word": 0.0,
    "Word Class Abbreviation": 0.8214285714285714,
    "Word Class Web email or address": 0.0,
    "Word Class Punctuation": 1.0,
    "Word Class Symbol": 0.6666666666666666,
    "Word Class R Article": 0.981042654028436
  },
  "per_word_class_f1": {
    "Word Class Noun": 0.9949667807529696,
    "Word Class Adjective": 0.9693548387096774,
    "Word Class Pronoun": 0.9893276414087513,
    "Word Class Number": 0.990353697749196,
    "Word Class Verbs": 0.9971014492753623,
    "Word Class Participle": 0.9573170731707317,
    "Word Class Adverb": 0.9912598593050522,
    "Word Class Conjunctions": 0.994341147938561,
    "Word Class Foreign words": 0.7857142857142856,
    "Word Class Unanalyzed word": 0.0,
    "Word Class Abbreviation": 0.8679245283018867,
    "Word Class Web email or address": 0.0,
    "Word Class Punctuation": 1.0,
    "Word Class Symbol": 0.8,
    "Word Class R Article": 0.9627906976744186
  },
  "per_interval_accuracy": {
    "Subcategories": 0.98503861003861,
    "Gender": 0.979413053000438,
    "Number": 0.9910272277227723,
    "Case": 0.9748138414367061,
    "Article": 0.9943502824858758,
    "Proper Noun": 0.9943502824858758,
    "Degree": 0.9875042215467748,
    "Declension": 0.9872286079182631,
    "Mood": 0.9873551106427819,
    "Voice": 0.9973656480505796,
    "Tense": 0.9894625922023182,
    "Person": 0.9887165021156559,
    "Definiteness": 0.990521327014218
  },
  "per_interval_f1": {
    "Subcategories": 0.9518088666891493,
    "Gender": 0.9802097077736877,
    "Number": 0.9887728524414662,
    "Case": 0.9687664302653705,
    "Article": 0.993884316052454,
    "Proper Noun": 0.9925660339838447,
    "Degree": 0.9660016683038799,
    "Declension": 0.9845815703181658,
    "Mood": 0.7470509060972568,
    "Voice": 0.6587152429383094,
    "Tense": 0.9900461500348617,
    "Person": 0.977756254686642,
    "Definiteness": 0.9902206154987023
  },
  "learning_rate": 1.9e-05
}