{
  "epoch": 6,
  "mode": "multilabel",
  "fold": 3,
  "eval_decoder": "greedy",
  "mbr_threshold": 0.0,
  "train_loss": 0.14237638779006237,
  "val_loss": 0.25035220980644224,
  "train_composite_accuracy": 0.9795974477848252,
  "train_composite_micro_f1": 0.9795974477848252,
  "train_composite_macro_f1": 0.807706869650423,
  "val_composite_accuracy": 0.9694774961200207,
  "val_composite_micro_f1": 0.9694774961200207,
  "val_composite_macro_f1": 0.8230482682483734,
  "per_word_class_accuracy": {
    "Word Class Noun": 0.9971751412429378,
    "Word Class Adjective": 0.9578606158833063,
    "Word Class Pronoun": 0.9893390191897654,
    "Word Class Number": 0.9807692307692307,
    "Word Class Verbs": 0.9978925184404637,
    "Word Class Participle": 0.9337349397590361,
    "Word Class Adverb": 0.9910409556313993,
    "Word Class Conjunctions": 0.9911218724778047,
    "Word Class Foreign words": 0.7272727272727273,
    "Word Class Unanalyzed word": 0.0,
    "Word Class Abbreviation": 0.9642857142857143,
    "Word Class Web email or address": 0.0,
    "Word Class Punctuation": 1.0,
    "Word Class Symbol": 0.6666666666666666,
    "Word Class R Article": 0.9715639810426541
  },
  "per_word_class_f1": {
    "Word Class Noun": 0.995768688293371,
    "Word Class Adjective": 0.9625407166123778,
    "Word Class Pronoun": 0.9882854100106495,
    "Word Class Number": 0.9870967741935484,
    "Word Class Verbs": 0.9973670352817272,
    "Word Class Participle": 0.9337349397590361,
    "Word Class Adverb": 0.9891420055354481,
    "Word Class Conjunctions": 0.9931257581884351,
    "Word Class Foreign words": 0.8275862068965517,
    "Word Class Unanalyzed word": 0.0,
    "Word Class Abbreviation": 0.9473684210526316,
    "Word Class Web email or address": 0.0,
    "Word Class Punctuation": 1.0,
    "Word Class Symbol": 0.8,
    "Word Class R Article": 0.9647058823529412
  },
  "per_interval_accuracy": {
    "Subcategories": 0.9856821106821106,
    "Gender": 0.9789750328515112,
    "Number": 0.9921101485148515,
    "Case": 0.9763469119579501,
    "Article": 0.9943502824858758,
    "Proper Noun": 0.9955609362389023,
    "Degree": 0.9868287740628167,
    "Declension": 0.9897828863346104,
    "Mood": 0.9899894625922023,
    "Voice": 0.9973656480505796,
    "Tense": 0.9905163329820864,
    "Person": 0.9883638928067701,
    "Definiteness": 0.990521327014218
  },
  "per_interval_f1": {
    "Subcategories": 0.9540052816798213,
    "Gender": 0.9804473976459478,
    "Number": 0.9901355160244664,
    "Case": 0.9710484987067869,
    "Article": 0.9938901925367782,
    "Proper Noun": 0.9941559849056409,
    "Degree": 0.9665558978981104,
    "Declension": 0.9871043557358249,
    "Mood": 0.7505482348447645,
    "Voice": 0.6587152429383094,
    "Tense": 0.9909645991025419,
    "Person": 0.9748715924233717,
    "Definiteness": 0.9902206154987023
  },
  "learning_rate": 1.88e-05
}