{
  "epoch": 7,
  "mode": "multilabel",
  "fold": 3,
  "eval_decoder": "greedy",
  "mbr_threshold": 0.0,
  "train_loss": 0.11994141153448967,
  "val_loss": 0.2571645796298981,
  "train_composite_accuracy": 0.9831157627295394,
  "train_composite_micro_f1": 0.9831157627295394,
  "train_composite_macro_f1": 0.8489906208962164,
  "val_composite_accuracy": 0.9696682464454977,
  "val_composite_micro_f1": 0.9696682464454975,
  "val_composite_macro_f1": 0.8416596238751004,
  "per_word_class_accuracy": {
    "Word Class Noun": 0.9971751412429378,
    "Word Class Adjective": 0.9675850891410048,
    "Word Class Pronoun": 0.9829424307036247,
    "Word Class Number": 0.9807692307692307,
    "Word Class Verbs": 0.9973656480505796,
    "Word Class Participle": 0.927710843373494,
    "Word Class Adverb": 0.9914675767918089,
    "Word Class Conjunctions": 0.9967715899919289,
    "Word Class Foreign words": 0.696969696969697,
    "Word Class Unanalyzed word": 0.0,
    "Word Class Abbreviation": 0.9642857142857143,
    "Word Class Web email or address": 0.0,
    "Word Class Punctuation": 1.0,
    "Word Class Symbol": 0.6666666666666666,
    "Word Class R Article": 0.9715639810426541
  },
  "per_word_class_f1": {
    "Word Class Noun": 0.9963709677419353,
    "Word Class Adjective": 0.9621273166800967,
    "Word Class Pronoun": 0.987152034261242,
    "Word Class Number": 0.9870967741935484,
    "Word Class Verbs": 0.9971029760337109,
    "Word Class Participle": 0.9506172839506173,
    "Word Class Adverb": 0.9904112507990623,
    "Word Class Conjunctions": 0.9947643979057592,
    "Word Class Foreign words": 0.8070175438596493,
    "Word Class Unanalyzed word": 0.0,
    "Word Class Abbreviation": 0.9473684210526316,
    "Word Class Web email or address": 0.0,
    "Word Class Punctuation": 0.9996692027786966,
    "Word Class Symbol": 0.8,
    "Word Class R Article": 0.9579439252336449
  },
  "per_interval_accuracy": {
    "Subcategories": 0.9864864864864865,
    "Gender": 0.9791940429259746,
    "Number": 0.9904084158415841,
    "Case": 0.9767849321068769,
    "Article": 0.993543179983858,
    "Proper Noun": 0.9943502824858758,
    "Degree": 0.9871664978047957,
    "Declension": 0.9897828863346104,
    "Mood": 0.9873551106427819,
    "Voice": 0.9968387776606955,
    "Tense": 0.9899894625922023,
    "Person": 0.9837799717912553,
    "Definiteness": 0.990521327014218
  },
  "per_interval_f1": {
    "Subcategories": 0.9560920261152783,
    "Gender": 0.9805097540798985,
    "Number": 0.9877727139539152,
    "Case": 0.9707552844449477,
    "Article": 0.9930106469170903,
    "Proper Noun": 0.9925660339838447,
    "Degree": 0.9739852322274778,
    "Declension": 0.990060176230389,
    "Mood": 0.6889785366065844,
    "Voice": 0.6566976792122251,
    "Tense": 0.9902624457255893,
    "Person": 0.9626414941308739,
    "Definiteness": 0.9902206154987023
  },
  "learning_rate": 1.86e-05
}