{
  "epoch": 11,
  "mode": "multilabel",
  "fold": 3,
  "eval_decoder": "greedy",
  "mbr_threshold": 0.0,
  "train_loss": 0.05602054962863959,
  "val_loss": 0.25669930726289747,
  "train_composite_accuracy": 0.9906623482394833,
  "train_composite_micro_f1": 0.9906623482394833,
  "train_composite_macro_f1": 0.9068232921301178,
  "val_composite_accuracy": 0.9723490395382892,
  "val_composite_micro_f1": 0.9723490395382892,
  "val_composite_macro_f1": 0.8533481514871644,
  "per_word_class_accuracy": {
    "Word Class Noun": 0.9971751412429378,
    "Word Class Adjective": 0.9773095623987034,
    "Word Class Pronoun": 0.988272921108742,
    "Word Class Number": 0.9871794871794872,
    "Word Class Verbs": 0.9973656480505796,
    "Word Class Participle": 0.9397590361445783,
    "Word Class Adverb": 0.9889078498293515,
    "Word Class Conjunctions": 0.9951573849878934,
    "Word Class Foreign words": 0.696969696969697,
    "Word Class Unanalyzed word": 0.0,
    "Word Class Abbreviation": 0.9642857142857143,
    "Word Class Web email or address": 0.0,
    "Word Class Punctuation": 1.0,
    "Word Class Symbol": 1.0,
    "Word Class R Article": 0.966824644549763
  },
  "per_word_class_f1": {
    "Word Class Noun": 0.9959693671906489,
    "Word Class Adjective": 0.9663461538461537,
    "Word Class Pronoun": 0.9887999999999999,
    "Word Class Number": 0.990353697749196,
    "Word Class Verbs": 0.9973656480505796,
    "Word Class Participle": 0.9512195121951219,
    "Word Class Adverb": 0.9910218041898246,
    "Word Class Conjunctions": 0.9939540507859733,
    "Word Class Foreign words": 0.8070175438596493,
    "Word Class Unanalyzed word": 0.0,
    "Word Class Abbreviation": 0.9473684210526316,
    "Word Class Web email or address": 0.0,
    "Word Class Punctuation": 1.0,
    "Word Class Symbol": 1.0,
    "Word Class R Article": 0.9622641509433962
  },
  "per_interval_accuracy": {
    "Subcategories": 0.9858429858429858,
    "Gender": 0.9846692947875603,
    "Number": 0.9913366336633663,
    "Case": 0.979413053000438,
    "Article": 0.9947538337368845,
    "Proper Noun": 0.9955609362389023,
    "Degree": 0.9888551165146909,
    "Declension": 0.9923371647509579,
    "Mood": 0.9905163329820864,
    "Voice": 0.9978925184404637,
    "Tense": 0.9910432033719705,
    "Person": 0.9887165021156559,
    "Definiteness": 0.990521327014218
  },
  "per_interval_f1": {
    "Subcategories": 0.9492714770421962,
    "Gender": 0.9854164332516053,
    "Number": 0.9893358443021022,
    "Case": 0.976761252246597,
    "Article": 0.9943252471540358,
    "Proper Noun": 0.9941681181472768,
    "Degree": 0.9774435403780676,
    "Declension": 0.9925740835515949,
    "Mood": 0.7514651462665487,
    "Voice": 0.6607113429244739,
    "Tense": 0.9914205014624119,
    "Person": 0.9779712875125406,
    "Definiteness": 0.9902206154987023
  },
  "learning_rate": 1.7800000000000002e-05
}