{
  "epoch": 8,
  "mode": "multilabel",
  "fold": 3,
  "eval_decoder": "greedy",
  "mbr_threshold": 0.0,
  "train_loss": 0.09671698896461092,
  "val_loss": 0.2519488126039505,
  "train_composite_accuracy": 0.98586251006775,
  "train_composite_micro_f1": 0.98586251006775,
  "train_composite_macro_f1": 0.859617478988766,
  "val_composite_accuracy": 0.9712217818369808,
  "val_composite_micro_f1": 0.9712217818369808,
  "val_composite_macro_f1": 0.8318930446270935,
  "per_word_class_accuracy": {
    "Word Class Noun": 0.9975786924939467,
    "Word Class Adjective": 0.9708265802269044,
    "Word Class Pronoun": 0.988272921108742,
    "Word Class Number": 0.9871794871794872,
    "Word Class Verbs": 0.9963119072708114,
    "Word Class Participle": 0.9457831325301205,
    "Word Class Adverb": 0.9893344709897611,
    "Word Class Conjunctions": 0.9959644874899112,
    "Word Class Foreign words": 0.7272727272727273,
    "Word Class Unanalyzed word": 0.0,
    "Word Class Abbreviation": 0.9642857142857143,
    "Word Class Web email or address": 0.0,
    "Word Class Punctuation": 1.0,
    "Word Class Symbol": 0.8333333333333334,
    "Word Class R Article": 0.985781990521327
  },
  "per_word_class_f1": {
    "Word Class Noun": 0.9953694382927322,
    "Word Class Adjective": 0.964573268921095,
    "Word Class Pronoun": 0.989855846235985,
    "Word Class Number": 0.990353697749196,
    "Word Class Verbs": 0.9970999209069338,
    "Word Class Participle": 0.9544072948328267,
    "Word Class Adverb": 0.9910256410256411,
    "Word Class Conjunctions": 0.9959644874899112,
    "Word Class Foreign words": 0.8135593220338984,
    "Word Class Unanalyzed word": 0.0,
    "Word Class Abbreviation": 0.9642857142857143,
    "Word Class Web email or address": 0.0,
    "Word Class Punctuation": 0.9996692027786966,
    "Word Class Symbol": 0.9090909090909091,
    "Word Class R Article": 0.9696969696969697
  },
  "per_interval_accuracy": {
    "Subcategories": 0.9871299871299871,
    "Gender": 0.9829172141918529,
    "Number": 0.9914913366336634,
    "Case": 0.9787560227770478,
    "Article": 0.9943502824858758,
    "Proper Noun": 0.9955609362389023,
    "Degree": 0.9895305639986491,
    "Declension": 0.9923371647509579,
    "Mood": 0.9889357218124342,
    "Voice": 0.9978925184404637,
    "Tense": 0.9905163329820864,
    "Person": 0.9880112834978844,
    "Definiteness": 0.990521327014218
  },
  "per_interval_f1": {
    "Subcategories": 0.951108829728656,
    "Gender": 0.9834475305078492,
    "Number": 0.9897456697054983,
    "Case": 0.974580168506616,
    "Article": 0.9938783936871156,
    "Proper Noun": 0.9941559849056409,
    "Degree": 0.975084182671802,
    "Declension": 0.9925740835515949,
    "Mood": 0.74861697366493,
    "Voice": 0.6607113429244739,
    "Tense": 0.9909566366568049,
    "Person": 0.9725645708316047,
    "Definiteness": 0.9902206154987023
  },
  "learning_rate": 1.8400000000000003e-05
}