{
  "epoch": 3,
  "mode": "multilabel",
  "fold": 3,
  "eval_decoder": "greedy",
  "mbr_threshold": 0.0,
  "train_loss": 0.38385933735224875,
  "val_loss": 0.30942889004945756,
  "train_composite_accuracy": 0.9564336083592657,
  "train_composite_micro_f1": 0.9564336083592657,
  "train_composite_macro_f1": 0.6698941692581823,
  "val_composite_accuracy": 0.9616845012081463,
  "val_composite_micro_f1": 0.9616845012081463,
  "val_composite_macro_f1": 0.7804432890946169,
  "per_word_class_accuracy": {
    "Word Class Noun": 0.9971751412429378,
    "Word Class Adjective": 0.9432739059967585,
    "Word Class Pronoun": 0.9914712153518124,
    "Word Class Number": 0.9807692307692307,
    "Word Class Verbs": 0.9973656480505796,
    "Word Class Participle": 0.9216867469879518,
    "Word Class Adverb": 0.9931740614334471,
    "Word Class Conjunctions": 0.9959644874899112,
    "Word Class Foreign words": 0.5454545454545454,
    "Word Class Unanalyzed word": 0.0,
    "Word Class Abbreviation": 0.9285714285714286,
    "Word Class Web email or address": 0.0,
    "Word Class Punctuation": 1.0,
    "Word Class Symbol": 0.0,
    "Word Class R Article": 0.966824644549763
  },
  "per_word_class_f1": {
    "Word Class Noun": 0.9955680902497985,
    "Word Class Adjective": 0.9525368248772504,
    "Word Class Pronoun": 0.9883103081827844,
    "Word Class Number": 0.9839228295819936,
    "Word Class Verbs": 0.9978914074855035,
    "Word Class Participle": 0.9473684210526316,
    "Word Class Adverb": 0.9887449564663411,
    "Word Class Conjunctions": 0.9951612903225806,
    "Word Class Foreign words": 0.6923076923076923,
    "Word Class Unanalyzed word": 0.0,
    "Word Class Abbreviation": 0.8524590163934426,
    "Word Class Web email or address": 0.0,
    "Word Class Punctuation": 0.9993386243386244,
    "Word Class Symbol": 0.0,
    "Word Class R Article": 0.9645390070921986
  },
  "per_interval_accuracy": {
    "Subcategories": 0.9847168597168597,
    "Gender": 0.9699956197985107,
    "Number": 0.9887066831683168,
    "Case": 0.9699956197985107,
    "Article": 0.9931396287328491,
    "Proper Noun": 0.9927360774818402,
    "Degree": 0.9821006416751098,
    "Declension": 0.9833971902937421,
    "Mood": 0.9868282402528978,
    "Voice": 0.9947312961011591,
    "Tense": 0.9905163329820864,
    "Person": 0.9890691114245416,
    "Definiteness": 0.990521327014218
  },
  "per_interval_f1": {
    "Subcategories": 0.8955293447900109,
    "Gender": 0.9718750295700964,
    "Number": 0.9858621233148206,
    "Case": 0.9529623488175977,
    "Article": 0.9925791693552777,
    "Proper Noun": 0.9904120389915574,
    "Degree": 0.9558658076839097,
    "Declension": 0.9807595241888946,
    "Mood": 0.5885347277754183,
    "Voice": 0.6484053243452292,
    "Tense": 0.9909620058764707,
    "Person": 0.9775868693770653,
    "Definiteness": 0.9902206154987023
  },
  "learning_rate": 1.94e-05
}