{
  "epoch": 4,
  "mode": "multilabel",
  "fold": 3,
  "eval_decoder": "greedy",
  "mbr_threshold": 0.0,
  "train_loss": 0.2555320615374539,
  "val_loss": 0.26407022029161453,
  "train_composite_accuracy": 0.9681861348528015,
  "train_composite_micro_f1": 0.9681861348528014,
  "train_composite_macro_f1": 0.7312606420445107,
  "val_composite_accuracy": 0.9664655172413793,
  "val_composite_micro_f1": 0.9664655172413793,
  "val_composite_macro_f1": 0.800777147726981,
  "per_word_class_accuracy": {
    "Word Class Noun": 0.9971751412429378,
    "Word Class Adjective": 0.9578606158833063,
    "Word Class Pronoun": 0.9925373134328358,
    "Word Class Number": 0.9743589743589743,
    "Word Class Verbs": 0.9973656480505796,
    "Word Class Participle": 0.9518072289156626,
    "Word Class Adverb": 0.9893344709897611,
    "Word Class Conjunctions": 0.9983857949959645,
    "Word Class Foreign words": 0.7878787878787878,
    "Word Class Unanalyzed word": 0.0,
    "Word Class Abbreviation": 0.9642857142857143,
    "Word Class Web email or address": 0.0,
    "Word Class Punctuation": 1.0,
    "Word Class Symbol": 0.6666666666666666,
    "Word Class R Article": 0.9620853080568721
  },
  "per_word_class_f1": {
    "Word Class Noun": 0.995768688293371,
    "Word Class Adjective": 0.9617575264442635,
    "Word Class Pronoun": 0.9888475836431226,
    "Word Class Number": 0.9870129870129869,
    "Word Class Verbs": 0.9971029760337109,
    "Word Class Participle": 0.9489489489489489,
    "Word Class Adverb": 0.9914493373236426,
    "Word Class Conjunctions": 0.9951729686242959,
    "Word Class Foreign words": 0.8666666666666665,
    "Word Class Unanalyzed word": 0.0,
    "Word Class Abbreviation": 0.9473684210526316,
    "Word Class Web email or address": 0.0,
    "Word Class Punctuation": 1.0,
    "Word Class Symbol": 0.8,
    "Word Class R Article": 0.9552941176470588
  },
  "per_interval_accuracy": {
    "Subcategories": 0.9851994851994852,
    "Gender": 0.977879982479194,
    "Number": 0.9900990099009901,
    "Case": 0.9728427507665353,
    "Article": 0.993543179983858,
    "Proper Noun": 0.993543179983858,
    "Degree": 0.9851401553529213,
    "Declension": 0.9821200510855683,
    "Mood": 0.9894625922023182,
    "Voice": 0.9973656480505796,
    "Tense": 0.9915700737618546,
    "Person": 0.9897743300423131,
    "Definiteness": 0.990521327014218
  },
  "per_interval_f1": {
    "Subcategories": 0.9361229126144557,
    "Gender": 0.9788676773673376,
    "Number": 0.988117771671411,
    "Case": 0.966054004814487,
    "Article": 0.9930207013096747,
    "Proper Noun": 0.9914951817184161,
    "Degree": 0.9613017356340727,
    "Declension": 0.9794752127200188,
    "Mood": 0.7495985948063423,
    "Voice": 0.6586303767154832,
    "Tense": 0.9918839693491283,
    "Person": 0.9769005458372628,
    "Definiteness": 0.9902206154987023
  },
  "learning_rate": 1.9200000000000003e-05
}