{
  "epoch": 2,
  "mode": "multilabel",
  "fold": 3,
  "eval_decoder": "greedy",
  "mbr_threshold": 0.0,
  "train_loss": 0.6705629641659222,
  "val_loss": 0.41357918083667755,
  "train_composite_accuracy": 0.9294419254242476,
  "train_composite_micro_f1": 0.9294419254242476,
  "train_composite_macro_f1": 0.5580591039390934,
  "val_composite_accuracy": 0.9523891817160632,
  "val_composite_micro_f1": 0.9523891817160632,
  "val_composite_macro_f1": 0.7389288489718997,
  "per_word_class_accuracy": {
    "Word Class Noun": 0.9963680387409201,
    "Word Class Adjective": 0.940032414910859,
    "Word Class Pronoun": 0.9893390191897654,
    "Word Class Number": 0.9294871794871795,
    "Word Class Verbs": 0.9984193888303478,
    "Word Class Participle": 0.927710843373494,
    "Word Class Adverb": 0.9842150170648464,
    "Word Class Conjunctions": 0.9991928974979822,
    "Word Class Foreign words": 0.30303030303030304,
    "Word Class Unanalyzed word": 0.0,
    "Word Class Abbreviation": 0.75,
    "Word Class Web email or address": 0.0,
    "Word Class Punctuation": 1.0,
    "Word Class Symbol": 0.0,
    "Word Class R Article": 0.9715639810426541
  },
  "per_word_class_f1": {
    "Word Class Noun": 0.9921639541892706,
    "Word Class Adjective": 0.9453952730236348,
    "Word Class Pronoun": 0.9861849096705633,
    "Word Class Number": 0.9634551495016611,
    "Word Class Verbs": 0.9968437664387164,
    "Word Class Participle": 0.924924924924925,
    "Word Class Adverb": 0.9875856164383563,
    "Word Class Conjunctions": 0.9931809065383073,
    "Word Class Foreign words": 0.45454545454545453,
    "Word Class Unanalyzed word": 0.0,
    "Word Class Abbreviation": 0.7636363636363638,
    "Word Class Web email or address": 0.0,
    "Word Class Punctuation": 0.9990082644628099,
    "Word Class Symbol": 0.0,
    "Word Class R Article": 0.944700460829493
  },
  "per_interval_accuracy": {
    "Subcategories": 0.9781209781209781,
    "Gender": 0.9667104686815593,
    "Number": 0.9870049504950495,
    "Case": 0.9673674989049497,
    "Article": 0.9927360774818402,
    "Proper Noun": 0.9903147699757869,
    "Degree": 0.9790611279972982,
    "Declension": 0.979565772669221,
    "Mood": 0.9899894625922023,
    "Voice": 0.9863013698630136,
    "Tense": 0.9920969441517387,
    "Person": 0.9837799717912553,
    "Definiteness": 0.990521327014218
  },
  "per_interval_f1": {
    "Subcategories": 0.8839461203984561,
    "Gender": 0.9679501550798804,
    "Number": 0.9842594991928985,
    "Case": 0.9511315583363288,
    "Article": 0.9921520300490472,
    "Proper Noun": 0.9872160519887432,
    "Degree": 0.9543670662882162,
    "Declension": 0.9738811804675193,
    "Mood": 0.5908530096478246,
    "Voice": 0.6105222734254993,
    "Tense": 0.9925876178308539,
    "Person": 0.9363062603943547,
    "Definiteness": 0.9902206154987023
  },
  "learning_rate": 1.9600000000000002e-05
}