{
  "epoch": 12,
  "mode": "multilabel",
  "fold": 3,
  "eval_decoder": "greedy",
  "mbr_threshold": 0.0,
  "train_loss": 0.04641475153441664,
  "val_loss": 0.2764547824859619,
  "train_composite_accuracy": 0.9922929803631957,
  "train_composite_micro_f1": 0.9922929803631957,
  "train_composite_macro_f1": 0.9281545952563445,
  "val_composite_accuracy": 0.9720930232558139,
  "val_composite_micro_f1": 0.9720930232558139,
  "val_composite_macro_f1": 0.8564966972285794,
  "per_word_class_accuracy": {
    "Word Class Noun": 0.9975786924939467,
    "Word Class Adjective": 0.9692058346839546,
    "Word Class Pronoun": 0.9829424307036247,
    "Word Class Number": 0.9807692307692307,
    "Word Class Verbs": 0.9957850368809273,
    "Word Class Participle": 0.9397590361445783,
    "Word Class Adverb": 0.9906143344709898,
    "Word Class Conjunctions": 0.9919289749798225,
    "Word Class Foreign words": 0.696969696969697,
    "Word Class Unanalyzed word": 0.0,
    "Word Class Abbreviation": 1.0,
    "Word Class Web email or address": 0.0,
    "Word Class Punctuation": 1.0,
    "Word Class Symbol": 1.0,
    "Word Class R Article": 0.985781990521327
  },
  "per_word_class_f1": {
    "Word Class Noun": 0.9963724304715841,
    "Word Class Adjective": 0.9606425702811244,
    "Word Class Pronoun": 0.9882100750267953,
    "Word Class Number": 0.9870967741935484,
    "Word Class Verbs": 0.996309963099631,
    "Word Class Participle": 0.9397590361445783,
    "Word Class Adverb": 0.9899808143253037,
    "Word Class Conjunctions": 0.9931313131313131,
    "Word Class Foreign words": 0.8070175438596493,
    "Word Class Unanalyzed word": 0.0,
    "Word Class Abbreviation": 0.9824561403508771,
    "Word Class Web email or address": 0.0,
    "Word Class Punctuation": 1.0,
    "Word Class Symbol": 1.0,
    "Word Class R Article": 0.9719626168224299
  },
  "per_interval_accuracy": {
    "Subcategories": 0.9868082368082368,
    "Gender": 0.9826982041173894,
    "Number": 0.9919554455445545,
    "Case": 0.9789750328515112,
    "Article": 0.9947538337368845,
    "Proper Noun": 0.9967715899919289,
    "Degree": 0.9895305639986491,
    "Declension": 0.9910600255427842,
    "Mood": 0.9899894625922023,
    "Voice": 0.9978925184404637,
    "Tense": 0.9905163329820864,
    "Person": 0.9858956276445698,
    "Definiteness": 0.990521327014218
  },
  "per_interval_f1": {
    "Subcategories": 0.9575665055619281,
    "Gender": 0.9839395040663385,
    "Number": 0.9899779012721949,
    "Case": 0.9766505876328452,
    "Article": 0.9943225187896712,
    "Proper Noun": 0.9957520194193398,
    "Degree": 0.9767934547469984,
    "Declension": 0.9913531559728743,
    "Mood": 0.7492701940202939,
    "Voice": 0.6607113429244739,
    "Tense": 0.9909512326169737,
    "Person": 0.9719393988620582,
    "Definiteness": 0.9902206154987023
  },
  "learning_rate": 1.76e-05
}