{
  "epoch": 10,
  "mode": "multilabel",
  "fold": 3,
  "eval_decoder": "greedy",
  "mbr_threshold": 0.0,
  "train_loss": 0.06751291670604695,
  "val_loss": 0.26324196755886076,
  "train_composite_accuracy": 0.9893265396963699,
  "train_composite_micro_f1": 0.98932653969637,
  "train_composite_macro_f1": 0.8822808084762742,
  "val_composite_accuracy": 0.9734620024125452,
  "val_composite_micro_f1": 0.9734620024125452,
  "val_composite_macro_f1": 0.8640799617257542,
  "per_word_class_accuracy": {
    "Word Class Noun": 0.9975786924939467,
    "Word Class Adjective": 0.9562398703403565,
    "Word Class Pronoun": 0.9861407249466951,
    "Word Class Number": 0.9871794871794872,
    "Word Class Verbs": 0.9978925184404637,
    "Word Class Participle": 0.9518072289156626,
    "Word Class Adverb": 0.9914675767918089,
    "Word Class Conjunctions": 0.9967715899919289,
    "Word Class Foreign words": 0.7272727272727273,
    "Word Class Unanalyzed word": 0.0,
    "Word Class Abbreviation": 0.9642857142857143,
    "Word Class Web email or address": 0.0,
    "Word Class Punctuation": 1.0,
    "Word Class Symbol": 1.0,
    "Word Class R Article": 0.981042654028436
  },
  "per_word_class_f1": {
    "Word Class Noun": 0.9963724304715841,
    "Word Class Adjective": 0.9624796084828711,
    "Word Class Pronoun": 0.9898341359015517,
    "Word Class Number": 0.990353697749196,
    "Word Class Verbs": 0.9978925184404637,
    "Word Class Participle": 0.9575757575757576,
    "Word Class Adverb": 0.9895678092399404,
    "Word Class Conjunctions": 0.9943639291465379,
    "Word Class Foreign words": 0.8275862068965517,
    "Word Class Unanalyzed word": 0.0,
    "Word Class Abbreviation": 0.9473684210526316,
    "Word Class Web email or address": 0.0,
    "Word Class Punctuation": 1.0,
    "Word Class Symbol": 1.0,
    "Word Class R Article": 0.9695550351288057
  },
  "per_interval_accuracy": {
    "Subcategories": 0.9866473616473617,
    "Gender": 0.9807271134472185,
    "Number": 0.9919554455445545,
    "Case": 0.9789750328515112,
    "Article": 0.9939467312348669,
    "Proper Noun": 0.9955609362389023,
    "Degree": 0.9881796690307328,
    "Declension": 0.9885057471264368,
    "Mood": 0.9920969441517387,
    "Voice": 0.9978925184404637,
    "Tense": 0.9936775553213909,
    "Person": 0.9901269393511989,
    "Definiteness": 0.990521327014218
  },
  "per_interval_f1": {
    "Subcategories": 0.9594624291177222,
    "Gender": 0.9815734290483393,
    "Number": 0.9899180735379988,
    "Case": 0.9733627786445723,
    "Article": 0.9934522082546567,
    "Proper Noun": 0.9941620628320357,
    "Degree": 0.976744125152288,
    "Declension": 0.9858835403480969,
    "Mood": 0.7530569742324178,
    "Voice": 0.6607113429244739,
    "Tense": 0.9942131746610589,
    "Person": 0.9826439325236587,
    "Definiteness": 0.9902206154987023
  },
  "learning_rate": 1.8e-05
}