{
  "model": "tnt",
  "fold": 9,
  "ood_data_path": "data/OOD-BRAGD.json",
  "num_sentences": 500,
  "composite_accuracy": 0.7479983576267707,
  "composite_micro_f1": 0.8980773970914467,
  "composite_macro_f1": 0.6222582181282805,
  "word_class_accuracy": 0.9789253142716293,
  "word_class_macro_f1": 0.8928160231771977,
  "per_word_class_accuracy": {
    "Word Class Noun": 0.9908409658617818,
    "Word Class Adjective": 0.9123222748815166,
    "Word Class Pronoun": 0.9761570827489481,
    "Word Class Number": 0.9859154929577465,
    "Word Class Verbs": 0.9898039215686274,
    "Word Class Participle": 0.8514851485148515,
    "Word Class Adverb": 0.9735955056179775,
    "Word Class Conjunctions": 0.9872881355932204,
    "Word Class Foreign words": 0.0,
    "Word Class Unanalyzed word": 0.0,
    "Word Class Abbreviation": 1.0,
    "Word Class Web email or address": 0.0,
    "Word Class Punctuation": 1.0,
    "Word Class Symbol": 1.0,
    "Word Class R Article": 0.8924050632911392
  },
  "per_word_class_f1": {
    "Word Class Noun": 0.9900166389351082,
    "Word Class Adjective": 0.9333333333333333,
    "Word Class Pronoun": 0.9734265734265733,
    "Word Class Number": 0.9893992932862191,
    "Word Class Verbs": 0.9840155945419103,
    "Word Class Participle": 0.8775510204081632,
    "Word Class Adverb": 0.9755136504362512,
    "Word Class Conjunctions": 0.9795060430898582,
    "Word Class Foreign words": 0.0,
    "Word Class Unanalyzed word": 0.0,
    "Word Class Abbreviation": 1.0,
    "Word Class Web email or address": 0.0,
    "Word Class Punctuation": 1.0,
    "Word Class Symbol": 1.0,
    "Word Class R Article": 0.9038461538461539
  }
}