{
  "model": "tnt",
  "fold": 9,
  "val_composite_accuracy": 0.8462671054910792,
  "val_composite_micro_f1": 0.9223145176515009,
  "val_composite_macro_f1": 0.6955656437362232,
  "per_word_class_accuracy": {
    "Word Class Noun": 0.9985126425384234,
    "Word Class Adjective": 0.9370786516853933,
    "Word Class Pronoun": 0.9601769911504425,
    "Word Class Number": 0.9758064516129032,
    "Word Class Verbs": 0.9908623643632211,
    "Word Class Participle": 0.8263888888888888,
    "Word Class Adverb": 0.9816593886462882,
    "Word Class Conjunctions": 0.9874686716791979,
    "Word Class Foreign words": 0.7857142857142857,
    "Word Class Unanalyzed word": 0.0,
    "Word Class Abbreviation": 0.9523809523809523,
    "Word Class Web email or address": 0.0,
    "Word Class Punctuation": 1.0,
    "Word Class Symbol": 1.0,
    "Word Class R Article": 0.9086021505376344
  },
  "per_word_class_f1": {
    "Word Class Noun": 0.9967829745112595,
    "Word Class Adjective": 0.9434389140271493,
    "Word Class Pronoun": 0.9665924276169265,
    "Word Class Number": 0.983739837398374,
    "Word Class Verbs": 0.9863558840250142,
    "Word Class Participle": 0.8717948717948718,
    "Word Class Adverb": 0.981016801221907,
    "Word Class Conjunctions": 0.986232790988736,
    "Word Class Foreign words": 0.88,
    "Word Class Unanalyzed word": 0.0,
    "Word Class Abbreviation": 0.975609756097561,
    "Word Class Web email or address": 0.0,
    "Word Class Punctuation": 1.0,
    "Word Class Symbol": 1.0,
    "Word Class R Article": 0.8848167539267016
  },
  "per_interval_accuracy": {
    "Subcategories": 0.9635338969003813,
    "Gender": 0.9465968586387434,
    "Number": 0.9675103213067672,
    "Case": 0.8981675392670158,
    "Article": 0.9975210708973723,
    "Proper Noun": 0.9876053544868617,
    "Degree": 0.9787934186471664,
    "Declension": 0.9066213921901528,
    "Mood": 0.9680182752712736,
    "Voice": 0.9908623643632211,
    "Tense": 0.9680182752712736,
    "Person": 0.9593220338983051,
    "Definiteness": 0.9086021505376344
  },
  "per_interval_f1": {
    "Subcategories": 0.8979169167402578,
    "Gender": 0.7661580415431452,
    "Number": 0.721049768700744,
    "Case": 0.7748067933662631,
    "Article": 0.6655524845655222,
    "Proper Noun": 0.6578034759678772,
    "Degree": 0.7844016648857419,
    "Declension": 0.7189720332577476,
    "Mood": 0.7072682414857209,
    "Voice": 0.6650859513930053,
    "Tense": 0.7294990248524429,
    "Person": 0.7460144858390473,
    "Definiteness": 0.6218171296296297
  }
}