{
  "epoch": 6,
  "mode": "multilabel",
  "fold": 6,
  "eval_decoder": "greedy",
  "mbr_threshold": 0.0,
  "train_loss": 0.08460216010680756,
  "val_loss": 0.22750656306743622,
  "train_composite_accuracy": 0.9835866030164134,
  "train_composite_micro_f1": 0.9835866030164134,
  "train_composite_macro_f1": 0.8584207384929216,
  "val_composite_accuracy": 0.9709205716184779,
  "val_composite_micro_f1": 0.9709205716184779,
  "val_composite_macro_f1": 0.8640715592294701,
  "per_word_class_accuracy": {
    "Word Class Noun": 0.9973900074571216,
    "Word Class Adjective": 0.9614147909967846,
    "Word Class Pronoun": 0.9691991786447639,
    "Word Class Number": 0.987012987012987,
    "Word Class Verbs": 0.998960498960499,
    "Word Class Participle": 0.9428571428571428,
    "Word Class Adverb": 0.9868810833685993,
    "Word Class Conjunctions": 0.9945652173913043,
    "Word Class Foreign words": 0.5384615384615384,
    "Word Class Unanalyzed word": 0.0,
    "Word Class Abbreviation": 1.0,
    "Word Class Web email or address": 0.0,
    "Word Class Punctuation": 1.0,
    "Word Class Symbol": 0.6666666666666666,
    "Word Class R Article": 0.9952153110047847
  },
  "per_word_class_f1": {
    "Word Class Noun": 0.9960901135728915,
    "Word Class Adjective": 0.9583333333333334,
    "Word Class Pronoun": 0.9787454639709695,
    "Word Class Number": 0.990228013029316,
    "Word Class Verbs": 0.9974052932018682,
    "Word Class Participle": 0.9537572254335259,
    "Word Class Adverb": 0.9893932965634281,
    "Word Class Conjunctions": 0.9926385122045718,
    "Word Class Foreign words": 0.6363636363636364,
    "Word Class Unanalyzed word": 0.0,
    "Word Class Abbreviation": 1.0,
    "Word Class Web email or address": 0.0,
    "Word Class Punctuation": 1.0,
    "Word Class Symbol": 0.8,
    "Word Class R Article": 0.9519450800915331
  },
  "per_interval_accuracy": {
    "Subcategories": 0.9828607042692428,
    "Gender": 0.9779900332225914,
    "Number": 0.9913946587537092,
    "Case": 0.9802740863787376,
    "Article": 0.9955257270693513,
    "Proper Noun": 0.994034302759135,
    "Degree": 0.9896147403685092,
    "Declension": 0.9912170639899623,
    "Mood": 0.9958419958419958,
    "Voice": 1.0,
    "Tense": 0.9958419958419958,
    "Person": 0.9855072463768116,
    "Definiteness": 1.0
  },
  "per_interval_f1": {
    "Subcategories": 0.9654859417421496,
    "Gender": 0.9798430090873875,
    "Number": 0.9893256363384534,
    "Case": 0.9742469038483762,
    "Article": 0.9949607936468172,
    "Proper Noun": 0.9925033803968428,
    "Degree": 0.9823333087780963,
    "Declension": 0.9884700049235199,
    "Mood": 0.9459951633037824,
    "Voice": 1.0,
    "Tense": 0.9957927723294975,
    "Person": 0.9735039003586677,
    "Definiteness": 1.0
  },
  "learning_rate": 1.88e-05
}