{
  "epoch": 5,
  "mode": "multilabel",
  "fold": 6,
  "eval_decoder": "greedy",
  "mbr_threshold": 0.0,
  "train_loss": 0.1047034587553842,
  "val_loss": 0.21363068670034407,
  "train_composite_accuracy": 0.980388240553162,
  "train_composite_micro_f1": 0.980388240553162,
  "train_composite_macro_f1": 0.8258473106406894,
  "val_composite_accuracy": 0.9714879467996675,
  "val_composite_micro_f1": 0.9714879467996675,
  "val_composite_macro_f1": 0.8888813076152241,
  "per_word_class_accuracy": {
    "Word Class Noun": 0.9962714392244594,
    "Word Class Adjective": 0.9694533762057878,
    "Word Class Pronoun": 0.9825462012320328,
    "Word Class Number": 0.987012987012987,
    "Word Class Verbs": 0.9984407484407485,
    "Word Class Participle": 0.9657142857142857,
    "Word Class Adverb": 0.9902666102412188,
    "Word Class Conjunctions": 0.9930124223602484,
    "Word Class Foreign words": 0.6153846153846154,
    "Word Class Unanalyzed word": 0.0,
    "Word Class Abbreviation": 1.0,
    "Word Class Web email or address": 0.0,
    "Word Class Punctuation": 1.0,
    "Word Class Symbol": 0.6666666666666666,
    "Word Class R Article": 0.9856459330143541
  },
  "per_word_class_f1": {
    "Word Class Noun": 0.9960857409133271,
    "Word Class Adjective": 0.9640287769784174,
    "Word Class Pronoun": 0.9850746268656716,
    "Word Class Number": 0.990228013029316,
    "Word Class Verbs": 0.998181345804105,
    "Word Class Participle": 0.9602272727272727,
    "Word Class Adverb": 0.9913153992798136,
    "Word Class Conjunctions": 0.9937839937839937,
    "Word Class Foreign words": 0.7272727272727274,
    "Word Class Unanalyzed word": 0.0,
    "Word Class Abbreviation": 1.0,
    "Word Class Web email or address": 0.0,
    "Word Class Punctuation": 1.0,
    "Word Class Symbol": 0.8,
    "Word Class R Article": 0.9694117647058824
  },
  "per_interval_accuracy": {
    "Subcategories": 0.9856653162979121,
    "Gender": 0.9781976744186046,
    "Number": 0.9897626112759644,
    "Case": 0.9800664451827242,
    "Article": 0.9944071588366891,
    "Proper Noun": 0.9921700223713646,
    "Degree": 0.9902847571189279,
    "Declension": 0.9912170639899623,
    "Mood": 0.9927234927234927,
    "Voice": 1.0,
    "Tense": 0.9922037422037422,
    "Person": 0.9879227053140096,
    "Definiteness": 0.9952153110047847
  },
  "per_interval_f1": {
    "Subcategories": 0.9797077493237162,
    "Gender": 0.9790078215325697,
    "Number": 0.9871431786099558,
    "Case": 0.9750429250031439,
    "Article": 0.9936992192388225,
    "Proper Noun": 0.9901648499118936,
    "Degree": 0.9783551845765049,
    "Declension": 0.9853873891688316,
    "Mood": 0.9427023315529094,
    "Voice": 1.0,
    "Tense": 0.9927995391478645,
    "Person": 0.9782541705519672,
    "Definiteness": 0.9941842669115397
  },
  "learning_rate": 1.9e-05
}