{
  "epoch": 9,
  "mode": "multilabel",
  "fold": 6,
  "eval_decoder": "greedy",
  "mbr_threshold": 0.0,
  "train_loss": 0.047195988182612905,
  "val_loss": 0.23380921483039857,
  "train_composite_accuracy": 0.9902385704780914,
  "train_composite_micro_f1": 0.9902385704780914,
  "train_composite_macro_f1": 0.9102556197567747,
  "val_composite_accuracy": 0.9745657052614081,
  "val_composite_micro_f1": 0.9745657052614081,
  "val_composite_macro_f1": 0.9084307038954701,
  "per_word_class_accuracy": {
    "Word Class Noun": 0.9955257270693513,
    "Word Class Adjective": 0.9581993569131833,
    "Word Class Pronoun": 0.9794661190965093,
    "Word Class Number": 0.974025974025974,
    "Word Class Verbs": 0.9994802494802495,
    "Word Class Participle": 0.96,
    "Word Class Adverb": 0.9906898011002963,
    "Word Class Conjunctions": 0.9953416149068323,
    "Word Class Foreign words": 0.5384615384615384,
    "Word Class Unanalyzed word": 0.0,
    "Word Class Abbreviation": 1.0,
    "Word Class Web email or address": 0.0,
    "Word Class Punctuation": 1.0,
    "Word Class Symbol": 0.6666666666666666,
    "Word Class R Article": 0.9856459330143541
  },
  "per_word_class_f1": {
    "Word Class Noun": 0.9953401677539608,
    "Word Class Adjective": 0.9628432956381261,
    "Word Class Pronoun": 0.9829984544049459,
    "Word Class Number": 0.9803921568627451,
    "Word Class Verbs": 0.9981832338437581,
    "Word Class Participle": 0.96,
    "Word Class Adverb": 0.990899470899471,
    "Word Class Conjunctions": 0.9945694336695112,
    "Word Class Foreign words": 0.6363636363636364,
    "Word Class Unanalyzed word": 0.0,
    "Word Class Abbreviation": 1.0,
    "Word Class Web email or address": 0.0,
    "Word Class Punctuation": 1.0,
    "Word Class Symbol": 0.8,
    "Word Class R Article": 0.9559164733178654
  },
  "per_interval_accuracy": {
    "Subcategories": 0.9859769398566531,
    "Gender": 0.9815199335548173,
    "Number": 0.9906528189910979,
    "Case": 0.9804817275747508,
    "Article": 0.9947800149142431,
    "Proper Noun": 0.9917971662938105,
    "Degree": 0.9886097152428811,
    "Declension": 0.986198243412798,
    "Mood": 0.9958419958419958,
    "Voice": 0.9994802494802495,
    "Tense": 0.9968814968814969,
    "Person": 0.9886128364389234,
    "Definiteness": 0.9952153110047847
  },
  "per_interval_f1": {
    "Subcategories": 0.9817325877895035,
    "Gender": 0.9822459451076525,
    "Number": 0.9884421958617718,
    "Case": 0.9756494284569619,
    "Article": 0.9941242268760755,
    "Proper Noun": 0.9896834033648708,
    "Degree": 0.985101413959282,
    "Declension": 0.973503997448386,
    "Mood": 0.9469655232155232,
    "Voice": 0.9962680704721745,
    "Tense": 0.99721521071115,
    "Person": 0.9792828654315772,
    "Definiteness": 0.9941842669115397
  },
  "learning_rate": 1.8200000000000002e-05
}