{
  "epoch": 1,
  "mode": "multilabel",
  "fold": 6,
  "eval_decoder": "greedy",
  "mbr_threshold": 0.0,
  "train_loss": 1.3519670007183735,
  "val_loss": 0.42049688696861265,
  "train_composite_accuracy": 0.8371781945955659,
  "train_composite_micro_f1": 0.8371781945955659,
  "train_composite_macro_f1": 0.426792848600075,
  "val_composite_accuracy": 0.9462275948311797,
  "val_composite_micro_f1": 0.9462275948311797,
  "val_composite_macro_f1": 0.7181785889775821,
  "per_word_class_accuracy": {
    "Word Class Noun": 0.9925428784489188,
    "Word Class Adjective": 0.9405144694533762,
    "Word Class Pronoun": 0.9763860369609856,
    "Word Class Number": 0.948051948051948,
    "Word Class Verbs": 0.998960498960499,
    "Word Class Participle": 0.9428571428571428,
    "Word Class Adverb": 0.9868810833685993,
    "Word Class Conjunctions": 0.9899068322981367,
    "Word Class Foreign words": 0.0,
    "Word Class Unanalyzed word": 0.0,
    "Word Class Abbreviation": 0.4166666666666667,
    "Word Class Web email or address": 0.0,
    "Word Class Punctuation": 1.0,
    "Word Class Symbol": 0.0,
    "Word Class R Article": 0.9808612440191388
  },
  "per_word_class_f1": {
    "Word Class Noun": 0.9897750511247443,
    "Word Class Adjective": 0.9466019417475728,
    "Word Class Pronoun": 0.9773895169578621,
    "Word Class Number": 0.9668874172185431,
    "Word Class Verbs": 0.9950815428423505,
    "Word Class Participle": 0.9401709401709402,
    "Word Class Adverb": 0.9850052798310454,
    "Word Class Conjunctions": 0.9914463452566097,
    "Word Class Foreign words": 0.0,
    "Word Class Unanalyzed word": 0.0,
    "Word Class Abbreviation": 0.5882352941176471,
    "Word Class Web email or address": 0.0,
    "Word Class Punctuation": 0.9996881821016527,
    "Word Class Symbol": 0.0,
    "Word Class R Article": 0.9447004608294931
  },
  "per_interval_accuracy": {
    "Subcategories": 0.9705515736989716,
    "Gender": 0.9528654485049833,
    "Number": 0.983679525222552,
    "Case": 0.958264119601329,
    "Article": 0.9906785980611484,
    "Proper Noun": 0.9865771812080537,
    "Degree": 0.978894472361809,
    "Declension": 0.9836888331242158,
    "Mood": 0.9937629937629938,
    "Voice": 0.9932432432432432,
    "Tense": 0.9968814968814969,
    "Person": 0.9851621808143547,
    "Definiteness": 1.0
  },
  "per_interval_f1": {
    "Subcategories": 0.8741472348661153,
    "Gender": 0.9546192626838654,
    "Number": 0.9798567468823953,
    "Case": 0.9440906713868447,
    "Article": 0.989516352847823,
    "Proper Noun": 0.9832592629581544,
    "Degree": 0.9266635323133786,
    "Declension": 0.9754976751044936,
    "Mood": 0.7433116858916016,
    "Voice": 0.9470720553910874,
    "Tense": 0.996966996288335,
    "Person": 0.9616757158805369,
    "Definiteness": 1.0
  },
  "learning_rate": 1.98e-05
}