{
  "epoch": 8,
  "mode": "multilabel",
  "fold": 6,
  "eval_decoder": "greedy",
  "mbr_threshold": 0.0,
  "train_loss": 0.05655442484623307,
  "val_loss": 0.21680212020874023,
  "train_composite_accuracy": 0.9884581011960222,
  "train_composite_micro_f1": 0.9884581011960222,
  "train_composite_macro_f1": 0.8850277171816568,
  "val_composite_accuracy": 0.9729235880398671,
  "val_composite_micro_f1": 0.9729235880398671,
  "val_composite_macro_f1": 0.8950283327171452,
  "per_word_class_accuracy": {
    "Word Class Noun": 0.9944071588366891,
    "Word Class Adjective": 0.9742765273311897,
    "Word Class Pronoun": 0.9815195071868583,
    "Word Class Number": 0.987012987012987,
    "Word Class Verbs": 0.997920997920998,
    "Word Class Participle": 0.9542857142857143,
    "Word Class Adverb": 0.9881506559458316,
    "Word Class Conjunctions": 0.9953416149068323,
    "Word Class Foreign words": 0.6153846153846154,
    "Word Class Unanalyzed word": 0.0,
    "Word Class Abbreviation": 1.0,
    "Word Class Web email or address": 0.0,
    "Word Class Punctuation": 1.0,
    "Word Class Symbol": 0.6666666666666666,
    "Word Class R Article": 0.9856459330143541
  },
  "per_word_class_f1": {
    "Word Class Noun": 0.9955207166853304,
    "Word Class Adjective": 0.9642004773269689,
    "Word Class Pronoun": 0.9835390946502058,
    "Word Class Number": 0.987012987012987,
    "Word Class Verbs": 0.9981804003119314,
    "Word Class Participle": 0.9597701149425287,
    "Word Class Adverb": 0.9904559915164369,
    "Word Class Conjunctions": 0.9934134056567222,
    "Word Class Foreign words": 0.6956521739130435,
    "Word Class Unanalyzed word": 0.0,
    "Word Class Abbreviation": 1.0,
    "Word Class Web email or address": 0.0,
    "Word Class Punctuation": 1.0,
    "Word Class Symbol": 0.8,
    "Word Class R Article": 0.9626168224299065
  },
  "per_interval_accuracy": {
    "Subcategories": 0.9858211280772826,
    "Gender": 0.9821428571428571,
    "Number": 0.9918397626112759,
    "Case": 0.9806893687707641,
    "Article": 0.9925428784489188,
    "Proper Noun": 0.9910514541387024,
    "Degree": 0.9886097152428811,
    "Declension": 0.9949811794228356,
    "Mood": 0.9953222453222453,
    "Voice": 1.0,
    "Tense": 0.9974012474012474,
    "Person": 0.989648033126294,
    "Definiteness": 0.9952153110047847
  },
  "per_interval_f1": {
    "Subcategories": 0.9764642652980596,
    "Gender": 0.9831610001213127,
    "Number": 0.9905357302059453,
    "Case": 0.978732963106548,
    "Article": 0.9916107382550335,
    "Proper Noun": 0.9888116438999055,
    "Degree": 0.9815872380257227,
    "Declension": 0.9923989152694349,
    "Mood": 0.9456044591499625,
    "Voice": 1.0,
    "Tense": 0.9976760336534367,
    "Person": 0.9800589394286576,
    "Definiteness": 0.9941842669115397
  },
  "learning_rate": 1.8400000000000003e-05
}