{
  "epoch": 11,
  "mode": "multilabel",
  "fold": 6,
  "eval_decoder": "greedy",
  "mbr_threshold": 0.0,
  "train_loss": 0.035759371540643375,
  "val_loss": 0.2298080265522003,
  "train_composite_accuracy": 0.9926624339428962,
  "train_composite_micro_f1": 0.9926624339428962,
  "train_composite_macro_f1": 0.9375664587656917,
  "val_composite_accuracy": 0.9744953061394035,
  "val_composite_micro_f1": 0.9744953061394035,
  "val_composite_macro_f1": 0.8938533892384275,
  "per_word_class_accuracy": {
    "Word Class Noun": 0.9955257270693513,
    "Word Class Adjective": 0.9678456591639871,
    "Word Class Pronoun": 0.9825462012320328,
    "Word Class Number": 0.9805194805194806,
    "Word Class Verbs": 0.9984407484407485,
    "Word Class Participle": 0.9714285714285714,
    "Word Class Adverb": 0.9877274650867541,
    "Word Class Conjunctions": 0.9968944099378882,
    "Word Class Foreign words": 0.6153846153846154,
    "Word Class Unanalyzed word": 0.0,
    "Word Class Abbreviation": 1.0,
    "Word Class Web email or address": 0.0,
    "Word Class Punctuation": 1.0,
    "Word Class Symbol": 0.6666666666666666,
    "Word Class R Article": 0.9952153110047847
  },
  "per_word_class_f1": {
    "Word Class Noun": 0.9958970533383066,
    "Word Class Adjective": 0.9655172413793104,
    "Word Class Pronoun": 0.9850746268656716,
    "Word Class Number": 0.9837133550488599,
    "Word Class Verbs": 0.9984407484407485,
    "Word Class Participle": 0.9659090909090909,
    "Word Class Adverb": 0.9906621392190152,
    "Word Class Conjunctions": 0.9941927990708479,
    "Word Class Foreign words": 0.6956521739130435,
    "Word Class Unanalyzed word": 0.0,
    "Word Class Abbreviation": 1.0,
    "Word Class Web email or address": 0.0,
    "Word Class Punctuation": 1.0,
    "Word Class Symbol": 0.8,
    "Word Class R Article": 0.962962962962963
  },
  "per_interval_accuracy": {
    "Subcategories": 0.9859769398566531,
    "Gender": 0.9833887043189369,
    "Number": 0.9915430267062314,
    "Case": 0.9819352159468439,
    "Article": 0.9955257270693513,
    "Proper Noun": 0.9917971662938105,
    "Degree": 0.9869346733668342,
    "Declension": 0.9887076537013801,
    "Mood": 0.9948024948024948,
    "Voice": 1.0,
    "Tense": 0.9958419958419958,
    "Person": 0.9893029675638372,
    "Definiteness": 0.9952153110047847
  },
  "per_interval_f1": {
    "Subcategories": 0.9777604621808306,
    "Gender": 0.9840289065395296,
    "Number": 0.9896824367447762,
    "Case": 0.9769930977084768,
    "Article": 0.9949636230366361,
    "Proper Noun": 0.9897182073672588,
    "Degree": 0.9784415087150045,
    "Declension": 0.9827381175321578,
    "Mood": 0.9452175877607751,
    "Voice": 1.0,
    "Tense": 0.9960405028745312,
    "Person": 0.9804119764152396,
    "Definiteness": 0.9941842669115397
  },
  "learning_rate": 1.7800000000000002e-05
}