{
  "epoch": 3,
  "mode": "multilabel",
  "fold": 6,
  "eval_decoder": "greedy",
  "mbr_threshold": 0.0,
  "train_loss": 0.19368338461265813,
  "val_loss": 0.2162871316075325,
  "train_composite_accuracy": 0.9669276637899831,
  "train_composite_micro_f1": 0.9669276637899831,
  "train_composite_macro_f1": 0.7275146365675781,
  "val_composite_accuracy": 0.9682275638359811,
  "val_composite_micro_f1": 0.9682275638359811,
  "val_composite_macro_f1": 0.8342926206837321,
  "per_word_class_accuracy": {
    "Word Class Noun": 0.9973900074571216,
    "Word Class Adjective": 0.9678456591639871,
    "Word Class Pronoun": 0.9804928131416838,
    "Word Class Number": 0.987012987012987,
    "Word Class Verbs": 0.998960498960499,
    "Word Class Participle": 0.9714285714285714,
    "Word Class Adverb": 0.9851883199322895,
    "Word Class Conjunctions": 0.9961180124223602,
    "Word Class Foreign words": 0.46153846153846156,
    "Word Class Unanalyzed word": 0.0,
    "Word Class Abbreviation": 1.0,
    "Word Class Web email or address": 0.0,
    "Word Class Punctuation": 1.0,
    "Word Class Symbol": 0.6666666666666666,
    "Word Class R Article": 0.9856459330143541
  },
  "per_word_class_f1": {
    "Word Class Noun": 0.9957193374278801,
    "Word Class Adjective": 0.9639711769415531,
    "Word Class Pronoun": 0.9809964047252183,
    "Word Class Number": 0.990228013029316,
    "Word Class Verbs": 0.9981822903142041,
    "Word Class Participle": 0.9686609686609686,
    "Word Class Adverb": 0.9906382978723405,
    "Word Class Conjunctions": 0.9930340557275542,
    "Word Class Foreign words": 0.631578947368421,
    "Word Class Unanalyzed word": 0.0,
    "Word Class Abbreviation": 1.0,
    "Word Class Web email or address": 0.0,
    "Word Class Punctuation": 1.0,
    "Word Class Symbol": 0.8,
    "Word Class R Article": 0.9626168224299065
  },
  "per_interval_accuracy": {
    "Subcategories": 0.9822374571517607,
    "Gender": 0.9746677740863787,
    "Number": 0.9891691394658754,
    "Case": 0.9794435215946844,
    "Article": 0.9944071588366891,
    "Proper Noun": 0.994034302759135,
    "Degree": 0.9839195979899498,
    "Declension": 0.9937264742785445,
    "Mood": 0.9948024948024948,
    "Voice": 0.9994802494802495,
    "Tense": 0.9963617463617463,
    "Person": 0.9875776397515528,
    "Definiteness": 1.0
  },
  "per_interval_f1": {
    "Subcategories": 0.9600292590540185,
    "Gender": 0.9756560171399447,
    "Number": 0.9866407988567953,
    "Case": 0.9708846274608038,
    "Article": 0.9936992192388225,
    "Proper Noun": 0.9924906395485984,
    "Degree": 0.9503783730761697,
    "Declension": 0.9910950064608666,
    "Mood": 0.9436789296794734,
    "Voice": 0.9963190207523815,
    "Tense": 0.9965035304974709,
    "Person": 0.9751538657093954,
    "Definiteness": 1.0
  },
  "learning_rate": 1.94e-05
}