{
  "epoch": 10,
  "mode": "multilabel",
  "fold": 6,
  "eval_decoder": "greedy",
  "mbr_threshold": 0.0,
  "train_loss": 0.0362152649242881,
  "val_loss": 0.2419451206922531,
  "train_composite_accuracy": 0.9924343949892124,
  "train_composite_micro_f1": 0.9924343949892124,
  "train_composite_macro_f1": 0.9252395952969832,
  "val_composite_accuracy": 0.9739860372340425,
  "val_composite_micro_f1": 0.9739860372340425,
  "val_composite_macro_f1": 0.8790837085440946,
  "per_word_class_accuracy": {
    "Word Class Noun": 0.9955257270693513,
    "Word Class Adjective": 0.954983922829582,
    "Word Class Pronoun": 0.9825462012320328,
    "Word Class Number": 0.9805194805194806,
    "Word Class Verbs": 0.998960498960499,
    "Word Class Participle": 0.96,
    "Word Class Adverb": 0.9889970376639865,
    "Word Class Conjunctions": 0.9968944099378882,
    "Word Class Foreign words": 0.6153846153846154,
    "Word Class Unanalyzed word": 0.0,
    "Word Class Abbreviation": 1.0,
    "Word Class Web email or address": 0.0,
    "Word Class Punctuation": 1.0,
    "Word Class Symbol": 0.6666666666666666,
    "Word Class R Article": 0.9808612440191388
  },
  "per_word_class_f1": {
    "Word Class Noun": 0.9957113555845608,
    "Word Class Adjective": 0.9603880355699272,
    "Word Class Pronoun": 0.9840616966580977,
    "Word Class Number": 0.9837133550488599,
    "Word Class Verbs": 0.9981822903142041,
    "Word Class Participle": 0.951841359773371,
    "Word Class Adverb": 0.9906740144128868,
    "Word Class Conjunctions": 0.9945778466305191,
    "Word Class Foreign words": 0.6956521739130435,
    "Word Class Unanalyzed word": 0.0,
    "Word Class Abbreviation": 1.0,
    "Word Class Web email or address": 0.0,
    "Word Class Punctuation": 1.0,
    "Word Class Symbol": 0.8,
    "Word Class R Article": 0.9534883720930233
  },
  "per_interval_accuracy": {
    "Subcategories": 0.9858211280772826,
    "Gender": 0.9825581395348837,
    "Number": 0.9915430267062314,
    "Case": 0.9808970099667774,
    "Article": 0.9944071588366891,
    "Proper Noun": 0.9929157345264727,
    "Degree": 0.9879396984924623,
    "Declension": 0.9924717691342535,
    "Mood": 0.9948024948024948,
    "Voice": 1.0,
    "Tense": 0.9958419958419958,
    "Person": 0.989648033126294,
    "Definiteness": 0.9952153110047847
  },
  "per_interval_f1": {
    "Subcategories": 0.9813893152589469,
    "Gender": 0.9836775496657906,
    "Number": 0.9898514319058096,
    "Case": 0.9762388862352698,
    "Article": 0.9937027619094578,
    "Proper Noun": 0.9911239990810121,
    "Degree": 0.976411193984494,
    "Declension": 0.9897853889863524,
    "Mood": 0.9112098107408027,
    "Voice": 1.0,
    "Tense": 0.9957927723294975,
    "Person": 0.976946510283813,
    "Definiteness": 0.9941842669115397
  },
  "learning_rate": 1.8e-05
}