{
  "epoch": 7,
  "mode": "multilabel",
  "fold": 6,
  "eval_decoder": "greedy",
  "mbr_threshold": 0.0,
  "train_loss": 0.06572285449075387,
  "val_loss": 0.21628807708621026,
  "train_composite_accuracy": 0.9862901692336946,
  "train_composite_micro_f1": 0.9862901692336946,
  "train_composite_macro_f1": 0.8543607227055483,
  "val_composite_accuracy": 0.9730044023589999,
  "val_composite_micro_f1": 0.9730044023589999,
  "val_composite_macro_f1": 0.878941423204155,
  "per_word_class_accuracy": {
    "Word Class Noun": 0.9958985831469053,
    "Word Class Adjective": 0.9758842443729904,
    "Word Class Pronoun": 0.9866529774127311,
    "Word Class Number": 0.987012987012987,
    "Word Class Verbs": 0.9984407484407485,
    "Word Class Participle": 0.96,
    "Word Class Adverb": 0.9881506559458316,
    "Word Class Conjunctions": 0.9953416149068323,
    "Word Class Foreign words": 0.5384615384615384,
    "Word Class Unanalyzed word": 0.0,
    "Word Class Abbreviation": 1.0,
    "Word Class Web email or address": 0.0,
    "Word Class Punctuation": 1.0,
    "Word Class Symbol": 0.6666666666666666,
    "Word Class R Article": 0.9569377990430622
  },
  "per_word_class_f1": {
    "Word Class Noun": 0.9960842811859034,
    "Word Class Adjective": 0.9634920634920635,
    "Word Class Pronoun": 0.9816138917262514,
    "Word Class Number": 0.990228013029316,
    "Word Class Verbs": 0.998181345804105,
    "Word Class Participle": 0.9655172413793104,
    "Word Class Adverb": 0.991928632115548,
    "Word Class Conjunctions": 0.9949553744664338,
    "Word Class Foreign words": 0.6363636363636364,
    "Word Class Unanalyzed word": 0.0,
    "Word Class Abbreviation": 1.0,
    "Word Class Web email or address": 0.0,
    "Word Class Punctuation": 1.0,
    "Word Class Symbol": 0.8,
    "Word Class R Article": 0.9592326139088729
  },
  "per_interval_accuracy": {
    "Subcategories": 0.9853536927391711,
    "Gender": 0.9823504983388704,
    "Number": 0.9906528189910979,
    "Case": 0.9833887043189369,
    "Article": 0.993661446681581,
    "Proper Noun": 0.9929157345264727,
    "Degree": 0.9906197654941373,
    "Declension": 0.9937264742785445,
    "Mood": 0.9922037422037422,
    "Voice": 1.0,
    "Tense": 0.9932432432432432,
    "Person": 0.9893029675638372,
    "Definiteness": 0.9952153110047847
  },
  "per_interval_f1": {
    "Subcategories": 0.9821107530222248,
    "Gender": 0.9830748063974581,
    "Number": 0.9882366171130865,
    "Case": 0.979852747291645,
    "Article": 0.9928671317512447,
    "Proper Noun": 0.9911239990810121,
    "Degree": 0.9828768248182997,
    "Declension": 0.9880133642936878,
    "Mood": 0.9423180367028774,
    "Voice": 1.0,
    "Tense": 0.993481982920287,
    "Person": 0.9815952241973666,
    "Definiteness": 0.9941842669115397
  },
  "learning_rate": 1.86e-05
}