{
  "epoch": 4,
  "mode": "multilabel",
  "fold": 6,
  "eval_decoder": "greedy",
  "mbr_threshold": 0.0,
  "train_loss": 0.13635356802346926,
  "val_loss": 0.21309683173894883,
  "train_composite_accuracy": 0.9758286307014455,
  "train_composite_micro_f1": 0.9758286307014455,
  "train_composite_macro_f1": 0.8091852997027712,
  "val_composite_accuracy": 0.9696465696465697,
  "val_composite_micro_f1": 0.9696465696465697,
  "val_composite_macro_f1": 0.8563843623755385,
  "per_word_class_accuracy": {
    "Word Class Noun": 0.9973900074571216,
    "Word Class Adjective": 0.9598070739549839,
    "Word Class Pronoun": 0.9845995893223819,
    "Word Class Number": 0.987012987012987,
    "Word Class Verbs": 0.998960498960499,
    "Word Class Participle": 0.9657142857142857,
    "Word Class Adverb": 0.9856115107913669,
    "Word Class Conjunctions": 0.9961180124223602,
    "Word Class Foreign words": 0.5384615384615384,
    "Word Class Unanalyzed word": 0.0,
    "Word Class Abbreviation": 1.0,
    "Word Class Web email or address": 0.0,
    "Word Class Punctuation": 1.0,
    "Word Class Symbol": 0.6666666666666666,
    "Word Class R Article": 0.9808612440191388
  },
  "per_word_class_f1": {
    "Word Class Noun": 0.9964611659526914,
    "Word Class Adjective": 0.9629032258064516,
    "Word Class Pronoun": 0.9815762538382804,
    "Word Class Number": 0.987012987012987,
    "Word Class Verbs": 0.9979231568016614,
    "Word Class Participle": 0.9548022598870056,
    "Word Class Adverb": 0.9904316393791197,
    "Word Class Conjunctions": 0.9930340557275542,
    "Word Class Foreign words": 0.6666666666666667,
    "Word Class Unanalyzed word": 0.0,
    "Word Class Abbreviation": 1.0,
    "Word Class Web email or address": 0.0,
    "Word Class Punctuation": 1.0,
    "Word Class Symbol": 0.8,
    "Word Class R Article": 0.9669811320754716
  },
  "per_interval_accuracy": {
    "Subcategories": 0.9839513867248364,
    "Gender": 0.9761212624584718,
    "Number": 0.9900593471810089,
    "Case": 0.9790282392026578,
    "Article": 0.9955257270693513,
    "Proper Noun": 0.9932885906040269,
    "Degree": 0.9845896147403685,
    "Declension": 0.9937264742785445,
    "Mood": 0.9948024948024948,
    "Voice": 0.9994802494802495,
    "Tense": 0.9953222453222453,
    "Person": 0.989648033126294,
    "Definiteness": 0.9952153110047847
  },
  "per_interval_f1": {
    "Subcategories": 0.9660795799818028,
    "Gender": 0.9771993260890129,
    "Number": 0.988220405449348,
    "Case": 0.9717307344889005,
    "Article": 0.9949551063402889,
    "Proper Noun": 0.9915663029464481,
    "Degree": 0.9590777326460627,
    "Declension": 0.9880133642936878,
    "Mood": 0.944245917609265,
    "Voice": 0.9963190207523815,
    "Tense": 0.9953297452220561,
    "Person": 0.9776802908724731,
    "Definiteness": 0.9941842669115397
  },
  "learning_rate": 1.9200000000000003e-05
}