{
  "epoch": 2,
  "mode": "multilabel",
  "fold": 6,
  "eval_decoder": "greedy",
  "mbr_threshold": 0.0,
  "train_loss": 0.3142852473467198,
  "val_loss": 0.2571704864501953,
  "train_composite_accuracy": 0.9508312496421141,
  "train_composite_micro_f1": 0.9508312496421141,
  "train_composite_macro_f1": 0.649157163501452,
  "val_composite_accuracy": 0.9630584907230219,
  "val_composite_micro_f1": 0.9630584907230219,
  "val_composite_macro_f1": 0.8197168858674737,
  "per_word_class_accuracy": {
    "Word Class Noun": 0.9958985831469053,
    "Word Class Adjective": 0.9646302250803859,
    "Word Class Pronoun": 0.9784394250513347,
    "Word Class Number": 0.9675324675324676,
    "Word Class Verbs": 0.998960498960499,
    "Word Class Participle": 0.96,
    "Word Class Adverb": 0.9830723656369023,
    "Word Class Conjunctions": 0.9945652173913043,
    "Word Class Foreign words": 0.3076923076923077,
    "Word Class Unanalyzed word": 0.0,
    "Word Class Abbreviation": 1.0,
    "Word Class Web email or address": 0.0,
    "Word Class Punctuation": 1.0,
    "Word Class Symbol": 0.3333333333333333,
    "Word Class R Article": 0.9952153110047847
  },
  "per_word_class_f1": {
    "Word Class Noun": 0.9947858472998138,
    "Word Class Adjective": 0.9554140127388535,
    "Word Class Pronoun": 0.9794450154162384,
    "Word Class Number": 0.9802631578947368,
    "Word Class Verbs": 0.9981822903142041,
    "Word Class Participle": 0.96,
    "Word Class Adverb": 0.9891420055354482,
    "Word Class Conjunctions": 0.9926385122045718,
    "Word Class Foreign words": 0.4,
    "Word Class Unanalyzed word": 0.0,
    "Word Class Abbreviation": 0.9863013698630138,
    "Word Class Web email or address": 0.0,
    "Word Class Punctuation": 1.0,
    "Word Class Symbol": 0.5,
    "Word Class R Article": 0.9585253456221197
  },
  "per_interval_accuracy": {
    "Subcategories": 0.9774072919912745,
    "Gender": 0.9727990033222591,
    "Number": 0.9879821958456974,
    "Case": 0.9775747508305648,
    "Article": 0.9929157345264727,
    "Proper Noun": 0.994034302759135,
    "Degree": 0.9835845896147404,
    "Declension": 0.9924717691342535,
    "Mood": 0.9942827442827443,
    "Voice": 0.9994802494802495,
    "Tense": 0.9948024948024948,
    "Person": 0.9868875086266391,
    "Definiteness": 1.0
  },
  "per_interval_f1": {
    "Subcategories": 0.8947960577654912,
    "Gender": 0.9736726584442157,
    "Number": 0.9855200613532586,
    "Case": 0.9644833633901129,
    "Article": 0.9920234984186465,
    "Proper Noun": 0.9925033803968428,
    "Degree": 0.9532561190999463,
    "Declension": 0.9898130612898628,
    "Mood": 0.9432907025473393,
    "Voice": 0.9963190207523815,
    "Tense": 0.9944572304675149,
    "Person": 0.9699989810442824,
    "Definiteness": 1.0
  },
  "learning_rate": 1.9600000000000002e-05
}