{
  "epoch": 12,
  "mode": "multilabel",
  "fold": 6,
  "eval_decoder": "greedy",
  "mbr_threshold": 0.0,
  "train_loss": 0.02794969454272128,
  "val_loss": 0.2466115027666092,
  "train_composite_accuracy": 0.9940124882388162,
  "train_composite_micro_f1": 0.9940124882388162,
  "train_composite_macro_f1": 0.9426484551200469,
  "val_composite_accuracy": 0.9743334163967107,
  "val_composite_micro_f1": 0.9743334163967107,
  "val_composite_macro_f1": 0.9043160739277967,
  "per_word_class_accuracy": {
    "Word Class Noun": 0.9947800149142431,
    "Word Class Adjective": 0.9726688102893891,
    "Word Class Pronoun": 0.9845995893223819,
    "Word Class Number": 0.9805194805194806,
    "Word Class Verbs": 0.997920997920998,
    "Word Class Participle": 0.9657142857142857,
    "Word Class Adverb": 0.9868810833685993,
    "Word Class Conjunctions": 0.9961180124223602,
    "Word Class Foreign words": 0.46153846153846156,
    "Word Class Unanalyzed word": 0.0,
    "Word Class Abbreviation": 1.0,
    "Word Class Web email or address": 0.0,
    "Word Class Punctuation": 1.0,
    "Word Class Symbol": 0.6666666666666666,
    "Word Class R Article": 0.9856459330143541
  },
  "per_word_class_f1": {
    "Word Class Noun": 0.9949655043818758,
    "Word Class Adjective": 0.9649122807017545,
    "Word Class Pronoun": 0.9840944073884043,
    "Word Class Number": 0.9837133550488599,
    "Word Class Verbs": 0.9981804003119314,
    "Word Class Participle": 0.9657142857142856,
    "Word Class Adverb": 0.9904438309619878,
    "Word Class Conjunctions": 0.9941882991088725,
    "Word Class Foreign words": 0.5714285714285714,
    "Word Class Unanalyzed word": 0.0,
    "Word Class Abbreviation": 1.0,
    "Word Class Web email or address": 0.0,
    "Word Class Punctuation": 1.0,
    "Word Class Symbol": 0.8,
    "Word Class R Article": 0.9626168224299065
  },
  "per_interval_accuracy": {
    "Subcategories": 0.9862885634153942,
    "Gender": 0.9844269102990033,
    "Number": 0.9913946587537092,
    "Case": 0.9823504983388704,
    "Article": 0.9947800149142431,
    "Proper Noun": 0.9914243102162565,
    "Degree": 0.9886097152428811,
    "Declension": 0.9937264742785445,
    "Mood": 0.9953222453222453,
    "Voice": 1.0,
    "Tense": 0.9937629937629938,
    "Person": 0.9899930986887508,
    "Definiteness": 0.9952153110047847
  },
  "per_interval_f1": {
    "Subcategories": 0.9744374478702569,
    "Gender": 0.9854617679186658,
    "Number": 0.9897627335607447,
    "Case": 0.9776620331421928,
    "Article": 0.9941275167785235,
    "Proper Noun": 0.9892553673085938,
    "Degree": 0.9800139092322944,
    "Declension": 0.9886062441374109,
    "Mood": 0.9955141092470674,
    "Voice": 1.0,
    "Tense": 0.9934547134437345,
    "Person": 0.9853532731669061,
    "Definiteness": 0.9941842669115397
  },
  "learning_rate": 1.76e-05
}