{
  "epoch": 5,
  "mode": "multilabel",
  "fold": 0,
  "eval_decoder": "greedy",
  "mbr_threshold": 0.0,
  "train_loss": 0.18382918082578908,
  "val_loss": 0.28314529955387113,
  "train_composite_accuracy": 0.9754862524253467,
  "train_composite_micro_f1": 0.9754862524253467,
  "train_composite_macro_f1": 0.7704002806001166,
  "val_composite_accuracy": 0.9672188931970391,
  "val_composite_micro_f1": 0.9672188931970391,
  "val_composite_macro_f1": 0.8119536318234741,
  "per_word_class_accuracy": {
    "Word Class Noun": 0.9972677595628415,
    "Word Class Adjective": 0.9614093959731543,
    "Word Class Pronoun": 0.9865016872890888,
    "Word Class Number": 0.975,
    "Word Class Verbs": 0.9961325966850829,
    "Word Class Participle": 0.9452054794520548,
    "Word Class Adverb": 0.9882506527415144,
    "Word Class Conjunctions": 0.9983050847457627,
    "Word Class Foreign words": 0.5,
    "Word Class Unanalyzed word": 0.0,
    "Word Class Abbreviation": 0.84375,
    "Word Class Web email or address": 0.0,
    "Word Class Punctuation": 1.0,
    "Word Class Symbol": 1.0,
    "Word Class R Article": 0.9803921568627451
  },
  "per_word_class_f1": {
    "Word Class Noun": 0.9947440140159627,
    "Word Class Adjective": 0.9630252100840336,
    "Word Class Pronoun": 0.9848399775407074,
    "Word Class Number": 0.9811320754716981,
    "Word Class Verbs": 0.9961325966850829,
    "Word Class Participle": 0.923076923076923,
    "Word Class Adverb": 0.9912701876909646,
    "Word Class Conjunctions": 0.9957734573119189,
    "Word Class Foreign words": 0.64,
    "Word Class Unanalyzed word": 0.0,
    "Word Class Abbreviation": 0.8999999999999999,
    "Word Class Web email or address": 0.0,
    "Word Class Punctuation": 1.0,
    "Word Class Symbol": 1.0,
    "Word Class R Article": 0.9638554216867469
  },
  "per_interval_accuracy": {
    "Subcategories": 0.9845360824742269,
    "Gender": 0.9712530173359667,
    "Number": 0.9902622899324642,
    "Case": 0.978275181040158,
    "Article": 0.9941451990632318,
    "Proper Noun": 0.9941451990632318,
    "Degree": 0.9837595024187975,
    "Declension": 0.9919137466307277,
    "Mood": 0.9911602209944751,
    "Voice": 0.9994475138121547,
    "Tense": 0.9939226519337017,
    "Person": 0.9866617265653946,
    "Definiteness": 0.9950980392156863
  },
  "per_interval_f1": {
    "Subcategories": 0.9694039962417247,
    "Gender": 0.9725598658015306,
    "Number": 0.987414182025876,
    "Case": 0.9698448332651506,
    "Article": 0.9936324781722247,
    "Proper Noun": 0.9921854586086537,
    "Degree": 0.7642217239530881,
    "Declension": 0.98932540548687,
    "Mood": 0.9546171443188378,
    "Voice": 0.9955837609277518,
    "Tense": 0.994373960155583,
    "Person": 0.968677486079412,
    "Definiteness": 0.9947432164300255
  },
  "learning_rate": 1.9e-05
}