{
  "epoch": 7,
  "mode": "multilabel",
  "fold": 0,
  "eval_decoder": "greedy",
  "mbr_threshold": 0.0,
  "train_loss": 0.1222035873415602,
  "val_loss": 0.26770547181367876,
  "train_composite_accuracy": 0.9827633482408782,
  "train_composite_micro_f1": 0.9827633482408782,
  "train_composite_macro_f1": 0.8448463265779497,
  "val_composite_accuracy": 0.970564907023883,
  "val_composite_micro_f1": 0.970564907023883,
  "val_composite_macro_f1": 0.8413527602721258,
  "per_word_class_accuracy": {
    "Word Class Noun": 0.9960967993754879,
    "Word Class Adjective": 0.9697986577181208,
    "Word Class Pronoun": 0.9910011248593926,
    "Word Class Number": 0.975,
    "Word Class Verbs": 0.9961325966850829,
    "Word Class Participle": 0.9452054794520548,
    "Word Class Adverb": 0.9865100087032201,
    "Word Class Conjunctions": 0.9957627118644068,
    "Word Class Foreign words": 0.75,
    "Word Class Unanalyzed word": 0.0,
    "Word Class Abbreviation": 0.84375,
    "Word Class Web email or address": 0.0,
    "Word Class Punctuation": 1.0,
    "Word Class Symbol": 1.0,
    "Word Class R Article": 0.9656862745098039
  },
  "per_word_class_f1": {
    "Word Class Noun": 0.9953198127925117,
    "Word Class Adjective": 0.9609310058187863,
    "Word Class Pronoun": 0.9849077697037452,
    "Word Class Number": 0.9811320754716981,
    "Word Class Verbs": 0.9966832504145937,
    "Word Class Participle": 0.9355932203389831,
    "Word Class Adverb": 0.9901725267525661,
    "Word Class Conjunctions": 0.9944985188319933,
    "Word Class Foreign words": 0.8421052631578947,
    "Word Class Unanalyzed word": 0.0,
    "Word Class Abbreviation": 0.8999999999999999,
    "Word Class Web email or address": 0.0,
    "Word Class Punctuation": 1.0,
    "Word Class Symbol": 1.0,
    "Word Class R Article": 0.9656862745098039
  },
  "per_interval_accuracy": {
    "Subcategories": 0.983372131692717,
    "Gender": 0.978494623655914,
    "Number": 0.9897911104130673,
    "Case": 0.9817862628922537,
    "Article": 0.9933645589383294,
    "Proper Noun": 0.9949258391881343,
    "Degree": 0.9858327574291638,
    "Declension": 0.9919137466307277,
    "Mood": 0.9906077348066298,
    "Voice": 0.9994475138121547,
    "Tense": 0.9917127071823204,
    "Person": 0.9881437569470174,
    "Definiteness": 0.9901960784313726
  },
  "per_interval_f1": {
    "Subcategories": 0.9666394757825943,
    "Gender": 0.9793967959684232,
    "Number": 0.987390433660778,
    "Case": 0.9779721057616502,
    "Article": 0.9927869459521094,
    "Proper Noun": 0.9932132104595541,
    "Degree": 0.7798519836751427,
    "Declension": 0.98932540548687,
    "Mood": 0.9911363164003656,
    "Voice": 0.9955837609277518,
    "Tense": 0.9924202272311505,
    "Person": 0.9779863711341896,
    "Definiteness": 0.989514802631579
  },
  "learning_rate": 1.86e-05
}