{
  "epoch": 1,
  "mode": "multilabel",
  "fold": 0,
  "eval_decoder": "greedy",
  "mbr_threshold": 0.0,
  "train_loss": 3.130554145340316,
  "val_loss": 0.77185560464859,
  "train_composite_accuracy": 0.7200084268183494,
  "train_composite_micro_f1": 0.7200084268183495,
  "train_composite_macro_f1": 0.27105372766740926,
  "val_composite_accuracy": 0.9210549684752686,
  "val_composite_micro_f1": 0.9210549684752686,
  "val_composite_macro_f1": 0.6229836101592185,
  "per_word_class_accuracy": {
    "Word Class Noun": 0.9976580796252927,
    "Word Class Adjective": 0.9513422818791947,
    "Word Class Pronoun": 0.9887514060742407,
    "Word Class Number": 0.93125,
    "Word Class Verbs": 0.994475138121547,
    "Word Class Participle": 0.8972602739726028,
    "Word Class Adverb": 0.9834638816362054,
    "Word Class Conjunctions": 0.9932203389830508,
    "Word Class Foreign words": 0.0,
    "Word Class Unanalyzed word": 0.0,
    "Word Class Abbreviation": 0.0,
    "Word Class Web email or address": 0.0,
    "Word Class Punctuation": 1.0,
    "Word Class Symbol": 0.0,
    "Word Class R Article": 0.9264705882352942
  },
  "per_word_class_f1": {
    "Word Class Noun": 0.9863013698630138,
    "Word Class Adjective": 0.9513422818791947,
    "Word Class Pronoun": 0.9755826859045504,
    "Word Class Number": 0.9612903225806452,
    "Word Class Verbs": 0.9942004971002486,
    "Word Class Participle": 0.9097222222222222,
    "Word Class Adverb": 0.9858233369683751,
    "Word Class Conjunctions": 0.9919593736775286,
    "Word Class Foreign words": 0.0,
    "Word Class Unanalyzed word": 0.0,
    "Word Class Abbreviation": 0.0,
    "Word Class Web email or address": 0.0,
    "Word Class Punctuation": 0.998627316403569,
    "Word Class Symbol": 0.0,
    "Word Class R Article": 0.9287469287469287
  },
  "per_interval_accuracy": {
    "Subcategories": 0.9600931160625208,
    "Gender": 0.9486504279131007,
    "Number": 0.9816239987435212,
    "Case": 0.9396532806671055,
    "Article": 0.9918032786885246,
    "Proper Noun": 0.9879000780640125,
    "Degree": 0.9585348997926745,
    "Declension": 0.9716981132075472,
    "Mood": 0.9839779005524862,
    "Voice": 0.967403314917127,
    "Tense": 0.9895027624309393,
    "Person": 0.9740644683216005,
    "Definiteness": 0.9901960784313726
  },
  "per_interval_f1": {
    "Subcategories": 0.8013610123710204,
    "Gender": 0.950676534855453,
    "Number": 0.9770880149526745,
    "Case": 0.85203812051868,
    "Article": 0.991076846887204,
    "Proper Noun": 0.9835900720576461,
    "Degree": 0.6657076660169825,
    "Declension": 0.9532908037039655,
    "Mood": 0.7309942470220677,
    "Voice": 0.4917158101656838,
    "Tense": 0.9897795832520867,
    "Person": 0.7203121446863286,
    "Definiteness": 0.989514802631579
  },
  "learning_rate": 1.98e-05
}