{
  "epoch": 12,
  "mode": "multilabel",
  "fold": 0,
  "eval_decoder": "greedy",
  "mbr_threshold": 0.0,
  "train_loss": 0.052621721864842,
  "val_loss": 0.29551638662815094,
  "train_composite_accuracy": 0.9920555450595125,
  "train_composite_micro_f1": 0.9920555450595125,
  "train_composite_macro_f1": 0.9181992400968249,
  "val_composite_accuracy": 0.9725206975515237,
  "val_composite_micro_f1": 0.9725206975515237,
  "val_composite_macro_f1": 0.855193592339831,
  "per_word_class_accuracy": {
    "Word Class Noun": 0.998048399687744,
    "Word Class Adjective": 0.9513422818791947,
    "Word Class Pronoun": 0.9910011248593926,
    "Word Class Number": 0.975,
    "Word Class Verbs": 0.9966850828729282,
    "Word Class Participle": 0.958904109589041,
    "Word Class Adverb": 0.9886858137510879,
    "Word Class Conjunctions": 0.9966101694915255,
    "Word Class Foreign words": 0.78125,
    "Word Class Unanalyzed word": 0.0,
    "Word Class Abbreviation": 0.90625,
    "Word Class Web email or address": 0.0,
    "Word Class Punctuation": 1.0,
    "Word Class Symbol": 1.0,
    "Word Class R Article": 0.9705882352941176
  },
  "per_word_class_f1": {
    "Word Class Noun": 0.9959104186952289,
    "Word Class Adjective": 0.9626485568760611,
    "Word Class Pronoun": 0.9854586129753916,
    "Word Class Number": 0.9842271293375395,
    "Word Class Verbs": 0.9966850828729282,
    "Word Class Participle": 0.9427609427609427,
    "Word Class Adverb": 0.9899782135076253,
    "Word Class Conjunctions": 0.9949238578680203,
    "Word Class Foreign words": 0.8620689655172413,
    "Word Class Unanalyzed word": 0.0,
    "Word Class Abbreviation": 0.9354838709677419,
    "Word Class Web email or address": 0.0,
    "Word Class Punctuation": 1.0,
    "Word Class Symbol": 1.0,
    "Word Class R Article": 0.9682151589242053
  },
  "per_interval_accuracy": {
    "Subcategories": 0.9863651479880279,
    "Gender": 0.9754224270353302,
    "Number": 0.9905764096120622,
    "Case": 0.9844195742813254,
    "Article": 0.994535519125683,
    "Proper Noun": 0.9957064793130367,
    "Degree": 0.986869384934347,
    "Declension": 0.9905660377358491,
    "Mood": 0.992817679558011,
    "Voice": 0.9994475138121547,
    "Tense": 0.9933701657458563,
    "Person": 0.989996294924046,
    "Definiteness": 0.9901960784313726
  },
  "per_interval_f1": {
    "Subcategories": 0.9711082913314274,
    "Gender": 0.9771468368857206,
    "Number": 0.988614990146767,
    "Case": 0.9791812568622109,
    "Article": 0.9940555465324021,
    "Proper Noun": 0.9942512967831781,
    "Degree": 0.783789777592556,
    "Declension": 0.9818310554409243,
    "Mood": 0.9936037130555704,
    "Voice": 0.9955837609277518,
    "Tense": 0.9938800649068916,
    "Person": 0.9803135262500924,
    "Definiteness": 0.989514802631579
  },
  "learning_rate": 1.76e-05
}