{
  "epoch": 4,
  "mode": "multilabel",
  "fold": 0,
  "eval_decoder": "greedy",
  "mbr_threshold": 0.0,
  "train_loss": 0.2523624728253488,
  "val_loss": 0.28859157413244246,
  "train_composite_accuracy": 0.967963473433933,
  "train_composite_micro_f1": 0.967963473433933,
  "train_composite_macro_f1": 0.7332196602988892,
  "val_composite_accuracy": 0.9673577415086017,
  "val_composite_micro_f1": 0.9673577415086017,
  "val_composite_macro_f1": 0.8226095912385842,
  "per_word_class_accuracy": {
    "Word Class Noun": 0.9972677595628415,
    "Word Class Adjective": 0.9546979865771812,
    "Word Class Pronoun": 0.9932508436445444,
    "Word Class Number": 0.975,
    "Word Class Verbs": 0.9961325966850829,
    "Word Class Participle": 0.9657534246575342,
    "Word Class Adverb": 0.9904264577893821,
    "Word Class Conjunctions": 0.9864406779661017,
    "Word Class Foreign words": 0.65625,
    "Word Class Unanalyzed word": 0.0,
    "Word Class Abbreviation": 0.875,
    "Word Class Web email or address": 0.0,
    "Word Class Punctuation": 1.0,
    "Word Class Symbol": 1.0,
    "Word Class R Article": 0.946078431372549
  },
  "per_word_class_f1": {
    "Word Class Noun": 0.9951314508276534,
    "Word Class Adjective": 0.9660441426146009,
    "Word Class Pronoun": 0.9838440111420613,
    "Word Class Number": 0.9811320754716981,
    "Word Class Verbs": 0.995857497928749,
    "Word Class Participle": 0.9245901639344262,
    "Word Class Adverb": 0.9902110071785947,
    "Word Class Conjunctions": 0.991482112436116,
    "Word Class Foreign words": 0.7636363636363634,
    "Word Class Unanalyzed word": 0.0,
    "Word Class Abbreviation": 0.9180327868852458,
    "Word Class Web email or address": 0.0,
    "Word Class Punctuation": 1.0,
    "Word Class Symbol": 1.0,
    "Word Class R Article": 0.9530864197530864
  },
  "per_interval_accuracy": {
    "Subcategories": 0.9822081809112072,
    "Gender": 0.9765196401141102,
    "Number": 0.9907334694518611,
    "Case": 0.9802501645819618,
    "Article": 0.9929742388758782,
    "Proper Noun": 0.9949258391881343,
    "Degree": 0.9830684174153421,
    "Declension": 0.9905660377358491,
    "Mood": 0.9906077348066298,
    "Voice": 0.9994475138121547,
    "Tense": 0.9933701657458563,
    "Person": 0.9881437569470174,
    "Definiteness": 0.9950980392156863
  },
  "per_interval_f1": {
    "Subcategories": 0.966430721717553,
    "Gender": 0.9780622431615882,
    "Number": 0.9885583282972044,
    "Case": 0.9712316448372631,
    "Article": 0.9923608129383139,
    "Proper Noun": 0.9932273974608332,
    "Degree": 0.7599317555716922,
    "Declension": 0.9849969000529887,
    "Mood": 0.9076767567799762,
    "Voice": 0.9955837609277518,
    "Tense": 0.9938896336890081,
    "Person": 0.9721923910874629,
    "Definiteness": 0.9947432164300255
  },
  "learning_rate": 1.9200000000000003e-05
}