{
  "epoch": 6,
  "mode": "multilabel",
  "fold": 0,
  "eval_decoder": "greedy",
  "mbr_threshold": 0.0,
  "train_loss": 0.1496496096719734,
  "val_loss": 0.2859347775578499,
  "train_composite_accuracy": 0.9790250130029788,
  "train_composite_micro_f1": 0.9790250130029788,
  "train_composite_macro_f1": 0.8070944673406062,
  "val_composite_accuracy": 0.9680204387278654,
  "val_composite_micro_f1": 0.9680204387278654,
  "val_composite_macro_f1": 0.8300203127572309,
  "per_word_class_accuracy": {
    "Word Class Noun": 0.9972677595628415,
    "Word Class Adjective": 0.9496644295302014,
    "Word Class Pronoun": 0.9898762654668166,
    "Word Class Number": 0.975,
    "Word Class Verbs": 0.9966850828729282,
    "Word Class Participle": 0.9794520547945206,
    "Word Class Adverb": 0.9865100087032201,
    "Word Class Conjunctions": 0.9957627118644068,
    "Word Class Foreign words": 0.71875,
    "Word Class Unanalyzed word": 0.0,
    "Word Class Abbreviation": 0.8125,
    "Word Class Web email or address": 0.0,
    "Word Class Punctuation": 1.0,
    "Word Class Symbol": 1.0,
    "Word Class R Article": 0.9705882352941176
  },
  "per_word_class_f1": {
    "Word Class Noun": 0.9951314508276534,
    "Word Class Adjective": 0.9568892645815723,
    "Word Class Pronoun": 0.9854423292273237,
    "Word Class Number": 0.9811320754716981,
    "Word Class Verbs": 0.9972360420121614,
    "Word Class Participle": 0.9255663430420713,
    "Word Class Adverb": 0.9903888160768893,
    "Word Class Conjunctions": 0.9944985188319933,
    "Word Class Foreign words": 0.8070175438596492,
    "Word Class Unanalyzed word": 0.0,
    "Word Class Abbreviation": 0.896551724137931,
    "Word Class Web email or address": 0.0,
    "Word Class Punctuation": 0.9996564754379939,
    "Word Class Symbol": 1.0,
    "Word Class R Article": 0.9611650485436893
  },
  "per_interval_accuracy": {
    "Subcategories": 0.9832058530096441,
    "Gender": 0.9778362958086461,
    "Number": 0.9893199308936705,
    "Case": 0.9804696071977178,
    "Article": 0.9941451990632318,
    "Proper Noun": 0.994535519125683,
    "Degree": 0.9837595024187975,
    "Declension": 0.9905660377358491,
    "Mood": 0.9911602209944751,
    "Voice": 1.0,
    "Tense": 0.9906077348066298,
    "Person": 0.9877732493516117,
    "Definiteness": 0.9950980392156863
  },
  "per_interval_f1": {
    "Subcategories": 0.9737285656486213,
    "Gender": 0.9791382935077532,
    "Number": 0.9869525032584264,
    "Case": 0.9731531373555772,
    "Article": 0.9936324781722247,
    "Proper Noun": 0.9927026189028783,
    "Degree": 0.7736665063331729,
    "Declension": 0.9880527875208278,
    "Mood": 0.956184231955006,
    "Voice": 1.0,
    "Tense": 0.9907727324041514,
    "Person": 0.970606949733641,
    "Definiteness": 0.9947432164300255
  },
  "learning_rate": 1.88e-05
}