{
  "epoch": 13,
  "mode": "multilabel",
  "fold": 0,
  "eval_decoder": "greedy",
  "mbr_threshold": 0.0,
  "train_loss": 0.04908884634037422,
  "val_loss": 0.29456543922424316,
  "train_composite_accuracy": 0.9918297566873205,
  "train_composite_micro_f1": 0.9918297566873205,
  "train_composite_macro_f1": 0.9104809894664643,
  "val_composite_accuracy": 0.9720680236144154,
  "val_composite_micro_f1": 0.9720680236144154,
  "val_composite_macro_f1": 0.8657151833995197,
  "per_word_class_accuracy": {
    "Word Class Noun": 0.9976580796252927,
    "Word Class Adjective": 0.9664429530201343,
    "Word Class Pronoun": 0.9932508436445444,
    "Word Class Number": 0.975,
    "Word Class Verbs": 0.9972375690607734,
    "Word Class Participle": 0.952054794520548,
    "Word Class Adverb": 0.9869451697127938,
    "Word Class Conjunctions": 0.997457627118644,
    "Word Class Foreign words": 0.4375,
    "Word Class Unanalyzed word": 0.0,
    "Word Class Abbreviation": 0.875,
    "Word Class Web email or address": 0.0,
    "Word Class Punctuation": 1.0,
    "Word Class Symbol": 1.0,
    "Word Class R Article": 0.9607843137254902
  },
  "per_word_class_f1": {
    "Word Class Noun": 0.9945525291828793,
    "Word Class Adjective": 0.9680672268907563,
    "Word Class Pronoun": 0.9849414389291691,
    "Word Class Number": 0.9842271293375395,
    "Word Class Verbs": 0.9964118134142975,
    "Word Class Participle": 0.9423728813559323,
    "Word Class Adverb": 0.9903930131004367,
    "Word Class Conjunctions": 0.9940878378378377,
    "Word Class Foreign words": 0.6086956521739131,
    "Word Class Unanalyzed word": 0.0,
    "Word Class Abbreviation": 0.9333333333333333,
    "Word Class Web email or address": 0.0,
    "Word Class Punctuation": 1.0,
    "Word Class Symbol": 1.0,
    "Word Class R Article": 0.9655172413793103
  },
  "per_interval_accuracy": {
    "Subcategories": 0.9857000332557366,
    "Gender": 0.9791529515031819,
    "Number": 0.9929323072090467,
    "Case": 0.9842001316655694,
    "Article": 0.9949258391881343,
    "Proper Noun": 0.9953161592505855,
    "Degree": 0.9865238424326193,
    "Declension": 0.9932614555256065,
    "Mood": 0.9933701657458563,
    "Voice": 1.0,
    "Tense": 0.994475138121547,
    "Person": 0.9907373101148573,
    "Definiteness": 0.9950980392156863
  },
  "per_interval_f1": {
    "Subcategories": 0.9708944693671813,
    "Gender": 0.9808376016352477,
    "Number": 0.9909313175024398,
    "Case": 0.9827340017425206,
    "Article": 0.9944788171479924,
    "Proper Noun": 0.9937385540833816,
    "Degree": 0.7822952140738082,
    "Declension": 0.9875571289717319,
    "Mood": 0.9940510923490531,
    "Voice": 1.0,
    "Tense": 0.9948712671794028,
    "Person": 0.9814984560832838,
    "Definiteness": 0.9947432164300255
  },
  "learning_rate": 1.7400000000000003e-05
}