{
  "epoch": 3,
  "mode": "multilabel",
  "fold": 0,
  "eval_decoder": "greedy",
  "mbr_threshold": 0.0,
  "train_loss": 0.3719903618487729,
  "val_loss": 0.3248839318752289,
  "train_composite_accuracy": 0.9573678717145839,
  "train_composite_micro_f1": 0.9573678717145839,
  "train_composite_macro_f1": 0.6588171253476626,
  "val_composite_accuracy": 0.9650114861282912,
  "val_composite_micro_f1": 0.9650114861282912,
  "val_composite_macro_f1": 0.8051059795720821,
  "per_word_class_accuracy": {
    "Word Class Noun": 0.9960967993754879,
    "Word Class Adjective": 0.964765100671141,
    "Word Class Pronoun": 0.9910011248593926,
    "Word Class Number": 0.9625,
    "Word Class Verbs": 0.9939226519337017,
    "Word Class Participle": 0.9246575342465754,
    "Word Class Adverb": 0.9882506527415144,
    "Word Class Conjunctions": 0.9923728813559322,
    "Word Class Foreign words": 0.5,
    "Word Class Unanalyzed word": 0.0,
    "Word Class Abbreviation": 0.84375,
    "Word Class Web email or address": 0.0,
    "Word Class Punctuation": 1.0,
    "Word Class Symbol": 0.0,
    "Word Class R Article": 0.9607843137254902
  },
  "per_word_class_f1": {
    "Word Class Noun": 0.9939629990262902,
    "Word Class Adjective": 0.9591326105087573,
    "Word Class Pronoun": 0.9827105409927496,
    "Word Class Number": 0.9746835443037976,
    "Word Class Verbs": 0.9950221238938053,
    "Word Class Participle": 0.9310344827586208,
    "Word Class Adverb": 0.9895424836601306,
    "Word Class Conjunctions": 0.9940577249575552,
    "Word Class Foreign words": 0.6274509803921569,
    "Word Class Unanalyzed word": 0.0,
    "Word Class Abbreviation": 0.8852459016393444,
    "Word Class Web email or address": 0.0,
    "Word Class Punctuation": 0.9996564754379939,
    "Word Class Symbol": 0.0,
    "Word Class R Article": 0.953771289537713
  },
  "per_interval_accuracy": {
    "Subcategories": 0.9810442301296973,
    "Gender": 0.9727891156462585,
    "Number": 0.9874352128160829,
    "Case": 0.978494623655914,
    "Article": 0.9918032786885246,
    "Proper Noun": 0.994535519125683,
    "Degree": 0.9820317899101589,
    "Declension": 0.9878706199460916,
    "Mood": 0.9878453038674033,
    "Voice": 0.9983425414364641,
    "Tense": 0.9922651933701657,
    "Person": 0.9848091885883661,
    "Definiteness": 0.9950980392156863
  },
  "per_interval_f1": {
    "Subcategories": 0.900295937731861,
    "Gender": 0.974185349756197,
    "Number": 0.98461447523919,
    "Case": 0.9694367638941085,
    "Article": 0.9910940281719518,
    "Proper Noun": 0.9927026189028783,
    "Degree": 0.7585815832259357,
    "Declension": 0.9854828914923183,
    "Mood": 0.738025535983071,
    "Voice": 0.9865285616820691,
    "Tense": 0.9926792878894357,
    "Person": 0.9380899730994567,
    "Definiteness": 0.9947432164300255
  },
  "learning_rate": 1.94e-05
}