{
  "epoch": 10,
  "mode": "multilabel",
  "fold": 0,
  "eval_decoder": "greedy",
  "mbr_threshold": 0.0,
  "train_loss": 0.06888524991808544,
  "val_loss": 0.2673746690154076,
  "train_composite_accuracy": 0.9895227118131661,
  "train_composite_micro_f1": 0.9895227118131661,
  "train_composite_macro_f1": 0.892488018298217,
  "val_composite_accuracy": 0.9744290626928842,
  "val_composite_micro_f1": 0.9744290626928842,
  "val_composite_macro_f1": 0.8664045642764058,
  "per_word_class_accuracy": {
    "Word Class Noun": 0.9972677595628415,
    "Word Class Adjective": 0.9697986577181208,
    "Word Class Pronoun": 0.9898762654668166,
    "Word Class Number": 0.975,
    "Word Class Verbs": 0.9972375690607734,
    "Word Class Participle": 0.9726027397260274,
    "Word Class Adverb": 0.9869451697127938,
    "Word Class Conjunctions": 0.9957627118644068,
    "Word Class Foreign words": 0.71875,
    "Word Class Unanalyzed word": 0.0,
    "Word Class Abbreviation": 0.875,
    "Word Class Web email or address": 0.0,
    "Word Class Punctuation": 1.0,
    "Word Class Symbol": 1.0,
    "Word Class R Article": 0.9803921568627451
  },
  "per_word_class_f1": {
    "Word Class Noun": 0.9955191895577635,
    "Word Class Adjective": 0.9689857502095557,
    "Word Class Pronoun": 0.9876543209876544,
    "Word Class Number": 0.9842271293375395,
    "Word Class Verbs": 0.9969621651477492,
    "Word Class Participle": 0.9530201342281879,
    "Word Class Adverb": 0.9901768172888017,
    "Word Class Conjunctions": 0.994077834179357,
    "Word Class Foreign words": 0.8214285714285714,
    "Word Class Unanalyzed word": 0.0,
    "Word Class Abbreviation": 0.9333333333333333,
    "Word Class Web email or address": 0.0,
    "Word Class Punctuation": 1.0,
    "Word Class Symbol": 1.0,
    "Word Class R Article": 0.9685230024213075
  },
  "per_interval_accuracy": {
    "Subcategories": 0.9845360824742269,
    "Gender": 0.9795918367346939,
    "Number": 0.9919899481702529,
    "Case": 0.9835418038183015,
    "Article": 0.9953161592505855,
    "Proper Noun": 0.9957064793130367,
    "Degree": 0.9854872149274361,
    "Declension": 0.9919137466307277,
    "Mood": 0.9922651933701657,
    "Voice": 1.0,
    "Tense": 0.992817679558011,
    "Person": 0.9896257873286403,
    "Definiteness": 0.9901960784313726
  },
  "per_interval_f1": {
    "Subcategories": 0.9656359106303181,
    "Gender": 0.980682661593457,
    "Number": 0.9899315942332291,
    "Case": 0.9799784823702096,
    "Article": 0.994902290586681,
    "Proper Noun": 0.9942512967831781,
    "Degree": 0.7816904260425634,
    "Declension": 0.98932540548687,
    "Mood": 0.9916287658045482,
    "Voice": 1.0,
    "Tense": 0.9933909770488265,
    "Person": 0.9796929666615226,
    "Definiteness": 0.989514802631579
  },
  "learning_rate": 1.8e-05
}