{
  "epoch": 8,
  "mode": "multilabel",
  "fold": 0,
  "eval_decoder": "greedy",
  "mbr_threshold": 0.0,
  "train_loss": 0.09344814938467316,
  "val_loss": 0.25994652733206747,
  "train_composite_accuracy": 0.9860788205273604,
  "train_composite_micro_f1": 0.9860788205273604,
  "train_composite_macro_f1": 0.8556848423192261,
  "val_composite_accuracy": 0.9721512293998413,
  "val_composite_micro_f1": 0.9721512293998413,
  "val_composite_macro_f1": 0.8498375600986771,
  "per_word_class_accuracy": {
    "Word Class Noun": 0.9949258391881343,
    "Word Class Adjective": 0.9630872483221476,
    "Word Class Pronoun": 0.9910011248593926,
    "Word Class Number": 0.975,
    "Word Class Verbs": 0.9972375690607734,
    "Word Class Participle": 0.958904109589041,
    "Word Class Adverb": 0.9917319408181027,
    "Word Class Conjunctions": 0.9923728813559322,
    "Word Class Foreign words": 0.65625,
    "Word Class Unanalyzed word": 0.0,
    "Word Class Abbreviation": 0.96875,
    "Word Class Web email or address": 0.0,
    "Word Class Punctuation": 1.0,
    "Word Class Symbol": 1.0,
    "Word Class R Article": 0.9607843137254902
  },
  "per_word_class_f1": {
    "Word Class Noun": 0.9953143303397111,
    "Word Class Adjective": 0.9655172413793104,
    "Word Class Pronoun": 0.9860100727476216,
    "Word Class Number": 0.9842271293375395,
    "Word Class Verbs": 0.9975131251726996,
    "Word Class Participle": 0.9459459459459458,
    "Word Class Adverb": 0.9900086880973067,
    "Word Class Conjunctions": 0.9940577249575552,
    "Word Class Foreign words": 0.7777777777777778,
    "Word Class Unanalyzed word": 0.0,
    "Word Class Abbreviation": 0.9393939393939394,
    "Word Class Web email or address": 0.0,
    "Word Class Punctuation": 1.0,
    "Word Class Symbol": 1.0,
    "Word Class R Article": 0.9607843137254902
  },
  "per_interval_accuracy": {
    "Subcategories": 0.9876953774526106,
    "Gender": 0.97761685319289,
    "Number": 0.9904193497722632,
    "Case": 0.9822251481237656,
    "Article": 0.9914129586260734,
    "Proper Noun": 0.994535519125683,
    "Degree": 0.9875604699378023,
    "Declension": 0.9919137466307277,
    "Mood": 0.9933701657458563,
    "Voice": 0.9994475138121547,
    "Tense": 0.9939226519337017,
    "Person": 0.9896257873286403,
    "Definiteness": 0.9950980392156863
  },
  "per_interval_f1": {
    "Subcategories": 0.980024457294462,
    "Gender": 0.978545356223437,
    "Number": 0.9880211599422569,
    "Case": 0.980016810638045,
    "Article": 0.9906766153155997,
    "Proper Noun": 0.9926949797639453,
    "Degree": 0.7788790480863561,
    "Declension": 0.98932540548687,
    "Mood": 0.9932512485141105,
    "Voice": 0.9955837609277518,
    "Tense": 0.994373960155583,
    "Person": 0.9795833404999618,
    "Definiteness": 0.9947432164300255
  },
  "learning_rate": 1.8400000000000003e-05
}