{
  "epoch": 9,
  "mode": "multilabel",
  "fold": 0,
  "eval_decoder": "greedy",
  "mbr_threshold": 0.0,
  "train_loss": 0.08179687028764333,
  "val_loss": 0.2941150262951851,
  "train_composite_accuracy": 0.9870823253704264,
  "train_composite_micro_f1": 0.9870823253704264,
  "train_composite_macro_f1": 0.8776455469079006,
  "val_composite_accuracy": 0.9714336095926644,
  "val_composite_micro_f1": 0.9714336095926644,
  "val_composite_macro_f1": 0.8658630060201259,
  "per_word_class_accuracy": {
    "Word Class Noun": 0.9964871194379391,
    "Word Class Adjective": 0.964765100671141,
    "Word Class Pronoun": 0.9865016872890888,
    "Word Class Number": 0.975,
    "Word Class Verbs": 0.9966850828729282,
    "Word Class Participle": 0.958904109589041,
    "Word Class Adverb": 0.9882506527415144,
    "Word Class Conjunctions": 0.9949152542372881,
    "Word Class Foreign words": 0.75,
    "Word Class Unanalyzed word": 0.0,
    "Word Class Abbreviation": 0.875,
    "Word Class Web email or address": 0.0,
    "Word Class Punctuation": 1.0,
    "Word Class Symbol": 1.0,
    "Word Class R Article": 0.9803921568627451
  },
  "per_word_class_f1": {
    "Word Class Noun": 0.9943524829600779,
    "Word Class Adjective": 0.9663865546218487,
    "Word Class Pronoun": 0.9853932584269663,
    "Word Class Number": 0.9842271293375395,
    "Word Class Verbs": 0.9961347321921591,
    "Word Class Participle": 0.955631399317406,
    "Word Class Adverb": 0.9901896664486592,
    "Word Class Conjunctions": 0.9944938585345193,
    "Word Class Foreign words": 0.8421052631578947,
    "Word Class Unanalyzed word": 0.0,
    "Word Class Abbreviation": 0.9180327868852458,
    "Word Class Web email or address": 0.0,
    "Word Class Punctuation": 1.0,
    "Word Class Symbol": 1.0,
    "Word Class R Article": 0.9638554216867469
  },
  "per_interval_accuracy": {
    "Subcategories": 0.9828732956434985,
    "Gender": 0.97761685319289,
    "Number": 0.9894769907334694,
    "Case": 0.9806890498134738,
    "Article": 0.9949258391881343,
    "Proper Noun": 0.9953161592505855,
    "Degree": 0.9851416724257084,
    "Declension": 0.9919137466307277,
    "Mood": 0.9933701657458563,
    "Voice": 0.9994475138121547,
    "Tense": 0.9933701657458563,
    "Person": 0.9881437569470174,
    "Definiteness": 0.9950980392156863
  },
  "per_interval_f1": {
    "Subcategories": 0.9736144566327346,
    "Gender": 0.9781616275640126,
    "Number": 0.9864139081243563,
    "Case": 0.9763126623122341,
    "Article": 0.9944788171479924,
    "Proper Noun": 0.993731982303411,
    "Degree": 0.7756959247178303,
    "Declension": 0.9893004866715603,
    "Mood": 0.9940510923490531,
    "Voice": 0.9955837609277518,
    "Tense": 0.9938848646192634,
    "Person": 0.977289676846647,
    "Definiteness": 0.9947432164300255
  },
  "learning_rate": 1.8200000000000002e-05
}