{
  "epoch": 11,
  "mode": "multilabel",
  "fold": 0,
  "eval_decoder": "greedy",
  "mbr_threshold": 0.0,
  "train_loss": 0.0610836410103298,
  "val_loss": 0.25978959649801253,
  "train_composite_accuracy": 0.9901458750614112,
  "train_composite_micro_f1": 0.9901458750614112,
  "train_composite_macro_f1": 0.8921601891860536,
  "val_composite_accuracy": 0.9738418178615466,
  "val_composite_micro_f1": 0.9738418178615466,
  "val_composite_macro_f1": 0.8530372593341043,
  "per_word_class_accuracy": {
    "Word Class Noun": 0.9968774395003903,
    "Word Class Adjective": 0.9563758389261745,
    "Word Class Pronoun": 0.9898762654668166,
    "Word Class Number": 0.975,
    "Word Class Verbs": 0.9966850828729282,
    "Word Class Participle": 0.958904109589041,
    "Word Class Adverb": 0.9912967798085291,
    "Word Class Conjunctions": 0.9966101694915255,
    "Word Class Foreign words": 0.78125,
    "Word Class Unanalyzed word": 0.0,
    "Word Class Abbreviation": 0.90625,
    "Word Class Web email or address": 0.0,
    "Word Class Punctuation": 1.0,
    "Word Class Symbol": 1.0,
    "Word Class R Article": 0.9852941176470589
  },
  "per_word_class_f1": {
    "Word Class Noun": 0.9957115009746588,
    "Word Class Adjective": 0.9652836579170195,
    "Word Class Pronoun": 0.9882088714205502,
    "Word Class Number": 0.9842271293375395,
    "Word Class Verbs": 0.9972360420121614,
    "Word Class Participle": 0.9427609427609427,
    "Word Class Adverb": 0.9915125136017411,
    "Word Class Conjunctions": 0.9953449005501481,
    "Word Class Foreign words": 0.847457627118644,
    "Word Class Unanalyzed word": 0.0,
    "Word Class Abbreviation": 0.9354838709677419,
    "Word Class Web email or address": 0.0,
    "Word Class Punctuation": 1.0,
    "Word Class Symbol": 1.0,
    "Word Class R Article": 0.9686746987951808
  },
  "per_interval_accuracy": {
    "Subcategories": 0.9868639840372464,
    "Gender": 0.977397410577134,
    "Number": 0.991518768650856,
    "Case": 0.9837612464340575,
    "Article": 0.9941451990632318,
    "Proper Noun": 0.9953161592505855,
    "Degree": 0.9872149274360746,
    "Declension": 0.9919137466307277,
    "Mood": 0.9933701657458563,
    "Voice": 0.9994475138121547,
    "Tense": 0.9939226519337017,
    "Person": 0.9896257873286403,
    "Definiteness": 1.0
  },
  "per_interval_f1": {
    "Subcategories": 0.978803318648748,
    "Gender": 0.9783169179327104,
    "Number": 0.9892238789283745,
    "Case": 0.9763519218707886,
    "Article": 0.9936324781722247,
    "Proper Noun": 0.993731982303411,
    "Degree": 0.7792908616699741,
    "Declension": 0.9862551309832108,
    "Mood": 0.9940609586955786,
    "Voice": 0.9955837609277518,
    "Tense": 0.9943868782492875,
    "Person": 0.9802291289742686,
    "Definiteness": 1.0
  },
  "learning_rate": 1.7800000000000002e-05
}