{
  "epoch": 2,
  "mode": "multilabel",
  "fold": 0,
  "eval_decoder": "greedy",
  "mbr_threshold": 0.0,
  "train_loss": 0.6786916161381695,
  "val_loss": 0.3985409438610077,
  "train_composite_accuracy": 0.9281101243000373,
  "train_composite_micro_f1": 0.9281101243000373,
  "train_composite_macro_f1": 0.5616051404688343,
  "val_composite_accuracy": 0.9572135785007072,
  "val_composite_micro_f1": 0.9572135785007072,
  "val_composite_macro_f1": 0.7625080311085483,
  "per_word_class_accuracy": {
    "Word Class Noun": 0.9976580796252927,
    "Word Class Adjective": 0.9781879194630873,
    "Word Class Pronoun": 0.9910011248593926,
    "Word Class Number": 0.94375,
    "Word Class Verbs": 0.9961325966850829,
    "Word Class Participle": 0.9246575342465754,
    "Word Class Adverb": 0.9843342036553525,
    "Word Class Conjunctions": 0.9932203389830508,
    "Word Class Foreign words": 0.0,
    "Word Class Unanalyzed word": 0.0,
    "Word Class Abbreviation": 0.75,
    "Word Class Web email or address": 0.0,
    "Word Class Punctuation": 1.0,
    "Word Class Symbol": 0.0,
    "Word Class R Article": 0.9509803921568627
  },
  "per_word_class_f1": {
    "Word Class Noun": 0.991466252909232,
    "Word Class Adjective": 0.9573070607553366,
    "Word Class Pronoun": 0.9827105409927496,
    "Word Class Number": 0.967948717948718,
    "Word Class Verbs": 0.9969588056400331,
    "Word Class Participle": 0.9278350515463917,
    "Word Class Adverb": 0.9886363636363636,
    "Word Class Conjunctions": 0.9944845142129826,
    "Word Class Foreign words": 0.0,
    "Word Class Unanalyzed word": 0.0,
    "Word Class Abbreviation": 0.8421052631578947,
    "Word Class Web email or address": 0.0,
    "Word Class Punctuation": 1.0,
    "Word Class Symbol": 0.0,
    "Word Class R Article": 0.9463414634146341
  },
  "per_interval_accuracy": {
    "Subcategories": 0.9748919188560027,
    "Gender": 0.9697169190256748,
    "Number": 0.9890058112140726,
    "Case": 0.9732280008777705,
    "Article": 0.992583918813427,
    "Proper Noun": 0.994535519125683,
    "Degree": 0.9789219073946095,
    "Declension": 0.9946091644204852,
    "Mood": 0.9900552486187846,
    "Voice": 0.9961325966850829,
    "Tense": 0.9939226519337017,
    "Person": 0.9862912189699888,
    "Definiteness": 0.9901960784313726
  },
  "per_interval_f1": {
    "Subcategories": 0.8847454286229784,
    "Gender": 0.971637956715335,
    "Number": 0.9865807378173744,
    "Case": 0.948407479511865,
    "Article": 0.9919383513582399,
    "Proper Noun": 0.9926873126873127,
    "Degree": 0.7514676328610955,
    "Declension": 0.9918856406074062,
    "Mood": 0.7404688137760995,
    "Voice": 0.9674710333017543,
    "Tense": 0.9941570008001875,
    "Person": 0.9331716816578979,
    "Definiteness": 0.989514802631579
  },
  "learning_rate": 1.9600000000000002e-05
}