{
  "best_epoch": 15,
  "total_epochs_trained": 15,
  "mode": "singlelabel",
  "fold": 9,
  "optimizer": "adamw",
  "eval_decoder": "greedy",
  "mbr_threshold": 0.0,
  "train_loss": 0.028165571885034334,
  "val_loss": 0.1979300782084465,
  "train_composite_accuracy": 0.9944410830434125,
  "train_composite_micro_f1": 0.9944410830434125,
  "train_composite_macro_f1": 0.8524952733545256,
  "val_composite_accuracy": 0.9735495620501258,
  "val_composite_micro_f1": 0.9735495620501258,
  "val_composite_macro_f1": 0.8566817572946518,
  "per_word_class_accuracy": {
    "Word Class Noun": 0.9965648854961832,
    "Word Class Adjective": 0.9490333919156415,
    "Word Class Pronoun": 0.9845984598459846,
    "Word Class Number": 0.9854014598540146,
    "Word Class Verbs": 0.9994585814834868,
    "Word Class Participle": 0.9722222222222222,
    "Word Class Adverb": 0.9909365558912386,
    "Word Class Conjunctions": 0.9949832775919732,
    "Word Class Foreign words": 0.875,
    "Word Class Unanalyzed word": 0.0,
    "Word Class Abbreviation": 0.875,
    "Word Class Web email or address": 0.0,
    "Word Class Punctuation": 0.999330207635633,
    "Word Class Symbol": 0.75,
    "Word Class R Article": 0.967741935483871
  },
  "per_word_class_f1": {
    "Word Class Noun": 0.9958047292143402,
    "Word Class Adjective": 0.9565987599645706,
    "Word Class Pronoun": 0.9873138444567017,
    "Word Class Number": 0.9926470588235294,
    "Word Class Verbs": 0.9983775013520821,
    "Word Class Participle": 0.9668508287292817,
    "Word Class Adverb": 0.989655172413793,
    "Word Class Conjunctions": 0.9945674885081487,
    "Word Class Foreign words": 0.9032258064516129,
    "Word Class Unanalyzed word": 0.0,
    "Word Class Abbreviation": 0.8936170212765957,
    "Word Class Web email or address": 0.0,
    "Word Class Punctuation": 0.999330207635633,
    "Word Class Symbol": 0.8571428571428571,
    "Word Class R Article": 0.9549071618037136
  },
  "per_interval_accuracy": {
    "Subcategories": 0.9879855167873601,
    "Gender": 0.9767441860465116,
    "Number": 0.989454094292804,
    "Case": 0.9763094979352315,
    "Article": 0.9954198473282443,
    "Proper Noun": 0.9931297709923664,
    "Degree": 0.9840609840609841,
    "Declension": 0.9626168224299065,
    "Mood": 0.9962100703844071,
    "Voice": 0.9983757444504602,
    "Tense": 0.9962100703844071,
    "Person": 0.9912917271407837,
    "Definiteness": 0.967741935483871
  },
  "per_interval_f1": {
    "Subcategories": 0.9109186931337833,
    "Gender": 0.7850770757701735,
    "Number": 0.7428475692678226,
    "Case": 0.8173337200355459,
    "Article": 0.6648654325686251,
    "Proper Noun": 0.6624732719495242,
    "Degree": 0.7844576612035521,
    "Declension": 0.7295777894972542,
    "Mood": 0.7319934922002105,
    "Voice": 0.6619399755386207,
    "Tense": 0.7473674000274977,
    "Person": 0.7820185065834269,
    "Definiteness": 0.6571234783850355
  },
  "learning_rate": 1.7e-05,
  "base_learning_rate": 2e-05,
  "warmup_ratio": 0.0
}