{
  "epoch": 8,
  "mode": "singlelabel",
  "fold": 9,
  "eval_decoder": "greedy",
  "mbr_threshold": 0.0,
  "train_loss": 0.07778174376990944,
  "val_loss": 0.19920116811990737,
  "train_composite_accuracy": 0.9851856753895023,
  "train_composite_micro_f1": 0.9851856753895023,
  "train_composite_macro_f1": 0.6873231858767608,
  "val_composite_accuracy": 0.9694735929234238,
  "val_composite_micro_f1": 0.9694735929234238,
  "val_composite_macro_f1": 0.7975300793585386,
  "per_word_class_accuracy": {
    "Word Class Noun": 0.9977099236641221,
    "Word Class Adjective": 0.9543057996485061,
    "Word Class Pronoun": 0.9845984598459846,
    "Word Class Number": 0.9854014598540146,
    "Word Class Verbs": 0.9983757444504602,
    "Word Class Participle": 0.9333333333333333,
    "Word Class Adverb": 0.991799741044454,
    "Word Class Conjunctions": 0.995819397993311,
    "Word Class Foreign words": 0.7291666666666666,
    "Word Class Unanalyzed word": 0.0,
    "Word Class Abbreviation": 0.875,
    "Word Class Web email or address": 0.0,
    "Word Class Punctuation": 0.999330207635633,
    "Word Class Symbol": 0.75,
    "Word Class R Article": 0.978494623655914
  },
  "per_word_class_f1": {
    "Word Class Noun": 0.9952408147725109,
    "Word Class Adjective": 0.9543057996485061,
    "Word Class Pronoun": 0.9867695700110253,
    "Word Class Number": 0.9926470588235294,
    "Word Class Verbs": 0.9978354978354979,
    "Word Class Participle": 0.9491525423728815,
    "Word Class Adverb": 0.9909443725743855,
    "Word Class Conjunctions": 0.9949874686716792,
    "Word Class Foreign words": 0.8433734939759037,
    "Word Class Unanalyzed word": 0.0,
    "Word Class Abbreviation": 0.8936170212765957,
    "Word Class Web email or address": 0.0,
    "Word Class Punctuation": 0.999330207635633,
    "Word Class Symbol": 0.8571428571428571,
    "Word Class R Article": 0.9604221635883905
  },
  "per_interval_accuracy": {
    "Subcategories": 0.9878209348255431,
    "Gender": 0.9734840252119105,
    "Number": 0.9892990074441688,
    "Case": 0.9758748098239514,
    "Article": 0.9958015267175573,
    "Proper Noun": 0.9931297709923664,
    "Degree": 0.9851004851004851,
    "Declension": 0.965287049399199,
    "Mood": 0.9956686518678939,
    "Voice": 0.9978343259339469,
    "Tense": 0.9951272333513806,
    "Person": 0.988388969521045,
    "Definiteness": 0.978494623655914
  },
  "per_interval_f1": {
    "Subcategories": 0.9088655263591644,
    "Gender": 0.7823197570876513,
    "Number": 0.7421107687052383,
    "Case": 0.8162401043955801,
    "Article": 0.6646285537685461,
    "Proper Noun": 0.6622247598837672,
    "Degree": 0.7802149710732161,
    "Declension": 0.7322176650875444,
    "Mood": 0.7578434505144211,
    "Voice": 0.6640530950422985,
    "Tense": 0.7471207132435471,
    "Person": 0.7791629063561849,
    "Definiteness": 0.6597475588301277
  },
  "learning_rate": 1.8400000000000003e-05
}