{
  "epoch": 12,
  "mode": "singlelabel",
  "fold": 9,
  "eval_decoder": "greedy",
  "mbr_threshold": 0.0,
  "train_loss": 0.03986086915016684,
  "val_loss": 0.19321324825286865,
  "train_composite_accuracy": 0.9923234003932839,
  "train_composite_micro_f1": 0.9923234003932839,
  "train_composite_macro_f1": 0.7968311296334234,
  "val_composite_accuracy": 0.9716416616078397,
  "val_composite_micro_f1": 0.9716416616078397,
  "val_composite_macro_f1": 0.8379182549058469,
  "per_word_class_accuracy": {
    "Word Class Noun": 0.9973282442748092,
    "Word Class Adjective": 0.9490333919156415,
    "Word Class Pronoun": 0.9856985698569857,
    "Word Class Number": 0.9854014598540146,
    "Word Class Verbs": 0.9994585814834868,
    "Word Class Participle": 0.9666666666666667,
    "Word Class Adverb": 0.9913681484678464,
    "Word Class Conjunctions": 0.995819397993311,
    "Word Class Foreign words": 0.7708333333333334,
    "Word Class Unanalyzed word": 0.0,
    "Word Class Abbreviation": 0.8333333333333334,
    "Word Class Web email or address": 0.0,
    "Word Class Punctuation": 0.999330207635633,
    "Word Class Symbol": 0.75,
    "Word Class R Article": 0.967741935483871
  },
  "per_word_class_f1": {
    "Word Class Noun": 0.9954285714285714,
    "Word Class Adjective": 0.9565987599645706,
    "Word Class Pronoun": 0.9862410566868465,
    "Word Class Number": 0.9926470588235294,
    "Word Class Verbs": 0.9986475520692454,
    "Word Class Participle": 0.9639889196675899,
    "Word Class Adverb": 0.9902996335417117,
    "Word Class Conjunctions": 0.9949874686716792,
    "Word Class Foreign words": 0.8505747126436781,
    "Word Class Unanalyzed word": 0.0,
    "Word Class Abbreviation": 0.8695652173913043,
    "Word Class Web email or address": 0.0,
    "Word Class Punctuation": 0.999330207635633,
    "Word Class Symbol": 0.8571428571428571,
    "Word Class R Article": 0.9574468085106383
  },
  "per_interval_accuracy": {
    "Subcategories": 0.9868334430546412,
    "Gender": 0.9771788741577918,
    "Number": 0.9886786600496278,
    "Case": 0.9765268419908716,
    "Article": 0.9958015267175573,
    "Proper Noun": 0.9931297709923664,
    "Degree": 0.9840609840609841,
    "Declension": 0.9639519359145527,
    "Mood": 0.9945858148348673,
    "Voice": 0.9989171629669734,
    "Tense": 0.9951272333513806,
    "Person": 0.9891146589259797,
    "Definiteness": 0.967741935483871
  },
  "per_interval_f1": {
    "Subcategories": 0.9088238324017482,
    "Gender": 0.7849418566418476,
    "Number": 0.7415111141610905,
    "Case": 0.8166515322517852,
    "Article": 0.6648661260162386,
    "Proper Noun": 0.6621519047511827,
    "Degree": 0.7837705003086564,
    "Declension": 0.7283570844192097,
    "Mood": 0.7307579398802513,
    "Voice": 0.664241418839416,
    "Tense": 0.7466199855082604,
    "Person": 0.7792160197416271,
    "Definiteness": 0.6553258685041631
  },
  "learning_rate": 1.76e-05
}