{
  "epoch": 14,
  "mode": "singlelabel",
  "fold": 9,
  "eval_decoder": "greedy",
  "mbr_threshold": 0.0,
  "train_loss": 0.029550584021269775,
  "val_loss": 0.19820254445075988,
  "train_composite_accuracy": 0.9938643926788685,
  "train_composite_micro_f1": 0.9938643926788685,
  "train_composite_macro_f1": 0.8325913936071621,
  "val_composite_accuracy": 0.9713814933657098,
  "val_composite_micro_f1": 0.9713814933657098,
  "val_composite_macro_f1": 0.8398434666737986,
  "per_word_class_accuracy": {
    "Word Class Noun": 0.9958015267175573,
    "Word Class Adjective": 0.9490333919156415,
    "Word Class Pronoun": 0.9790979097909791,
    "Word Class Number": 0.9854014598540146,
    "Word Class Verbs": 0.9989171629669734,
    "Word Class Participle": 0.9666666666666667,
    "Word Class Adverb": 0.9926629261976694,
    "Word Class Conjunctions": 0.9966555183946488,
    "Word Class Foreign words": 0.8333333333333334,
    "Word Class Unanalyzed word": 0.0,
    "Word Class Abbreviation": 0.9166666666666666,
    "Word Class Web email or address": 0.0,
    "Word Class Punctuation": 0.999330207635633,
    "Word Class Symbol": 0.75,
    "Word Class R Article": 0.967741935483871
  },
  "per_word_class_f1": {
    "Word Class Noun": 0.9956115245182218,
    "Word Class Adjective": 0.9557522123893805,
    "Word Class Pronoun": 0.9850581073602657,
    "Word Class Number": 0.9926470588235294,
    "Word Class Verbs": 0.9975669099756691,
    "Word Class Participle": 0.9613259668508287,
    "Word Class Adverb": 0.9900990099009901,
    "Word Class Conjunctions": 0.9954070981210855,
    "Word Class Foreign words": 0.888888888888889,
    "Word Class Unanalyzed word": 0.0,
    "Word Class Abbreviation": 0.8979591836734694,
    "Word Class Web email or address": 0.0,
    "Word Class Punctuation": 0.999330207635633,
    "Word Class Symbol": 0.8571428571428571,
    "Word Class R Article": 0.9549071618037136
  },
  "per_interval_accuracy": {
    "Subcategories": 0.9871626069782752,
    "Gender": 0.9743534014344708,
    "Number": 0.9885235732009926,
    "Case": 0.975222777657031,
    "Article": 0.9946564885496183,
    "Proper Noun": 0.9916030534351145,
    "Degree": 0.9851004851004851,
    "Declension": 0.9626168224299065,
    "Mood": 0.9956686518678939,
    "Voice": 0.9978343259339469,
    "Tense": 0.9956686518678939,
    "Person": 0.9880261248185777,
    "Definiteness": 0.967741935483871
  },
  "per_interval_f1": {
    "Subcategories": 0.9100468147988365,
    "Gender": 0.7836218798271849,
    "Number": 0.742283363007742,
    "Case": 0.8178476326336556,
    "Article": 0.6646608107911258,
    "Proper Noun": 0.6616395751202081,
    "Degree": 0.7858245997454312,
    "Declension": 0.729862374454533,
    "Mood": 0.7317202652348975,
    "Voice": 0.6618457870631783,
    "Tense": 0.7471269659880067,
    "Person": 0.779644341318615,
    "Definiteness": 0.6571234783850355
  },
  "learning_rate": 1.72e-05
}