{
  "epoch": 5,
  "mode": "singlelabel",
  "fold": 9,
  "eval_decoder": "greedy",
  "mbr_threshold": 0.0,
  "train_loss": 0.1643367958684849,
  "val_loss": 0.22239392548799514,
  "train_composite_accuracy": 0.9724701255483286,
  "train_composite_micro_f1": 0.9724701255483286,
  "train_composite_macro_f1": 0.587048049733869,
  "val_composite_accuracy": 0.9628826641227994,
  "val_composite_micro_f1": 0.9628826641227994,
  "val_composite_macro_f1": 0.7306430744494076,
  "per_word_class_accuracy": {
    "Word Class Noun": 0.9969465648854962,
    "Word Class Adjective": 0.945518453427065,
    "Word Class Pronoun": 0.9801980198019802,
    "Word Class Number": 0.9781021897810219,
    "Word Class Verbs": 0.9989171629669734,
    "Word Class Participle": 0.9555555555555556,
    "Word Class Adverb": 0.9892101855848079,
    "Word Class Conjunctions": 0.9991638795986622,
    "Word Class Foreign words": 0.7708333333333334,
    "Word Class Unanalyzed word": 0.0,
    "Word Class Abbreviation": 0.9166666666666666,
    "Word Class Web email or address": 0.0,
    "Word Class Punctuation": 0.999330207635633,
    "Word Class Symbol": 0.25,
    "Word Class R Article": 0.967741935483871
  },
  "per_word_class_f1": {
    "Word Class Noun": 0.9958063286313381,
    "Word Class Adjective": 0.953900709219858,
    "Word Class Pronoun": 0.9823594266813671,
    "Word Class Number": 0.9852941176470589,
    "Word Class Verbs": 0.997836668469443,
    "Word Class Participle": 0.9502762430939227,
    "Word Class Adverb": 0.9896373056994818,
    "Word Class Conjunctions": 0.9945900957136912,
    "Word Class Foreign words": 0.8705882352941177,
    "Word Class Unanalyzed word": 0.0,
    "Word Class Abbreviation": 0.9166666666666666,
    "Word Class Web email or address": 0.0,
    "Word Class Punctuation": 0.998661311914324,
    "Word Class Symbol": 0.4,
    "Word Class R Article": 0.9473684210526316
  },
  "per_interval_accuracy": {
    "Subcategories": 0.9846938775510204,
    "Gender": 0.9676157357096283,
    "Number": 0.9865074441687345,
    "Case": 0.9671810475983482,
    "Article": 0.9954198473282443,
    "Proper Noun": 0.9927480916030534,
    "Degree": 0.9785169785169785,
    "Declension": 0.9612817089452603,
    "Mood": 0.9929615592853276,
    "Voice": 0.9983757444504602,
    "Tense": 0.9929615592853276,
    "Person": 0.9862119013062409,
    "Definiteness": 0.967741935483871
  },
  "per_interval_f1": {
    "Subcategories": 0.9061289678848528,
    "Gender": 0.7771686434350599,
    "Number": 0.739440824408532,
    "Case": 0.8099809941942322,
    "Article": 0.6646275135971259,
    "Proper Noun": 0.6623788598083113,
    "Degree": 0.7710442511003206,
    "Declension": 0.727403574942427,
    "Mood": 0.6530442508009535,
    "Voice": 0.6641472835177408,
    "Tense": 0.7448532072887302,
    "Person": 0.7577684094362456,
    "Definiteness": 0.6534598684131394
  },
  "learning_rate": 1.9e-05
}