{
  "epoch": 17,
  "mode": "singlelabel",
  "fold": 9,
  "eval_decoder": "greedy",
  "mbr_threshold": 0.0,
  "train_loss": 0.018121274002438636,
  "val_loss": 0.20673634260892867,
  "train_composite_accuracy": 0.9961806080774467,
  "train_composite_micro_f1": 0.9961806080774467,
  "train_composite_macro_f1": 0.8924553692970373,
  "val_composite_accuracy": 0.9723354435868529,
  "val_composite_micro_f1": 0.9723354435868529,
  "val_composite_macro_f1": 0.8472471364034626,
  "per_word_class_accuracy": {
    "Word Class Noun": 0.9965648854961832,
    "Word Class Adjective": 0.9490333919156415,
    "Word Class Pronoun": 0.9801980198019802,
    "Word Class Number": 0.9854014598540146,
    "Word Class Verbs": 0.9989171629669734,
    "Word Class Participle": 0.9611111111111111,
    "Word Class Adverb": 0.991799741044454,
    "Word Class Conjunctions": 0.9974916387959866,
    "Word Class Foreign words": 0.7708333333333334,
    "Word Class Unanalyzed word": 0.0,
    "Word Class Abbreviation": 0.9166666666666666,
    "Word Class Web email or address": 0.0,
    "Word Class Punctuation": 0.999330207635633,
    "Word Class Symbol": 0.75,
    "Word Class R Article": 0.967741935483871
  },
  "per_word_class_f1": {
    "Word Class Noun": 0.9958047292143402,
    "Word Class Adjective": 0.9557522123893805,
    "Word Class Pronoun": 0.9839867476532302,
    "Word Class Number": 0.9818181818181817,
    "Word Class Verbs": 0.9981065728969434,
    "Word Class Participle": 0.9611111111111111,
    "Word Class Adverb": 0.9894510226049515,
    "Word Class Conjunctions": 0.9958263772954925,
    "Word Class Foreign words": 0.8604651162790697,
    "Word Class Unanalyzed word": 0.0,
    "Word Class Abbreviation": 0.9166666666666666,
    "Word Class Web email or address": 0.0,
    "Word Class Punctuation": 0.999330207635633,
    "Word Class Symbol": 0.8571428571428571,
    "Word Class R Article": 0.9574468085106383
  },
  "per_interval_accuracy": {
    "Subcategories": 0.9874917709019092,
    "Gender": 0.9760921538795914,
    "Number": 0.9880583126550868,
    "Case": 0.9763094979352315,
    "Article": 0.9950381679389313,
    "Proper Noun": 0.9919847328244275,
    "Degree": 0.9840609840609841,
    "Declension": 0.9626168224299065,
    "Mood": 0.9956686518678939,
    "Voice": 0.9983757444504602,
    "Tense": 0.9962100703844071,
    "Person": 0.989477503628447,
    "Definiteness": 0.967741935483871
  },
  "per_interval_f1": {
    "Subcategories": 0.9092835395393987,
    "Gender": 0.7850691100905315,
    "Number": 0.7419688558618494,
    "Case": 0.8174004603134232,
    "Article": 0.6645933985746101,
    "Proper Noun": 0.6619633286614909,
    "Degree": 0.784503784790161,
    "Declension": 0.7305726535714547,
    "Mood": 0.7581144508699753,
    "Voice": 0.6641472835177408,
    "Tense": 0.7478727391156356,
    "Person": 0.7861414712909717,
    "Definiteness": 0.6553258685041631
  },
  "learning_rate": 1.66e-05
}