{
  "epoch": 10,
  "mode": "singlelabel",
  "fold": 9,
  "eval_decoder": "greedy",
  "mbr_threshold": 0.0,
  "train_loss": 0.05527069395017611,
  "val_loss": 0.20184968113899232,
  "train_composite_accuracy": 0.9890428830736651,
  "train_composite_micro_f1": 0.9890428830736651,
  "train_composite_macro_f1": 0.7444499580571345,
  "val_composite_accuracy": 0.9697337611655538,
  "val_composite_micro_f1": 0.9697337611655538,
  "val_composite_macro_f1": 0.8114221913963052,
  "per_word_class_accuracy": {
    "Word Class Noun": 0.9965648854961832,
    "Word Class Adjective": 0.9472759226713533,
    "Word Class Pronoun": 0.9812981298129813,
    "Word Class Number": 0.9854014598540146,
    "Word Class Verbs": 0.9994585814834868,
    "Word Class Participle": 0.9611111111111111,
    "Word Class Adverb": 0.9896417781614156,
    "Word Class Conjunctions": 0.9941471571906354,
    "Word Class Foreign words": 0.8333333333333334,
    "Word Class Unanalyzed word": 0.0,
    "Word Class Abbreviation": 0.875,
    "Word Class Web email or address": 0.0,
    "Word Class Punctuation": 0.999330207635633,
    "Word Class Symbol": 0.75,
    "Word Class R Article": 0.956989247311828
  },
  "per_word_class_f1": {
    "Word Class Noun": 0.9956148713060058,
    "Word Class Adjective": 0.9531388152077807,
    "Word Class Pronoun": 0.9834619625137817,
    "Word Class Number": 0.9926470588235294,
    "Word Class Verbs": 0.9983775013520821,
    "Word Class Participle": 0.9402173913043479,
    "Word Class Adverb": 0.9896417781614156,
    "Word Class Conjunctions": 0.9941471571906354,
    "Word Class Foreign words": 0.8988764044943819,
    "Word Class Unanalyzed word": 0.0,
    "Word Class Abbreviation": 0.875,
    "Word Class Web email or address": 0.0,
    "Word Class Punctuation": 0.999330207635633,
    "Word Class Symbol": 0.8571428571428571,
    "Word Class R Article": 0.9442970822281167
  },
  "per_interval_accuracy": {
    "Subcategories": 0.9863396971691902,
    "Gender": 0.9745707454901108,
    "Number": 0.9899193548387096,
    "Case": 0.9767441860465116,
    "Article": 0.9950381679389313,
    "Proper Noun": 0.9916030534351145,
    "Degree": 0.9816354816354816,
    "Declension": 0.9679572763684913,
    "Mood": 0.9962100703844071,
    "Voice": 0.9989171629669734,
    "Tense": 0.9956686518678939,
    "Person": 0.988388969521045,
    "Definiteness": 0.956989247311828
  },
  "per_interval_f1": {
    "Subcategories": 0.909755309981026,
    "Gender": 0.7834813422786298,
    "Number": 0.7430202874488959,
    "Case": 0.8173070285715262,
    "Article": 0.6645933985746101,
    "Proper Noun": 0.6614869104456087,
    "Degree": 0.7794251058452151,
    "Declension": 0.7315293954854747,
    "Mood": 0.7319934922002105,
    "Voice": 0.664241418839416,
    "Tense": 0.7468738191335353,
    "Person": 0.7789291766560119,
    "Definiteness": 0.6508357879680474
  },
  "learning_rate": 1.8e-05
}