{
  "epoch": 18,
  "mode": "singlelabel",
  "fold": 9,
  "eval_decoder": "greedy",
  "mbr_threshold": 0.0,
  "train_loss": 0.019087279178344494,
  "val_loss": 0.20561087876558304,
  "train_composite_accuracy": 0.9960104371502042,
  "train_composite_micro_f1": 0.9960104371502042,
  "train_composite_macro_f1": 0.9006911432878818,
  "val_composite_accuracy": 0.9723354435868529,
  "val_composite_micro_f1": 0.9723354435868529,
  "val_composite_macro_f1": 0.8596975708214771,
  "per_word_class_accuracy": {
    "Word Class Noun": 0.9965648854961832,
    "Word Class Adjective": 0.9332161687170475,
    "Word Class Pronoun": 0.9845984598459846,
    "Word Class Number": 0.9854014598540146,
    "Word Class Verbs": 0.9989171629669734,
    "Word Class Participle": 0.9833333333333333,
    "Word Class Adverb": 0.9913681484678464,
    "Word Class Conjunctions": 0.9983277591973244,
    "Word Class Foreign words": 0.875,
    "Word Class Unanalyzed word": 0.0,
    "Word Class Abbreviation": 0.9166666666666666,
    "Word Class Web email or address": 0.0,
    "Word Class Punctuation": 0.999330207635633,
    "Word Class Symbol": 0.75,
    "Word Class R Article": 0.9731182795698925
  },
  "per_word_class_f1": {
    "Word Class Noun": 0.9952353725938631,
    "Word Class Adjective": 0.9516129032258064,
    "Word Class Pronoun": 0.987858719646799,
    "Word Class Number": 0.989010989010989,
    "Word Class Verbs": 0.997836668469443,
    "Word Class Participle": 0.9619565217391305,
    "Word Class Adverb": 0.9902996335417117,
    "Word Class Conjunctions": 0.9958298582151794,
    "Word Class Foreign words": 0.9032258064516129,
    "Word Class Unanalyzed word": 0.0,
    "Word Class Abbreviation": 0.9166666666666666,
    "Word Class Web email or address": 0.0,
    "Word Class Punctuation": 0.999330207635633,
    "Word Class Symbol": 0.8571428571428571,
    "Word Class R Article": 0.9627659574468085
  },
  "per_interval_accuracy": {
    "Subcategories": 0.9869980250164582,
    "Gender": 0.9771788741577918,
    "Number": 0.9886786600496278,
    "Case": 0.975222777657031,
    "Article": 0.9950381679389313,
    "Proper Noun": 0.9919847328244275,
    "Degree": 0.9809424809424809,
    "Declension": 0.9546061415220294,
    "Mood": 0.9967514889009204,
    "Voice": 0.9983757444504602,
    "Tense": 0.9962100703844071,
    "Person": 0.9905660377358491,
    "Definiteness": 0.9731182795698925
  },
  "per_interval_f1": {
    "Subcategories": 0.9093821637289382,
    "Gender": 0.7849773986191613,
    "Number": 0.742180031900812,
    "Case": 0.8145364038751638,
    "Article": 0.6645935185661687,
    "Proper Noun": 0.6616525024847522,
    "Degree": 0.7823333864693724,
    "Declension": 0.7284124942970257,
    "Mood": 0.7324147428798591,
    "Voice": 0.6641472835177408,
    "Tense": 0.7476197885594442,
    "Person": 0.7763820515474,
    "Definiteness": 0.6601815823605707
  },
  "learning_rate": 1.64e-05
}