{
  "epoch": 9,
  "mode": "singlelabel",
  "fold": 9,
  "eval_decoder": "greedy",
  "mbr_threshold": 0.0,
  "train_loss": 0.06191306639451864,
  "val_loss": 0.19140221923589706,
  "train_composite_accuracy": 0.9880218575102102,
  "train_composite_micro_f1": 0.9880218575102102,
  "train_composite_macro_f1": 0.7221203899078437,
  "val_composite_accuracy": 0.968953256439164,
  "val_composite_micro_f1": 0.968953256439164,
  "val_composite_macro_f1": 0.7945776428763578,
  "per_word_class_accuracy": {
    "Word Class Noun": 0.9961832061068703,
    "Word Class Adjective": 0.945518453427065,
    "Word Class Pronoun": 0.9801980198019802,
    "Word Class Number": 0.9854014598540146,
    "Word Class Verbs": 0.9994585814834868,
    "Word Class Participle": 0.9555555555555556,
    "Word Class Adverb": 0.9909365558912386,
    "Word Class Conjunctions": 0.995819397993311,
    "Word Class Foreign words": 0.8125,
    "Word Class Unanalyzed word": 0.0,
    "Word Class Abbreviation": 0.875,
    "Word Class Web email or address": 0.0,
    "Word Class Punctuation": 0.999330207635633,
    "Word Class Symbol": 0.75,
    "Word Class R Article": 0.9623655913978495
  },
  "per_word_class_f1": {
    "Word Class Noun": 0.9954233409610984,
    "Word Class Adjective": 0.953900709219858,
    "Word Class Pronoun": 0.9829012686155543,
    "Word Class Number": 0.9926470588235294,
    "Word Class Verbs": 0.997568224804107,
    "Word Class Participle": 0.9476584022038568,
    "Word Class Adverb": 0.9892287806979749,
    "Word Class Conjunctions": 0.9949874686716792,
    "Word Class Foreign words": 0.8863636363636362,
    "Word Class Unanalyzed word": 0.0,
    "Word Class Abbreviation": 0.8936170212765957,
    "Word Class Web email or address": 0.0,
    "Word Class Punctuation": 0.999330207635633,
    "Word Class Symbol": 0.8571428571428571,
    "Word Class R Article": 0.9521276595744681
  },
  "per_interval_accuracy": {
    "Subcategories": 0.9851876234364714,
    "Gender": 0.9732666811562704,
    "Number": 0.9875930521091811,
    "Case": 0.9730493371006304,
    "Article": 0.9942748091603053,
    "Proper Noun": 0.9923664122137404,
    "Degree": 0.9830214830214831,
    "Declension": 0.9626168224299065,
    "Mood": 0.9962100703844071,
    "Voice": 0.9989171629669734,
    "Tense": 0.9956686518678939,
    "Person": 0.988388969521045,
    "Definiteness": 0.9623655913978495
  },
  "per_interval_f1": {
    "Subcategories": 0.9074478292348713,
    "Gender": 0.782337545033993,
    "Number": 0.7411357199954348,
    "Case": 0.813196378375343,
    "Article": 0.6641508095203689,
    "Proper Noun": 0.662529922325718,
    "Degree": 0.7808928718538128,
    "Declension": 0.7308169722020234,
    "Mood": 0.7319934922002105,
    "Voice": 0.664241418839416,
    "Tense": 0.7468738191335353,
    "Person": 0.7793749737050905,
    "Definiteness": 0.6540087428543978
  },
  "learning_rate": 1.8200000000000002e-05
}