{
  "epoch": 11,
  "mode": "singlelabel",
  "fold": 9,
  "eval_decoder": "greedy",
  "mbr_threshold": 0.0,
  "train_loss": 0.04587623606784353,
  "val_loss": 0.20129169374704362,
  "train_composite_accuracy": 0.9909242172137347,
  "train_composite_micro_f1": 0.9909242172137347,
  "train_composite_macro_f1": 0.7701317610528197,
  "val_composite_accuracy": 0.9710346023762033,
  "val_composite_micro_f1": 0.9710346023762033,
  "val_composite_macro_f1": 0.8192335505536517,
  "per_word_class_accuracy": {
    "Word Class Noun": 0.9969465648854962,
    "Word Class Adjective": 0.9543057996485061,
    "Word Class Pronoun": 0.9812981298129813,
    "Word Class Number": 0.9854014598540146,
    "Word Class Verbs": 0.9989171629669734,
    "Word Class Participle": 0.95,
    "Word Class Adverb": 0.9926629261976694,
    "Word Class Conjunctions": 0.9974916387959866,
    "Word Class Foreign words": 0.8333333333333334,
    "Word Class Unanalyzed word": 0.0,
    "Word Class Abbreviation": 0.875,
    "Word Class Web email or address": 0.0,
    "Word Class Punctuation": 0.999330207635633,
    "Word Class Symbol": 0.75,
    "Word Class R Article": 0.978494623655914
  },
  "per_word_class_f1": {
    "Word Class Noun": 0.9958063286313381,
    "Word Class Adjective": 0.9576719576719576,
    "Word Class Pronoun": 0.9867256637168141,
    "Word Class Number": 0.9926470588235294,
    "Word Class Verbs": 0.997836668469443,
    "Word Class Participle": 0.957983193277311,
    "Word Class Adverb": 0.9907387465001075,
    "Word Class Conjunctions": 0.9958263772954925,
    "Word Class Foreign words": 0.9090909090909091,
    "Word Class Unanalyzed word": 0.0,
    "Word Class Abbreviation": 0.8936170212765957,
    "Word Class Web email or address": 0.0,
    "Word Class Punctuation": 0.999330207635633,
    "Word Class Symbol": 0.8571428571428571,
    "Word Class R Article": 0.9604221635883905
  },
  "per_interval_accuracy": {
    "Subcategories": 0.9873271889400922,
    "Gender": 0.9756574657683112,
    "Number": 0.9886786600496278,
    "Case": 0.9743534014344708,
    "Article": 0.9954198473282443,
    "Proper Noun": 0.9938931297709923,
    "Degree": 0.9854469854469855,
    "Declension": 0.9612817089452603,
    "Mood": 0.9935029778018408,
    "Voice": 0.9983757444504602,
    "Tense": 0.9945858148348673,
    "Person": 0.987300435413643,
    "Definiteness": 0.978494623655914
  },
  "per_interval_f1": {
    "Subcategories": 0.909127213340349,
    "Gender": 0.7844717115792851,
    "Number": 0.7418074412401361,
    "Case": 0.8170706488855551,
    "Article": 0.6646957981671847,
    "Proper Noun": 0.6633559426071126,
    "Degree": 0.7810484231826792,
    "Declension": 0.7292101067286554,
    "Mood": 0.7295975253200454,
    "Voice": 0.6641472835177408,
    "Tense": 0.7464964088209297,
    "Person": 0.7783812289883391,
    "Definiteness": 0.6597475588301277
  },
  "learning_rate": 1.7800000000000002e-05
}