{
  "epoch": 3,
  "mode": "singlelabel",
  "fold": 9,
  "eval_decoder": "greedy",
  "mbr_threshold": 0.0,
  "train_loss": 0.33366673059078283,
  "val_loss": 0.2760709673166275,
  "train_composite_accuracy": 0.947039025865981,
  "train_composite_micro_f1": 0.947039025865981,
  "train_composite_macro_f1": 0.4359653183495349,
  "val_composite_accuracy": 0.9526493799323562,
  "val_composite_micro_f1": 0.9526493799323562,
  "val_composite_macro_f1": 0.6205911757952172,
  "per_word_class_accuracy": {
    "Word Class Noun": 0.9969465648854962,
    "Word Class Adjective": 0.9138840070298769,
    "Word Class Pronoun": 0.9845984598459846,
    "Word Class Number": 0.9635036496350365,
    "Word Class Verbs": 0.9983757444504602,
    "Word Class Participle": 0.9611111111111111,
    "Word Class Adverb": 0.9892101855848079,
    "Word Class Conjunctions": 0.995819397993311,
    "Word Class Foreign words": 0.5208333333333334,
    "Word Class Unanalyzed word": 0.0,
    "Word Class Abbreviation": 0.875,
    "Word Class Web email or address": 0.0,
    "Word Class Punctuation": 0.999330207635633,
    "Word Class Symbol": 0.0,
    "Word Class R Article": 0.956989247311828
  },
  "per_word_class_f1": {
    "Word Class Noun": 0.995047619047619,
    "Word Class Adjective": 0.9377817853922452,
    "Word Class Pronoun": 0.9792122538293216,
    "Word Class Number": 0.9777777777777779,
    "Word Class Verbs": 0.9964874358281545,
    "Word Class Participle": 0.947945205479452,
    "Word Class Adverb": 0.98601849860185,
    "Word Class Conjunctions": 0.9941569282136896,
    "Word Class Foreign words": 0.684931506849315,
    "Word Class Unanalyzed word": 0.0,
    "Word Class Abbreviation": 0.8571428571428572,
    "Word Class Web email or address": 0.0,
    "Word Class Punctuation": 0.998661311914324,
    "Word Class Symbol": 0.0,
    "Word Class R Article": 0.9393139841688654
  },
  "per_interval_accuracy": {
    "Subcategories": 0.9807439104674127,
    "Gender": 0.9521843077591828,
    "Number": 0.9795285359801489,
    "Case": 0.9621821343186264,
    "Article": 0.9938931297709923,
    "Proper Noun": 0.9912213740458016,
    "Degree": 0.975051975051975,
    "Declension": 0.9385847797062751,
    "Mood": 0.9940443963183541,
    "Voice": 0.9978343259339469,
    "Tense": 0.9940443963183541,
    "Person": 0.9865747460087083,
    "Definiteness": 0.956989247311828
  },
  "per_interval_f1": {
    "Subcategories": 0.8922516545308949,
    "Gender": 0.7652398139837018,
    "Number": 0.7328996660811768,
    "Case": 0.8005813743258664,
    "Article": 0.6635397435257722,
    "Proper Noun": 0.6610678324862514,
    "Degree": 0.7600300681561589,
    "Declension": 0.7189482085608622,
    "Mood": 0.5974948018690117,
    "Voice": 0.6640530950422985,
    "Tense": 0.7454857078216132,
    "Person": 0.737524286200808,
    "Definiteness": 0.6489200916581347
  },
  "learning_rate": 1.94e-05
}