{
  "epoch": 13,
  "mode": "singlelabel",
  "fold": 9,
  "eval_decoder": "greedy",
  "mbr_threshold": 0.0,
  "train_loss": 0.03268079527787962,
  "val_loss": 0.20425325334072114,
  "train_composite_accuracy": 0.9931458932082892,
  "train_composite_micro_f1": 0.9931458932082892,
  "train_composite_macro_f1": 0.8126310517656088,
  "val_composite_accuracy": 0.9712080478709566,
  "val_composite_micro_f1": 0.9712080478709566,
  "val_composite_macro_f1": 0.8389660756098372,
  "per_word_class_accuracy": {
    "Word Class Noun": 0.9973282442748092,
    "Word Class Adjective": 0.9648506151142355,
    "Word Class Pronoun": 0.9812981298129813,
    "Word Class Number": 0.9854014598540146,
    "Word Class Verbs": 0.9994585814834868,
    "Word Class Participle": 0.9611111111111111,
    "Word Class Adverb": 0.9887785930082003,
    "Word Class Conjunctions": 0.995819397993311,
    "Word Class Foreign words": 0.7708333333333334,
    "Word Class Unanalyzed word": 0.0,
    "Word Class Abbreviation": 0.8333333333333334,
    "Word Class Web email or address": 0.0,
    "Word Class Punctuation": 0.999330207635633,
    "Word Class Symbol": 0.75,
    "Word Class R Article": 0.956989247311828
  },
  "per_word_class_f1": {
    "Word Class Noun": 0.9956182129929511,
    "Word Class Adjective": 0.9581151832460734,
    "Word Class Pronoun": 0.9845474613686535,
    "Word Class Number": 0.9926470588235294,
    "Word Class Verbs": 0.9981075966477426,
    "Word Class Participle": 0.9637883008356547,
    "Word Class Adverb": 0.9892055267702937,
    "Word Class Conjunctions": 0.9949874686716792,
    "Word Class Foreign words": 0.8705882352941177,
    "Word Class Unanalyzed word": 0.0,
    "Word Class Abbreviation": 0.8695652173913043,
    "Word Class Web email or address": 0.0,
    "Word Class Punctuation": 0.999330207635633,
    "Word Class Symbol": 0.8571428571428571,
    "Word Class R Article": 0.9518716577540107
  },
  "per_interval_accuracy": {
    "Subcategories": 0.9850230414746544,
    "Gender": 0.9773962182134318,
    "Number": 0.9902295285359801,
    "Case": 0.9771788741577918,
    "Article": 0.9958015267175573,
    "Proper Noun": 0.9931297709923664,
    "Degree": 0.9857934857934858,
    "Declension": 0.9706275033377837,
    "Mood": 0.9962100703844071,
    "Voice": 0.9989171629669734,
    "Tense": 0.9962100703844071,
    "Person": 0.9887518142235123,
    "Definiteness": 0.956989247311828
  },
  "per_interval_f1": {
    "Subcategories": 0.9083820341821796,
    "Gender": 0.7851660724019986,
    "Number": 0.7430804382765474,
    "Case": 0.8187328312292097,
    "Article": 0.6648661260162386,
    "Proper Noun": 0.6624569838452702,
    "Degree": 0.7844320773105021,
    "Declension": 0.7315713297983268,
    "Mood": 0.7319934922002105,
    "Voice": 0.664241418839416,
    "Tense": 0.7473674000274977,
    "Person": 0.7794630466824344,
    "Definiteness": 0.6526813271604938
  },
  "learning_rate": 1.7400000000000003e-05
}