{
  "epoch": 6,
  "mode": "singlelabel",
  "fold": 9,
  "eval_decoder": "greedy",
  "mbr_threshold": 0.0,
  "train_loss": 0.12512719274120299,
  "val_loss": 0.21045496612787246,
  "train_composite_accuracy": 0.977792693994857,
  "train_composite_micro_f1": 0.977792693994857,
  "train_composite_macro_f1": 0.6279829560221687,
  "val_composite_accuracy": 0.9655710692914752,
  "val_composite_micro_f1": 0.9655710692914752,
  "val_composite_macro_f1": 0.760794202697446,
  "per_word_class_accuracy": {
    "Word Class Noun": 0.9969465648854962,
    "Word Class Adjective": 0.9437609841827768,
    "Word Class Pronoun": 0.9900990099009901,
    "Word Class Number": 0.9781021897810219,
    "Word Class Verbs": 0.9983757444504602,
    "Word Class Participle": 0.9611111111111111,
    "Word Class Adverb": 0.9909365558912386,
    "Word Class Conjunctions": 0.9941471571906354,
    "Word Class Foreign words": 0.8125,
    "Word Class Unanalyzed word": 0.0,
    "Word Class Abbreviation": 0.875,
    "Word Class Web email or address": 0.0,
    "Word Class Punctuation": 0.999330207635633,
    "Word Class Symbol": 0.5,
    "Word Class R Article": 0.9408602150537635
  },
  "per_word_class_f1": {
    "Word Class Noun": 0.9956165427863541,
    "Word Class Adjective": 0.9521276595744681,
    "Word Class Pronoun": 0.9852216748768472,
    "Word Class Number": 0.988929889298893,
    "Word Class Verbs": 0.9970262233035955,
    "Word Class Participle": 0.947945205479452,
    "Word Class Adverb": 0.9902954496441664,
    "Word Class Conjunctions": 0.9953955629970698,
    "Word Class Foreign words": 0.8863636363636362,
    "Word Class Unanalyzed word": 0.0,
    "Word Class Abbreviation": 0.8936170212765957,
    "Word Class Web email or address": 0.0,
    "Word Class Punctuation": 0.9989956478071643,
    "Word Class Symbol": 0.6666666666666666,
    "Word Class R Article": 0.9459459459459459
  },
  "per_interval_accuracy": {
    "Subcategories": 0.9868334430546412,
    "Gender": 0.9710932405998696,
    "Number": 0.987437965260546,
    "Case": 0.9719626168224299,
    "Article": 0.9950381679389313,
    "Proper Noun": 0.9916030534351145,
    "Degree": 0.9819819819819819,
    "Declension": 0.9639519359145527,
    "Mood": 0.9956686518678939,
    "Voice": 0.9972929074174337,
    "Tense": 0.9956686518678939,
    "Person": 0.9902031930333817,
    "Definiteness": 0.9408602150537635
  },
  "per_interval_f1": {
    "Subcategories": 0.9070088533863503,
    "Gender": 0.7799477353271775,
    "Number": 0.7405900555875508,
    "Case": 0.8119556395284646,
    "Article": 0.6644240570846075,
    "Proper Noun": 0.6614044540229885,
    "Degree": 0.7717676520794725,
    "Declension": 0.7310214949022664,
    "Mood": 0.7314507603876375,
    "Voice": 0.6616917510228264,
    "Tense": 0.7473642953630497,
    "Person": 0.7582498058082288,
    "Definiteness": 0.6429811507936508
  },
  "learning_rate": 1.88e-05
}