{
  "epoch": 16,
  "mode": "singlelabel",
  "fold": 9,
  "eval_decoder": "greedy",
  "mbr_threshold": 0.0,
  "train_loss": 0.023320074512093197,
  "val_loss": 0.20795637965202332,
  "train_composite_accuracy": 0.9951690364543941,
  "train_composite_micro_f1": 0.9951690364543941,
  "train_composite_macro_f1": 0.8658456120375672,
  "val_composite_accuracy": 0.9719885525973463,
  "val_composite_micro_f1": 0.9719885525973463,
  "val_composite_macro_f1": 0.8574448721467542,
  "per_word_class_accuracy": {
    "Word Class Noun": 0.9965648854961832,
    "Word Class Adjective": 0.945518453427065,
    "Word Class Pronoun": 0.9867986798679867,
    "Word Class Number": 0.9854014598540146,
    "Word Class Verbs": 0.9989171629669734,
    "Word Class Participle": 0.9722222222222222,
    "Word Class Adverb": 0.9909365558912386,
    "Word Class Conjunctions": 0.9949832775919732,
    "Word Class Foreign words": 0.8333333333333334,
    "Word Class Unanalyzed word": 0.0,
    "Word Class Abbreviation": 0.875,
    "Word Class Web email or address": 0.0,
    "Word Class Punctuation": 0.999330207635633,
    "Word Class Symbol": 0.75,
    "Word Class R Article": 0.967741935483871
  },
  "per_word_class_f1": {
    "Word Class Noun": 0.9950457317073169,
    "Word Class Adjective": 0.953900709219858,
    "Word Class Pronoun": 0.9884297520661156,
    "Word Class Number": 0.9926470588235294,
    "Word Class Verbs": 0.997836668469443,
    "Word Class Participle": 0.9589041095890412,
    "Word Class Adverb": 0.9900819318671841,
    "Word Class Conjunctions": 0.9953994144709326,
    "Word Class Foreign words": 0.8988764044943819,
    "Word Class Unanalyzed word": 0.0,
    "Word Class Abbreviation": 0.8936170212765957,
    "Word Class Web email or address": 0.0,
    "Word Class Punctuation": 0.999330207635633,
    "Word Class Symbol": 0.8571428571428571,
    "Word Class R Article": 0.9549071618037136
  },
  "per_interval_accuracy": {
    "Subcategories": 0.9879855167873601,
    "Gender": 0.975005433601391,
    "Number": 0.9882133995037221,
    "Case": 0.9769615301021517,
    "Article": 0.9950381679389313,
    "Proper Noun": 0.9916030534351145,
    "Degree": 0.9837144837144837,
    "Declension": 0.965287049399199,
    "Mood": 0.9935029778018408,
    "Voice": 0.9983757444504602,
    "Tense": 0.9935029778018408,
    "Person": 0.9905660377358491,
    "Definiteness": 0.967741935483871
  },
  "per_interval_f1": {
    "Subcategories": 0.9112184473167094,
    "Gender": 0.7830149301770795,
    "Number": 0.7408126143071138,
    "Case": 0.8150279775314279,
    "Article": 0.6645935185661687,
    "Proper Noun": 0.66163468268979,
    "Degree": 0.7866886782739367,
    "Declension": 0.7274440423797426,
    "Mood": 0.7303395863512234,
    "Voice": 0.6641472835177408,
    "Tense": 0.7456277874975262,
    "Person": 0.7818361163071355,
    "Definiteness": 0.6571234783850355
  },
  "learning_rate": 1.6800000000000002e-05
}