{
  "epoch": 4,
  "mode": "singlelabel",
  "fold": 9,
  "eval_decoder": "greedy",
  "mbr_threshold": 0.0,
  "train_loss": 0.22120948940830026,
  "val_loss": 0.22916992902755737,
  "train_composite_accuracy": 0.9634605203448797,
  "train_composite_micro_f1": 0.9634605203448797,
  "train_composite_macro_f1": 0.5224488503277686,
  "val_composite_accuracy": 0.9612349319226433,
  "val_composite_micro_f1": 0.9612349319226433,
  "val_composite_macro_f1": 0.682375734387449,
  "per_word_class_accuracy": {
    "Word Class Noun": 0.9969465648854962,
    "Word Class Adjective": 0.9314586994727593,
    "Word Class Pronoun": 0.977997799779978,
    "Word Class Number": 0.9781021897810219,
    "Word Class Verbs": 0.9989171629669734,
    "Word Class Participle": 0.9555555555555556,
    "Word Class Adverb": 0.9926629261976694,
    "Word Class Conjunctions": 0.9974916387959866,
    "Word Class Foreign words": 0.75,
    "Word Class Unanalyzed word": 0.0,
    "Word Class Abbreviation": 0.875,
    "Word Class Web email or address": 0.0,
    "Word Class Punctuation": 0.999330207635633,
    "Word Class Symbol": 0.25,
    "Word Class R Article": 0.956989247311828
  },
  "per_word_class_f1": {
    "Word Class Noun": 0.996186117467582,
    "Word Class Adjective": 0.949820788530466,
    "Word Class Pronoun": 0.980154355016538,
    "Word Class Number": 0.988929889298893,
    "Word Class Verbs": 0.9975669099756691,
    "Word Class Participle": 0.9555555555555556,
    "Word Class Adverb": 0.9890346162115675,
    "Word Class Conjunctions": 0.9945810754481034,
    "Word Class Foreign words": 0.8571428571428571,
    "Word Class Unanalyzed word": 0.0,
    "Word Class Abbreviation": 0.8936170212765957,
    "Word Class Web email or address": 0.0,
    "Word Class Punctuation": 0.998661311914324,
    "Word Class Symbol": 0.4,
    "Word Class R Article": 0.9295039164490861
  },
  "per_interval_accuracy": {
    "Subcategories": 0.9855167873601053,
    "Gender": 0.9593566615953054,
    "Number": 0.984181141439206,
    "Case": 0.9680504238209084,
    "Article": 0.9946564885496183,
    "Proper Noun": 0.9931297709923664,
    "Degree": 0.9788634788634789,
    "Declension": 0.9492656875834445,
    "Mood": 0.9940443963183541,
    "Voice": 0.9983757444504602,
    "Tense": 0.9951272333513806,
    "Person": 0.9854862119013063,
    "Definiteness": 0.956989247311828
  },
  "per_interval_f1": {
    "Subcategories": 0.9043140636415726,
    "Gender": 0.7723841743812138,
    "Number": 0.7384155511009465,
    "Case": 0.8111765000250882,
    "Article": 0.664083628561449,
    "Proper Noun": 0.6627016018591682,
    "Degree": 0.7620511266689991,
    "Declension": 0.7209167698164193,
    "Mood": 0.5972219608554299,
    "Voice": 0.6641472835177408,
    "Tense": 0.7462344250414942,
    "Person": 0.7384416597832164,
    "Definiteness": 0.6508357879680474
  },
  "learning_rate": 1.9200000000000003e-05
}