{
  "epoch": 2,
  "mode": "singlelabel",
  "fold": 9,
  "eval_decoder": "greedy",
  "mbr_threshold": 0.0,
  "train_loss": 0.5916409598774611,
  "val_loss": 0.3791922748088837,
  "train_composite_accuracy": 0.912768491907427,
  "train_composite_micro_f1": 0.912768491907427,
  "train_composite_macro_f1": 0.32676945930778817,
  "val_composite_accuracy": 0.9353915532044055,
  "val_composite_micro_f1": 0.9353915532044055,
  "val_composite_macro_f1": 0.497473039732283,
  "per_word_class_accuracy": {
    "Word Class Noun": 0.9954198473282443,
    "Word Class Adjective": 0.9015817223198594,
    "Word Class Pronoun": 0.9691969196919692,
    "Word Class Number": 0.9562043795620438,
    "Word Class Verbs": 0.9972929074174337,
    "Word Class Participle": 0.9444444444444444,
    "Word Class Adverb": 0.9887785930082003,
    "Word Class Conjunctions": 0.9949832775919732,
    "Word Class Foreign words": 0.3125,
    "Word Class Unanalyzed word": 0.0,
    "Word Class Abbreviation": 0.7916666666666666,
    "Word Class Web email or address": 0.0,
    "Word Class Punctuation": 0.999330207635633,
    "Word Class Symbol": 0.0,
    "Word Class R Article": 0.7956989247311828
  },
  "per_word_class_f1": {
    "Word Class Noun": 0.9914464930621555,
    "Word Class Adjective": 0.9144385026737969,
    "Word Class Pronoun": 0.9550135501355014,
    "Word Class Number": 0.9632352941176471,
    "Word Class Verbs": 0.9956756756756757,
    "Word Class Participle": 0.9497206703910613,
    "Word Class Adverb": 0.9826292086639502,
    "Word Class Conjunctions": 0.992080033347228,
    "Word Class Foreign words": 0.47619047619047616,
    "Word Class Unanalyzed word": 0.0,
    "Word Class Abbreviation": 0.8636363636363635,
    "Word Class Web email or address": 0.0,
    "Word Class Punctuation": 0.9996649916247906,
    "Word Class Symbol": 0.0,
    "Word Class R Article": 0.8579710144927536
  },
  "per_interval_accuracy": {
    "Subcategories": 0.9756418696510862,
    "Gender": 0.9393610084764181,
    "Number": 0.9736352357320099,
    "Case": 0.9432732014779396,
    "Article": 0.9919847328244275,
    "Proper Noun": 0.9874045801526717,
    "Degree": 0.9684684684684685,
    "Declension": 0.9225634178905207,
    "Mood": 0.9924201407688142,
    "Voice": 0.9956686518678939,
    "Tense": 0.9902544667027612,
    "Person": 0.9771407837445574,
    "Definiteness": 0.7849462365591398
  },
  "per_interval_f1": {
    "Subcategories": 0.8826885827559352,
    "Gender": 0.7550001432558604,
    "Number": 0.7273508989854032,
    "Case": 0.7802698559577625,
    "Article": 0.6628582946478887,
    "Proper Noun": 0.6587902799404093,
    "Degree": 0.7314148424558333,
    "Declension": 0.7110427662852834,
    "Mood": 0.596593989685811,
    "Voice": 0.6569987100910569,
    "Tense": 0.7426076245179274,
    "Person": 0.7255491955621963,
    "Definiteness": 0.502102102102102
  },
  "learning_rate": 1.9600000000000002e-05
}