{
  "epoch": 7,
  "mode": "singlelabel",
  "fold": 9,
  "eval_decoder": "greedy",
  "mbr_threshold": 0.0,
  "train_loss": 0.09841592959094429,
  "val_loss": 0.19890376329421997,
  "train_composite_accuracy": 0.9818957041294811,
  "train_composite_micro_f1": 0.9818957041294811,
  "train_composite_macro_f1": 0.6569394840786392,
  "val_composite_accuracy": 0.9677391379758911,
  "val_composite_micro_f1": 0.9677391379758911,
  "val_composite_macro_f1": 0.778371923920047,
  "per_word_class_accuracy": {
    "Word Class Noun": 0.9958015267175573,
    "Word Class Adjective": 0.9525483304042179,
    "Word Class Pronoun": 0.9845984598459846,
    "Word Class Number": 0.9781021897810219,
    "Word Class Verbs": 0.9978343259339469,
    "Word Class Participle": 0.9444444444444444,
    "Word Class Adverb": 0.9909365558912386,
    "Word Class Conjunctions": 0.9949832775919732,
    "Word Class Foreign words": 0.8125,
    "Word Class Unanalyzed word": 0.0,
    "Word Class Abbreviation": 0.875,
    "Word Class Web email or address": 0.0,
    "Word Class Punctuation": 0.999330207635633,
    "Word Class Symbol": 0.5,
    "Word Class R Article": 0.956989247311828
  },
  "per_word_class_f1": {
    "Word Class Noun": 0.995231737554835,
    "Word Class Adjective": 0.9525483304042179,
    "Word Class Pronoun": 0.9845984598459846,
    "Word Class Number": 0.988929889298893,
    "Word Class Verbs": 0.9978343259339469,
    "Word Class Participle": 0.9550561797752809,
    "Word Class Adverb": 0.9892287806979749,
    "Word Class Conjunctions": 0.9945674885081487,
    "Word Class Foreign words": 0.8666666666666666,
    "Word Class Unanalyzed word": 0.0,
    "Word Class Abbreviation": 0.875,
    "Word Class Web email or address": 0.0,
    "Word Class Punctuation": 0.9989956478071643,
    "Word Class Symbol": 0.6666666666666666,
    "Word Class R Article": 0.9493333333333334
  },
  "per_interval_accuracy": {
    "Subcategories": 0.9866688610928243,
    "Gender": 0.97217996087807,
    "Number": 0.9872828784119106,
    "Case": 0.9726146489893501,
    "Article": 0.9938931297709923,
    "Proper Noun": 0.9912213740458016,
    "Degree": 0.9840609840609841,
    "Declension": 0.965287049399199,
    "Mood": 0.9940443963183541,
    "Voice": 0.9967514889009204,
    "Tense": 0.9940443963183541,
    "Person": 0.988388969521045,
    "Definiteness": 0.956989247311828
  },
  "per_interval_f1": {
    "Subcategories": 0.9082195799352543,
    "Gender": 0.7811264315103609,
    "Number": 0.7405538936472208,
    "Case": 0.8121251673735017,
    "Article": 0.664116842598911,
    "Proper Noun": 0.6613265566417595,
    "Degree": 0.7790879096905688,
    "Declension": 0.7317416349516019,
    "Mood": 0.7304835833658572,
    "Voice": 0.6615975094235964,
    "Tense": 0.7463736818353612,
    "Person": 0.7797421717911872,
    "Definiteness": 0.6526813271604938
  },
  "learning_rate": 1.86e-05
}