{
  "epoch": 1,
  "mode": "singlelabel",
  "fold": 9,
  "eval_decoder": "greedy",
  "mbr_threshold": 0.0,
  "train_loss": 2.0914261420047264,
  "val_loss": 0.7180583655834198,
  "train_composite_accuracy": 0.706029723188625,
  "train_composite_micro_f1": 0.706029723188625,
  "train_composite_macro_f1": 0.1344699850593769,
  "val_composite_accuracy": 0.889428497094788,
  "val_composite_micro_f1": 0.889428497094788,
  "val_composite_macro_f1": 0.33563921131260177,
  "per_word_class_accuracy": {
    "Word Class Noun": 0.9973282442748092,
    "Word Class Adjective": 0.7996485061511424,
    "Word Class Pronoun": 0.8778877887788779,
    "Word Class Number": 0.9635036496350365,
    "Word Class Verbs": 0.9978343259339469,
    "Word Class Participle": 0.95,
    "Word Class Adverb": 0.9857574449719465,
    "Word Class Conjunctions": 0.9933110367892977,
    "Word Class Foreign words": 0.0,
    "Word Class Unanalyzed word": 0.0,
    "Word Class Abbreviation": 0.4166666666666667,
    "Word Class Web email or address": 0.0,
    "Word Class Punctuation": 0.999330207635633,
    "Word Class Symbol": 0.0,
    "Word Class R Article": 0.7150537634408602
  },
  "per_word_class_f1": {
    "Word Class Noun": 0.9786516853932585,
    "Word Class Adjective": 0.8496732026143792,
    "Word Class Pronoun": 0.9032258064516129,
    "Word Class Number": 0.8407643312101912,
    "Word Class Verbs": 0.9954091277342696,
    "Word Class Participle": 0.9243243243243242,
    "Word Class Adverb": 0.9754430920350203,
    "Word Class Conjunctions": 0.9879417879417879,
    "Word Class Foreign words": 0.0,
    "Word Class Unanalyzed word": 0.0,
    "Word Class Abbreviation": 0.5882352941176471,
    "Word Class Web email or address": 0.0,
    "Word Class Punctuation": 0.9996649916247906,
    "Word Class Symbol": 0.0,
    "Word Class R Article": 0.7893175074183976
  },
  "per_interval_accuracy": {
    "Subcategories": 0.955892034233048,
    "Gender": 0.8880678113453597,
    "Number": 0.9536290322580645,
    "Case": 0.8908932840686807,
    "Article": 0.9912213740458016,
    "Proper Noun": 0.9866412213740458,
    "Degree": 0.9393624393624393,
    "Declension": 0.8331108144192256,
    "Mood": 0.989713048186248,
    "Voice": 0.989713048186248,
    "Tense": 0.9880887926367081,
    "Person": 0.9357764876632801,
    "Definiteness": 0.6989247311827957
  },
  "per_interval_f1": {
    "Subcategories": 0.7855227430585643,
    "Gender": 0.7135370216376773,
    "Number": 0.7076324116030395,
    "Case": 0.7150103045547523,
    "Article": 0.6615293752783917,
    "Proper Noun": 0.6569242823697932,
    "Degree": 0.6506930359417213,
    "Declension": 0.6504128782609795,
    "Mood": 0.5947967470430614,
    "Voice": 0.6251783825529272,
    "Tense": 0.7403686789705537,
    "Person": 0.6626842414343095,
    "Definiteness": 0.40236441798941797
  },
  "learning_rate": 1.98e-05
}