{
  "mode": "singlelabel",
  "fold": 9,
  "eval_decoder": "greedy",
  "mbr_threshold": 0.0,
  "temperature": 1.0,
  "ood_data_path": "data/OOD-BRAGD.json",
  "num_sentences": 500,
  "composite_accuracy": 0.9580125243814803,
  "composite_micro_f1": 0.9580125243814803,
  "composite_macro_f1": 0.7890889644031299,
  "word_class_accuracy": 0.988091571707217,
  "word_class_macro_f1": 0.9375938378100728,
  "per_word_class_accuracy": {
    "Word Class Noun": 0.990418118466899,
    "Word Class Adjective": 0.9532554257095158,
    "Word Class Pronoun": 0.9917808219178083,
    "Word Class Number": 1.0,
    "Word Class Verbs": 0.9978601997146933,
    "Word Class Participle": 0.9261744966442953,
    "Word Class Adverb": 0.9889928453494772,
    "Word Class Conjunctions": 0.9883474576271186,
    "Word Class Foreign words": 0.65,
    "Word Class Unanalyzed word": 0.0,
    "Word Class Abbreviation": 1.0,
    "Word Class Web email or address": 0.0,
    "Word Class Punctuation": 1.0,
    "Word Class Symbol": 0.9230769230769231,
    "Word Class R Article": 0.9875
  },
  "per_word_class_f1": {
    "Word Class Noun": 0.9917139119058003,
    "Word Class Adjective": 0.9572506286672254,
    "Word Class Pronoun": 0.9904240766073872,
    "Word Class Number": 0.9978858350951374,
    "Word Class Verbs": 0.9975044563279857,
    "Word Class Participle": 0.9452054794520547,
    "Word Class Adverb": 0.9849273773636613,
    "Word Class Conjunctions": 0.9914984059511158,
    "Word Class Foreign words": 0.6842105263157895,
    "Word Class Unanalyzed word": 0.0,
    "Word Class Abbreviation": 0.7027027027027027,
    "Word Class Web email or address": 0.0,
    "Word Class Punctuation": 1.0,
    "Word Class Symbol": 0.9600000000000001,
    "Word Class R Article": 0.9844236760124611
  },
  "per_interval_accuracy": {
    "Subcategories": 0.9852507374631269,
    "Gender": 0.9587529976019185,
    "Number": 0.9822325915290739,
    "Case": 0.9741007194244604,
    "Article": 0.9873693379790941,
    "Proper Noun": 0.9703832752613241,
    "Degree": 0.9797185430463576,
    "Declension": 0.9652406417112299,
    "Mood": 0.9950071326676176,
    "Voice": 0.9978601997146933,
    "Tense": 0.9950071326676176,
    "Person": 0.9906191369606003,
    "Definiteness": 0.9875
  },
  "per_interval_f1": {
    "Subcategories": 0.8971790331438265,
    "Gender": 0.7703708202999835,
    "Number": 0.7363517285460287,
    "Case": 0.8074531933589557,
    "Article": 0.6618361332154435,
    "Proper Noun": 0.6437780971721206,
    "Degree": 0.6513101972218439,
    "Declension": 0.7363405380733201,
    "Mood": 0.7652080368211512,
    "Voice": 0.6662953335808887,
    "Tense": 0.7465951172343985,
    "Person": 0.7873653862654002,
    "Definiteness": 0.6624309024309024
  }
}