{
  "epoch": 8,
  "mode": "multilabel",
  "fold": 6,
  "eval_decoder": "greedy",
  "mbr_threshold": 0.0,
  "train_loss": 0.09742551744038448,
  "val_loss": 0.26697092652320864,
  "train_composite_accuracy": 0.9855508099726997,
  "train_composite_micro_f1": 0.9855508099726997,
  "train_composite_macro_f1": 0.8592467947355272,
  "val_composite_accuracy": 0.9695760598503741,
  "val_composite_micro_f1": 0.9695760598503741,
  "val_composite_macro_f1": 0.8660512430084762,
  "per_word_class_accuracy": {
    "Word Class Noun": 0.994034302759135,
    "Word Class Adjective": 0.9646302250803859,
    "Word Class Pronoun": 0.9804928131416838,
    "Word Class Number": 0.987012987012987,
    "Word Class Verbs": 0.998960498960499,
    "Word Class Participle": 0.9771428571428571,
    "Word Class Adverb": 0.9864578925095218,
    "Word Class Conjunctions": 0.9953416149068323,
    "Word Class Foreign words": 0.5384615384615384,
    "Word Class Unanalyzed word": 0.0,
    "Word Class Abbreviation": 1.0,
    "Word Class Web email or address": 0.0,
    "Word Class Punctuation": 1.0,
    "Word Class Symbol": 0.6666666666666666,
    "Word Class R Article": 0.9904306220095693
  },
  "per_word_class_f1": {
    "Word Class Noun": 0.9951474430757745,
    "Word Class Adjective": 0.962309542902967,
    "Word Class Pronoun": 0.9835221421215241,
    "Word Class Number": 0.9934640522875817,
    "Word Class Verbs": 0.9979231568016614,
    "Word Class Participle": 0.95,
    "Word Class Adverb": 0.9895988112927192,
    "Word Class Conjunctions": 0.9934134056567222,
    "Word Class Foreign words": 0.6363636363636364,
    "Word Class Unanalyzed word": 0.0,
    "Word Class Abbreviation": 1.0,
    "Word Class Web email or address": 0.0,
    "Word Class Punctuation": 1.0,
    "Word Class Symbol": 0.8,
    "Word Class R Article": 0.9627906976744186
  },
  "per_interval_accuracy": {
    "Subcategories": 0.9848862574010595,
    "Gender": 0.973421926910299,
    "Number": 0.9899109792284867,
    "Case": 0.9804817275747508,
    "Article": 0.9929157345264727,
    "Proper Noun": 0.9899328859060402,
    "Degree": 0.9855946398659966,
    "Declension": 0.9937264742785445,
    "Mood": 0.9948024948024948,
    "Voice": 1.0,
    "Tense": 0.9958419958419958,
    "Person": 0.9879227053140096,
    "Definiteness": 0.9952153110047847
  },
  "per_interval_f1": {
    "Subcategories": 0.9752213664114162,
    "Gender": 0.9744775221596389,
    "Number": 0.9880682160139399,
    "Case": 0.9745505183741731,
    "Article": 0.992036870611102,
    "Proper Noun": 0.9874288124868171,
    "Degree": 0.9759570421213546,
    "Declension": 0.9886062441374109,
    "Mood": 0.9121807759137341,
    "Voice": 1.0,
    "Tense": 0.9958841434224772,
    "Person": 0.9742019237376524,
    "Definiteness": 0.9941842669115397
  },
  "learning_rate": 1.8400000000000003e-05
}