{
  "epoch": 5,
  "mode": "multilabel",
  "fold": 6,
  "eval_decoder": "greedy",
  "mbr_threshold": 0.0,
  "train_loss": 0.1969046587018727,
  "val_loss": 0.24910400658845902,
  "train_composite_accuracy": 0.9738138103811238,
  "train_composite_micro_f1": 0.9738138103811238,
  "train_composite_macro_f1": 0.7694407301844347,
  "val_composite_accuracy": 0.9687161993510275,
  "val_composite_micro_f1": 0.9687161993510275,
  "val_composite_macro_f1": 0.869919486246385,
  "per_word_class_accuracy": {
    "Word Class Noun": 0.9944071588366891,
    "Word Class Adjective": 0.9678456591639871,
    "Word Class Pronoun": 0.9845995893223819,
    "Word Class Number": 0.987012987012987,
    "Word Class Verbs": 0.9984407484407485,
    "Word Class Participle": 0.9657142857142857,
    "Word Class Adverb": 0.9898434193821414,
    "Word Class Conjunctions": 0.9953416149068323,
    "Word Class Foreign words": 0.5384615384615384,
    "Word Class Unanalyzed word": 0.0,
    "Word Class Abbreviation": 1.0,
    "Word Class Web email or address": 0.0,
    "Word Class Punctuation": 1.0,
    "Word Class Symbol": 0.6666666666666666,
    "Word Class R Article": 0.9952153110047847
  },
  "per_word_class_f1": {
    "Word Class Noun": 0.9953349505504758,
    "Word Class Adjective": 0.9639711769415531,
    "Word Class Pronoun": 0.9861182519280205,
    "Word Class Number": 0.9934640522875817,
    "Word Class Verbs": 0.997662944689691,
    "Word Class Participle": 0.9441340782122906,
    "Word Class Adverb": 0.9923631735256682,
    "Word Class Conjunctions": 0.9937984496124032,
    "Word Class Foreign words": 0.7000000000000001,
    "Word Class Unanalyzed word": 0.0,
    "Word Class Abbreviation": 0.9863013698630138,
    "Word Class Web email or address": 0.0,
    "Word Class Punctuation": 1.0,
    "Word Class Symbol": 0.8,
    "Word Class R Article": 0.976525821596244
  },
  "per_interval_accuracy": {
    "Subcategories": 0.984418822062948,
    "Gender": 0.9775747508305648,
    "Number": 0.9888724035608308,
    "Case": 0.9771594684385382,
    "Article": 0.9932885906040269,
    "Proper Noun": 0.9891871737509321,
    "Degree": 0.9872696817420435,
    "Declension": 0.9899623588456713,
    "Mood": 0.9932432432432432,
    "Voice": 1.0,
    "Tense": 0.9937629937629938,
    "Person": 0.9882677708764666,
    "Definiteness": 0.9904306220095693
  },
  "per_interval_f1": {
    "Subcategories": 0.9460534998035531,
    "Gender": 0.9785906399608479,
    "Number": 0.9861875316926327,
    "Case": 0.9643942523465265,
    "Article": 0.992453880133678,
    "Proper Noun": 0.9864750919145296,
    "Degree": 0.9644257590746238,
    "Declension": 0.9821286258016381,
    "Mood": 0.9102549963367964,
    "Voice": 1.0,
    "Tense": 0.993783687488282,
    "Person": 0.9755479957671416,
    "Definiteness": 0.9884249003101462
  },
  "learning_rate": 1.9e-05
}