{
  "epoch": 9,
  "mode": "multilabel",
  "fold": 6,
  "eval_decoder": "greedy",
  "mbr_threshold": 0.0,
  "train_loss": 0.09191685871341777,
  "val_loss": 0.2589979752898216,
  "train_composite_accuracy": 0.9862820829924466,
  "train_composite_micro_f1": 0.9862820829924466,
  "train_composite_macro_f1": 0.877322751852737,
  "val_composite_accuracy": 0.9723215027844735,
  "val_composite_micro_f1": 0.9723215027844735,
  "val_composite_macro_f1": 0.88955365915941,
  "per_word_class_accuracy": {
    "Word Class Noun": 0.9962714392244594,
    "Word Class Adjective": 0.9678456591639871,
    "Word Class Pronoun": 0.9784394250513347,
    "Word Class Number": 0.987012987012987,
    "Word Class Verbs": 0.997920997920998,
    "Word Class Participle": 0.9657142857142857,
    "Word Class Adverb": 0.9868810833685993,
    "Word Class Conjunctions": 0.9953416149068323,
    "Word Class Foreign words": 0.5384615384615384,
    "Word Class Unanalyzed word": 0.0,
    "Word Class Abbreviation": 1.0,
    "Word Class Web email or address": 0.0,
    "Word Class Punctuation": 1.0,
    "Word Class Symbol": 0.6666666666666666,
    "Word Class R Article": 0.9904306220095693
  },
  "per_word_class_f1": {
    "Word Class Noun": 0.995343639411436,
    "Word Class Adjective": 0.9601275917065389,
    "Word Class Pronoun": 0.9845041322314051,
    "Word Class Number": 0.987012987012987,
    "Word Class Verbs": 0.9976617303195636,
    "Word Class Participle": 0.9602272727272727,
    "Word Class Adverb": 0.9902335456475584,
    "Word Class Conjunctions": 0.9934134056567222,
    "Word Class Foreign words": 0.6666666666666667,
    "Word Class Unanalyzed word": 0.0,
    "Word Class Abbreviation": 1.0,
    "Word Class Web email or address": 0.0,
    "Word Class Punctuation": 1.0,
    "Word Class Symbol": 0.8,
    "Word Class R Article": 0.965034965034965
  },
  "per_interval_accuracy": {
    "Subcategories": 0.9841071985042069,
    "Gender": 0.9800664451827242,
    "Number": 0.9916913946587537,
    "Case": 0.9800664451827242,
    "Article": 0.9947800149142431,
    "Proper Noun": 0.9929157345264727,
    "Degree": 0.9869346733668342,
    "Declension": 0.9949811794228356,
    "Mood": 0.9932432432432432,
    "Voice": 1.0,
    "Tense": 0.9937629937629938,
    "Person": 0.9865424430641822,
    "Definiteness": 0.9952153110047847
  },
  "per_interval_f1": {
    "Subcategories": 0.9775195171194851,
    "Gender": 0.9809500586683034,
    "Number": 0.9893081948895341,
    "Case": 0.9693051438275244,
    "Article": 0.9941242268760755,
    "Proper Noun": 0.9911239990810121,
    "Degree": 0.9754536645648948,
    "Declension": 0.9892106357008309,
    "Mood": 0.9110218986245404,
    "Voice": 1.0,
    "Tense": 0.993290171252637,
    "Person": 0.9714626017700795,
    "Definiteness": 0.9941842669115397
  },
  "learning_rate": 1.8200000000000002e-05
}