{
  "epoch": 11,
  "mode": "multilabel",
  "fold": 6,
  "eval_decoder": "greedy",
  "mbr_threshold": 0.0,
  "train_loss": 0.06475687183282477,
  "val_loss": 0.26584216207265854,
  "train_composite_accuracy": 0.9895103232494222,
  "train_composite_micro_f1": 0.9895103232494222,
  "train_composite_macro_f1": 0.8848966335202766,
  "val_composite_accuracy": 0.9724877400049872,
  "val_composite_micro_f1": 0.9724877400049872,
  "val_composite_macro_f1": 0.8820380199519132,
  "per_word_class_accuracy": {
    "Word Class Noun": 0.9951528709917972,
    "Word Class Adjective": 0.9694533762057878,
    "Word Class Pronoun": 0.9784394250513347,
    "Word Class Number": 0.987012987012987,
    "Word Class Verbs": 0.9963617463617463,
    "Word Class Participle": 0.9771428571428571,
    "Word Class Adverb": 0.9873042742276766,
    "Word Class Conjunctions": 0.9953416149068323,
    "Word Class Foreign words": 0.5384615384615384,
    "Word Class Unanalyzed word": 0.0,
    "Word Class Abbreviation": 1.0,
    "Word Class Web email or address": 0.0,
    "Word Class Punctuation": 1.0,
    "Word Class Symbol": 0.6666666666666666,
    "Word Class R Article": 0.9952153110047847
  },
  "per_word_class_f1": {
    "Word Class Noun": 0.9953384299832183,
    "Word Class Adjective": 0.9640287769784174,
    "Word Class Pronoun": 0.9839958699019102,
    "Word Class Number": 0.990228013029316,
    "Word Class Verbs": 0.9971391417425227,
    "Word Class Participle": 0.9553072625698323,
    "Word Class Adverb": 0.990447887921885,
    "Word Class Conjunctions": 0.9926442121564072,
    "Word Class Foreign words": 0.6363636363636364,
    "Word Class Unanalyzed word": 0.0,
    "Word Class Abbreviation": 1.0,
    "Word Class Web email or address": 0.0,
    "Word Class Punctuation": 1.0,
    "Word Class Symbol": 0.8,
    "Word Class R Article": 0.962962962962963
  },
  "per_interval_accuracy": {
    "Subcategories": 0.9855095045185416,
    "Gender": 0.9823504983388704,
    "Number": 0.991246290801187,
    "Case": 0.9804817275747508,
    "Article": 0.9947800149142431,
    "Proper Noun": 0.9917971662938105,
    "Degree": 0.9879396984924623,
    "Declension": 0.9899623588456713,
    "Mood": 0.9927234927234927,
    "Voice": 1.0,
    "Tense": 0.9937629937629938,
    "Person": 0.9865424430641822,
    "Definiteness": 0.9952153110047847
  },
  "per_interval_f1": {
    "Subcategories": 0.9796249626113359,
    "Gender": 0.9833469118084188,
    "Number": 0.9895141821249999,
    "Case": 0.9795313860207354,
    "Article": 0.9941242268760755,
    "Proper Noun": 0.9897268359337186,
    "Degree": 0.9820441227109259,
    "Declension": 0.9821286258016381,
    "Mood": 0.9108414583502712,
    "Voice": 1.0,
    "Tense": 0.9936854164705409,
    "Person": 0.971665167392631,
    "Definiteness": 0.9941842669115397
  },
  "learning_rate": 1.7800000000000002e-05
}