{
  "epoch": 12,
  "mode": "multilabel",
  "fold": 6,
  "eval_decoder": "greedy",
  "mbr_threshold": 0.0,
  "train_loss": 0.05383462884383387,
  "val_loss": 0.2702945962548256,
  "train_composite_accuracy": 0.9908252519490397,
  "train_composite_micro_f1": 0.9908252519490397,
  "train_composite_macro_f1": 0.8988877258169429,
  "val_composite_accuracy": 0.9722406914893617,
  "val_composite_micro_f1": 0.9722406914893617,
  "val_composite_macro_f1": 0.8842727460179927,
  "per_word_class_accuracy": {
    "Word Class Noun": 0.9947800149142431,
    "Word Class Adjective": 0.977491961414791,
    "Word Class Pronoun": 0.9804928131416838,
    "Word Class Number": 0.9805194805194806,
    "Word Class Verbs": 0.9974012474012474,
    "Word Class Participle": 0.96,
    "Word Class Adverb": 0.9868810833685993,
    "Word Class Conjunctions": 0.9953416149068323,
    "Word Class Foreign words": 0.5384615384615384,
    "Word Class Unanalyzed word": 0.0,
    "Word Class Abbreviation": 1.0,
    "Word Class Web email or address": 0.0,
    "Word Class Punctuation": 1.0,
    "Word Class Symbol": 0.6666666666666666,
    "Word Class R Article": 0.9952153110047847
  },
  "per_word_class_f1": {
    "Word Class Noun": 0.9957081545064377,
    "Word Class Adjective": 0.9627870150435471,
    "Word Class Pronoun": 0.9850438370293967,
    "Word Class Number": 0.9869281045751634,
    "Word Class Verbs": 0.9981794538361507,
    "Word Class Participle": 0.9572649572649573,
    "Word Class Adverb": 0.9906542056074766,
    "Word Class Conjunctions": 0.9930286599535244,
    "Word Class Foreign words": 0.608695652173913,
    "Word Class Unanalyzed word": 0.0,
    "Word Class Abbreviation": 1.0,
    "Word Class Web email or address": 0.0,
    "Word Class Punctuation": 1.0,
    "Word Class Symbol": 0.8,
    "Word Class R Article": 0.9607390300230946
  },
  "per_interval_accuracy": {
    "Subcategories": 0.9851978809598005,
    "Gender": 0.9800664451827242,
    "Number": 0.9910979228486647,
    "Case": 0.9825581395348837,
    "Article": 0.993661446681581,
    "Proper Noun": 0.9917971662938105,
    "Degree": 0.9882747068676717,
    "Declension": 0.9924717691342535,
    "Mood": 0.9927234927234927,
    "Voice": 1.0,
    "Tense": 0.9932432432432432,
    "Person": 0.9868875086266391,
    "Definiteness": 0.9952153110047847
  },
  "per_interval_f1": {
    "Subcategories": 0.9785397587058259,
    "Gender": 0.9808801667131046,
    "Number": 0.9889733848430966,
    "Case": 0.9805339930523476,
    "Article": 0.9928711199365197,
    "Proper Noun": 0.9897354357447046,
    "Degree": 0.9799327599574832,
    "Declension": 0.9873028227480282,
    "Mood": 0.9096633855215271,
    "Voice": 1.0,
    "Tense": 0.9928185484130361,
    "Person": 0.9727337374773266,
    "Definiteness": 0.9941842669115397
  },
  "learning_rate": 1.76e-05
}