{
  "epoch": 15,
  "mode": "multilabel",
  "fold": 6,
  "eval_decoder": "greedy",
  "mbr_threshold": 0.0,
  "train_loss": 0.03430809603198777,
  "val_loss": 0.27363402098417283,
  "train_composite_accuracy": 0.994182785989259,
  "train_composite_micro_f1": 0.994182785989259,
  "train_composite_macro_f1": 0.9289452521333248,
  "val_composite_accuracy": 0.9736645343524134,
  "val_composite_micro_f1": 0.9736645343524134,
  "val_composite_macro_f1": 0.8995547496930447,
  "per_word_class_accuracy": {
    "Word Class Noun": 0.9958985831469053,
    "Word Class Adjective": 0.9758842443729904,
    "Word Class Pronoun": 0.9835728952772074,
    "Word Class Number": 0.987012987012987,
    "Word Class Verbs": 0.998960498960499,
    "Word Class Participle": 0.96,
    "Word Class Adverb": 0.9894202285230639,
    "Word Class Conjunctions": 0.9945652173913043,
    "Word Class Foreign words": 0.6153846153846154,
    "Word Class Unanalyzed word": 0.0,
    "Word Class Abbreviation": 1.0,
    "Word Class Web email or address": 0.0,
    "Word Class Punctuation": 1.0,
    "Word Class Symbol": 0.6666666666666666,
    "Word Class R Article": 0.9856459330143541
  },
  "per_word_class_f1": {
    "Word Class Noun": 0.9957129543336439,
    "Word Class Adjective": 0.9719775820656524,
    "Word Class Pronoun": 0.987120041215868,
    "Word Class Number": 0.990228013029316,
    "Word Class Verbs": 0.9987009612886464,
    "Word Class Participle": 0.96,
    "Word Class Adverb": 0.990887899978809,
    "Word Class Conjunctions": 0.9930232558139536,
    "Word Class Foreign words": 0.6956521739130435,
    "Word Class Unanalyzed word": 0.0,
    "Word Class Abbreviation": 1.0,
    "Word Class Web email or address": 0.0,
    "Word Class Punctuation": 1.0,
    "Word Class Symbol": 0.8,
    "Word Class R Article": 0.9671361502347418
  },
  "per_interval_accuracy": {
    "Subcategories": 0.9851978809598005,
    "Gender": 0.9829734219269103,
    "Number": 0.991246290801187,
    "Case": 0.9823504983388704,
    "Article": 0.9947800149142431,
    "Proper Noun": 0.9929157345264727,
    "Degree": 0.9896147403685092,
    "Declension": 0.9937264742785445,
    "Mood": 0.9942827442827443,
    "Voice": 1.0,
    "Tense": 0.9942827442827443,
    "Person": 0.9893029675638372,
    "Definiteness": 0.9952153110047847
  },
  "per_interval_f1": {
    "Subcategories": 0.9801600888553595,
    "Gender": 0.9838343471771364,
    "Number": 0.9893740503506301,
    "Case": 0.9795262563955734,
    "Article": 0.9941209259212866,
    "Proper Noun": 0.9911239990810121,
    "Degree": 0.9840015180021653,
    "Declension": 0.9886062441374109,
    "Mood": 0.9438590548704665,
    "Voice": 1.0,
    "Tense": 0.994401323269419,
    "Person": 0.9804654450583787,
    "Definiteness": 0.9941842669115397
  },
  "learning_rate": 1.7e-05
}