{
  "epoch": 4,
  "mode": "multilabel",
  "fold": 6,
  "eval_decoder": "greedy",
  "mbr_threshold": 0.0,
  "train_loss": 0.2648451368946696,
  "val_loss": 0.27251039147377015,
  "train_composite_accuracy": 0.9675737004690896,
  "train_composite_micro_f1": 0.9675737004690896,
  "train_composite_macro_f1": 0.7241413840263853,
  "val_composite_accuracy": 0.9676264980026631,
  "val_composite_micro_f1": 0.9676264980026631,
  "val_composite_macro_f1": 0.8478078759836606,
  "per_word_class_accuracy": {
    "Word Class Noun": 0.9970171513795675,
    "Word Class Adjective": 0.9598070739549839,
    "Word Class Pronoun": 0.9876796714579056,
    "Word Class Number": 0.987012987012987,
    "Word Class Verbs": 0.9984407484407485,
    "Word Class Participle": 0.9657142857142857,
    "Word Class Adverb": 0.9830723656369023,
    "Word Class Conjunctions": 0.9953416149068323,
    "Word Class Foreign words": 0.46153846153846156,
    "Word Class Unanalyzed word": 0.0,
    "Word Class Abbreviation": 1.0,
    "Word Class Web email or address": 0.0,
    "Word Class Punctuation": 1.0,
    "Word Class Symbol": 0.0,
    "Word Class R Article": 0.9808612440191388
  },
  "per_word_class_f1": {
    "Word Class Noun": 0.9951618905842947,
    "Word Class Adjective": 0.9613526570048309,
    "Word Class Pronoun": 0.985655737704918,
    "Word Class Number": 0.9934640522875817,
    "Word Class Verbs": 0.997662944689691,
    "Word Class Participle": 0.949438202247191,
    "Word Class Adverb": 0.988931460195828,
    "Word Class Conjunctions": 0.9907264296754251,
    "Word Class Foreign words": 0.631578947368421,
    "Word Class Unanalyzed word": 0.0,
    "Word Class Abbreviation": 0.9600000000000001,
    "Word Class Web email or address": 0.0,
    "Word Class Punctuation": 1.0,
    "Word Class Symbol": 0.0,
    "Word Class R Article": 0.9715639810426541
  },
  "per_interval_accuracy": {
    "Subcategories": 0.9800560922405734,
    "Gender": 0.9775747508305648,
    "Number": 0.9902077151335311,
    "Case": 0.9775747508305648,
    "Article": 0.9951528709917972,
    "Proper Noun": 0.9929157345264727,
    "Degree": 0.981574539363484,
    "Declension": 0.9912170639899623,
    "Mood": 0.9942827442827443,
    "Voice": 1.0,
    "Tense": 0.9953222453222453,
    "Person": 0.9889579020013802,
    "Definiteness": 0.9952153110047847
  },
  "per_interval_f1": {
    "Subcategories": 0.9219861289067978,
    "Gender": 0.9782794831817284,
    "Number": 0.9879796058879808,
    "Case": 0.9618465322306557,
    "Article": 0.9945423936548634,
    "Proper Noun": 0.9910864264000465,
    "Degree": 0.9510612040558917,
    "Declension": 0.9834372721860903,
    "Mood": 0.8685892283273341,
    "Voice": 1.0,
    "Tense": 0.9949201124566641,
    "Person": 0.9770050022889735,
    "Definiteness": 0.9941842669115397
  },
  "learning_rate": 1.9200000000000003e-05
}