{
  "epoch": 7,
  "mode": "multilabel",
  "fold": 6,
  "eval_decoder": "greedy",
  "mbr_threshold": 0.0,
  "train_loss": 0.11500842249484562,
  "val_loss": 0.23927538543939592,
  "train_composite_accuracy": 0.9833287341446937,
  "train_composite_micro_f1": 0.9833287341446937,
  "train_composite_macro_f1": 0.8481022254957743,
  "val_composite_accuracy": 0.9715663451945461,
  "val_composite_micro_f1": 0.9715663451945461,
  "val_composite_macro_f1": 0.8697718407714006,
  "per_word_class_accuracy": {
    "Word Class Noun": 0.9962714392244594,
    "Word Class Adjective": 0.9726688102893891,
    "Word Class Pronoun": 0.9825462012320328,
    "Word Class Number": 0.987012987012987,
    "Word Class Verbs": 0.9994802494802495,
    "Word Class Participle": 0.9542857142857143,
    "Word Class Adverb": 0.9860347016504444,
    "Word Class Conjunctions": 0.9945652173913043,
    "Word Class Foreign words": 0.5384615384615384,
    "Word Class Unanalyzed word": 0.0,
    "Word Class Abbreviation": 1.0,
    "Word Class Web email or address": 0.0,
    "Word Class Punctuation": 1.0,
    "Word Class Symbol": 0.6666666666666666,
    "Word Class R Article": 0.9904306220095693
  },
  "per_word_class_f1": {
    "Word Class Noun": 0.9957145518911868,
    "Word Class Adjective": 0.9618441971383148,
    "Word Class Pronoun": 0.9855818743563337,
    "Word Class Number": 0.9934640522875817,
    "Word Class Verbs": 0.9987016359387173,
    "Word Class Participle": 0.9488636363636364,
    "Word Class Adverb": 0.9906462585034014,
    "Word Class Conjunctions": 0.9926385122045718,
    "Word Class Foreign words": 0.6666666666666667,
    "Word Class Unanalyzed word": 0.0,
    "Word Class Abbreviation": 1.0,
    "Word Class Web email or address": 0.0,
    "Word Class Punctuation": 1.0,
    "Word Class Symbol": 0.8,
    "Word Class R Article": 0.9695550351288056
  },
  "per_interval_accuracy": {
    "Subcategories": 0.9842630102835774,
    "Gender": 0.9794435215946844,
    "Number": 0.9905044510385757,
    "Case": 0.9815199335548173,
    "Article": 0.994034302759135,
    "Proper Noun": 0.993661446681581,
    "Degree": 0.9869346733668342,
    "Declension": 0.9949811794228356,
    "Mood": 0.9932432432432432,
    "Voice": 1.0,
    "Tense": 0.9948024948024948,
    "Person": 0.9886128364389234,
    "Definiteness": 0.9952153110047847
  },
  "per_interval_f1": {
    "Subcategories": 0.9671965100686368,
    "Gender": 0.9800579153503932,
    "Number": 0.9887140876790518,
    "Case": 0.9767269523034898,
    "Article": 0.9932772730092663,
    "Proper Noun": 0.9920449352806964,
    "Degree": 0.9757414673216396,
    "Declension": 0.9899040128495686,
    "Mood": 0.9094793786216658,
    "Voice": 1.0,
    "Tense": 0.9947151647789702,
    "Person": 0.9758836605468172,
    "Definiteness": 0.9941842669115397
  },
  "learning_rate": 1.86e-05
}