{
  "epoch": 1,
  "mode": "multilabel",
  "fold": 6,
  "eval_decoder": "greedy",
  "mbr_threshold": 0.0,
  "train_loss": 3.20952241276723,
  "val_loss": 0.7939202070236206,
  "train_composite_accuracy": 0.7113416320885201,
  "train_composite_micro_f1": 0.7113416320885201,
  "train_composite_macro_f1": 0.263764610657944,
  "val_composite_accuracy": 0.9177082459525208,
  "val_composite_micro_f1": 0.9177082459525208,
  "val_composite_macro_f1": 0.6330089366938272,
  "per_word_class_accuracy": {
    "Word Class Noun": 0.993661446681581,
    "Word Class Adjective": 0.9196141479099679,
    "Word Class Pronoun": 0.9743326488706365,
    "Word Class Number": 0.9545454545454546,
    "Word Class Verbs": 0.9974012474012474,
    "Word Class Participle": 0.9371428571428572,
    "Word Class Adverb": 0.9860347016504444,
    "Word Class Conjunctions": 0.9914596273291926,
    "Word Class Foreign words": 0.0,
    "Word Class Unanalyzed word": 0.0,
    "Word Class Abbreviation": 0.0,
    "Word Class Web email or address": 0.0,
    "Word Class Punctuation": 1.0,
    "Word Class Symbol": 0.0,
    "Word Class R Article": 0.9425837320574163
  },
  "per_word_class_f1": {
    "Word Class Noun": 0.9877687175685693,
    "Word Class Adjective": 0.9407894736842106,
    "Word Class Pronoun": 0.9733333333333333,
    "Word Class Number": 0.9767441860465117,
    "Word Class Verbs": 0.994300518134715,
    "Word Class Participle": 0.9010989010989011,
    "Word Class Adverb": 0.9845763786182127,
    "Word Class Conjunctions": 0.9883900928792569,
    "Word Class Foreign words": 0.0,
    "Word Class Unanalyzed word": 0.0,
    "Word Class Abbreviation": 0.0,
    "Word Class Web email or address": 0.0,
    "Word Class Punctuation": 0.9993765586034912,
    "Word Class Symbol": 0.0,
    "Word Class R Article": 0.9205607476635514
  },
  "per_interval_accuracy": {
    "Subcategories": 0.9607354315986288,
    "Gender": 0.9401993355481728,
    "Number": 0.9781899109792285,
    "Case": 0.9366694352159468,
    "Article": 0.9854586129753915,
    "Proper Noun": 0.9869500372856077,
    "Degree": 0.9618090452261306,
    "Declension": 0.9648682559598495,
    "Mood": 0.9901247401247402,
    "Voice": 0.9636174636174636,
    "Tense": 0.9901247401247402,
    "Person": 0.9672187715665976,
    "Definiteness": 0.9952153110047847
  },
  "per_interval_f1": {
    "Subcategories": 0.8032285806407388,
    "Gender": 0.9420658382160914,
    "Number": 0.9721097429106521,
    "Case": 0.8733150011613727,
    "Article": 0.983654629149104,
    "Proper Noun": 0.9837310167031348,
    "Degree": 0.8352650721504976,
    "Declension": 0.9267378618492174,
    "Mood": 0.7385185072533349,
    "Voice": 0.49073583906829005,
    "Tense": 0.9902239251006936,
    "Person": 0.7070195347818848,
    "Definiteness": 0.9941842669115397
  },
  "learning_rate": 1.98e-05
}