{
  "epoch": 2,
  "mode": "multilabel",
  "fold": 6,
  "eval_decoder": "greedy",
  "mbr_threshold": 0.0,
  "train_loss": 0.7038880492488717,
  "val_loss": 0.417734882235527,
  "train_composite_accuracy": 0.9249377685084625,
  "train_composite_micro_f1": 0.9249377685084625,
  "train_composite_macro_f1": 0.542047349018949,
  "val_composite_accuracy": 0.9531641342461179,
  "val_composite_micro_f1": 0.9531641342461179,
  "val_composite_macro_f1": 0.7609467127059611,
  "per_word_class_accuracy": {
    "Word Class Noun": 0.9947800149142431,
    "Word Class Adjective": 0.9581993569131833,
    "Word Class Pronoun": 0.9845995893223819,
    "Word Class Number": 0.961038961038961,
    "Word Class Verbs": 0.9984407484407485,
    "Word Class Participle": 0.96,
    "Word Class Adverb": 0.9826491747778248,
    "Word Class Conjunctions": 0.9968944099378882,
    "Word Class Foreign words": 0.07692307692307693,
    "Word Class Unanalyzed word": 0.0,
    "Word Class Abbreviation": 0.4166666666666667,
    "Word Class Web email or address": 0.0,
    "Word Class Punctuation": 1.0,
    "Word Class Symbol": 0.0,
    "Word Class R Article": 0.9808612440191388
  },
  "per_word_class_f1": {
    "Word Class Noun": 0.9905327640616298,
    "Word Class Adjective": 0.9605157131345687,
    "Word Class Pronoun": 0.981074168797954,
    "Word Class Number": 0.9736842105263157,
    "Word Class Verbs": 0.9971450817544771,
    "Word Class Participle": 0.951841359773371,
    "Word Class Adverb": 0.9878749202297383,
    "Word Class Conjunctions": 0.9918887601390499,
    "Word Class Foreign words": 0.14285714285714288,
    "Word Class Unanalyzed word": 0.0,
    "Word Class Abbreviation": 0.5769230769230769,
    "Word Class Web email or address": 0.0,
    "Word Class Punctuation": 0.9993765586034912,
    "Word Class Symbol": 0.0,
    "Word Class R Article": 0.949074074074074
  },
  "per_interval_accuracy": {
    "Subcategories": 0.9744468681832347,
    "Gender": 0.9624169435215947,
    "Number": 0.9850148367952523,
    "Case": 0.9638704318936877,
    "Article": 0.9888143176733781,
    "Proper Noun": 0.9903057419835943,
    "Degree": 0.978894472361809,
    "Declension": 0.9899623588456713,
    "Mood": 0.9901247401247402,
    "Voice": 0.9958419958419958,
    "Tense": 0.9948024948024948,
    "Person": 0.9834368530020704,
    "Definiteness": 0.9904306220095693
  },
  "per_interval_f1": {
    "Subcategories": 0.8769657403682695,
    "Gender": 0.9625461899857632,
    "Number": 0.980995510625622,
    "Case": 0.9445464337262335,
    "Article": 0.9874161073825504,
    "Proper Noun": 0.9878691513346508,
    "Degree": 0.9394158024576518,
    "Declension": 0.9871882702787702,
    "Mood": 0.7374841584108943,
    "Voice": 0.9690722478078106,
    "Tense": 0.9949650436967321,
    "Person": 0.9284014396890455,
    "Definiteness": 0.9884249003101462
  },
  "learning_rate": 1.9600000000000002e-05
}