{
  "epoch": 6,
  "mode": "multilabel",
  "fold": 6,
  "eval_decoder": "greedy",
  "mbr_threshold": 0.0,
  "train_loss": 0.15270256727196418,
  "val_loss": 0.30071947127580645,
  "train_composite_accuracy": 0.9796305113798686,
  "train_composite_micro_f1": 0.9796305113798686,
  "train_composite_macro_f1": 0.8211888216974842,
  "val_composite_accuracy": 0.9666583520412405,
  "val_composite_micro_f1": 0.9666583520412405,
  "val_composite_macro_f1": 0.8546146770649309,
  "per_word_class_accuracy": {
    "Word Class Noun": 0.9921700223713646,
    "Word Class Adjective": 0.9598070739549839,
    "Word Class Pronoun": 0.971252566735113,
    "Word Class Number": 0.987012987012987,
    "Word Class Verbs": 0.9984407484407485,
    "Word Class Participle": 0.9657142857142857,
    "Word Class Adverb": 0.9889970376639865,
    "Word Class Conjunctions": 0.9945652173913043,
    "Word Class Foreign words": 0.38461538461538464,
    "Word Class Unanalyzed word": 0.0,
    "Word Class Abbreviation": 1.0,
    "Word Class Web email or address": 0.0,
    "Word Class Punctuation": 1.0,
    "Word Class Symbol": 0.6666666666666666,
    "Word Class R Article": 0.9952153110047847
  },
  "per_word_class_f1": {
    "Word Class Noun": 0.9934664924397983,
    "Word Class Adjective": 0.9613526570048309,
    "Word Class Pronoun": 0.979803210771621,
    "Word Class Number": 0.9934640522875817,
    "Word Class Verbs": 0.9979220779220779,
    "Word Class Participle": 0.9467787114845939,
    "Word Class Adverb": 0.9883696341721294,
    "Word Class Conjunctions": 0.9926385122045718,
    "Word Class Foreign words": 0.5263157894736842,
    "Word Class Unanalyzed word": 0.0,
    "Word Class Abbreviation": 0.9863013698630138,
    "Word Class Web email or address": 0.0,
    "Word Class Punctuation": 1.0,
    "Word Class Symbol": 0.8,
    "Word Class R Article": 0.9541284403669725
  },
  "per_interval_accuracy": {
    "Subcategories": 0.9823932689311312,
    "Gender": 0.9727990033222591,
    "Number": 0.9890207715133531,
    "Case": 0.9759136212624585,
    "Article": 0.9921700223713646,
    "Proper Noun": 0.988441461595824,
    "Degree": 0.9865996649916248,
    "Declension": 0.9912170639899623,
    "Mood": 0.9942827442827443,
    "Voice": 1.0,
    "Tense": 0.9948024948024948,
    "Person": 0.9858523119392685,
    "Definiteness": 0.9904306220095693
  },
  "per_interval_f1": {
    "Subcategories": 0.9306129898428481,
    "Gender": 0.9741903536200585,
    "Number": 0.9866835276062796,
    "Case": 0.9695070772682419,
    "Article": 0.9911888098103612,
    "Proper Noun": 0.9855423396327732,
    "Degree": 0.9683324373514566,
    "Declension": 0.9834372721860903,
    "Mood": 0.9440590808759105,
    "Voice": 1.0,
    "Tense": 0.9951042451308384,
    "Person": 0.9739794380514402,
    "Definiteness": 0.9884249003101462
  },
  "learning_rate": 1.88e-05
}