{
  "epoch": 3,
  "mode": "multilabel",
  "fold": 6,
  "eval_decoder": "greedy",
  "mbr_threshold": 0.0,
  "train_loss": 0.3945594073166146,
  "val_loss": 0.31132849454879763,
  "train_composite_accuracy": 0.9557859531772576,
  "train_composite_micro_f1": 0.9557859531772576,
  "train_composite_macro_f1": 0.6612400850861009,
  "val_composite_accuracy": 0.9623615621617121,
  "val_composite_micro_f1": 0.9623615621617121,
  "val_composite_macro_f1": 0.8021272397143413,
  "per_word_class_accuracy": {
    "Word Class Noun": 0.9973900074571216,
    "Word Class Adjective": 0.9598070739549839,
    "Word Class Pronoun": 0.9815195071868583,
    "Word Class Number": 0.9805194805194806,
    "Word Class Verbs": 0.9968814968814969,
    "Word Class Participle": 0.9542857142857143,
    "Word Class Adverb": 0.9868810833685993,
    "Word Class Conjunctions": 0.9930124223602484,
    "Word Class Foreign words": 0.46153846153846156,
    "Word Class Unanalyzed word": 0.0,
    "Word Class Abbreviation": 1.0,
    "Word Class Web email or address": 0.0,
    "Word Class Punctuation": 1.0,
    "Word Class Symbol": 0.0,
    "Word Class R Article": 0.9952153110047847
  },
  "per_word_class_f1": {
    "Word Class Noun": 0.9951636904761906,
    "Word Class Adjective": 0.9613526570048309,
    "Word Class Pronoun": 0.9830334190231362,
    "Word Class Number": 0.9901639344262295,
    "Word Class Verbs": 0.9979188345473464,
    "Word Class Participle": 0.9488636363636364,
    "Word Class Adverb": 0.9889737065309585,
    "Word Class Conjunctions": 0.9930124223602484,
    "Word Class Foreign words": 0.631578947368421,
    "Word Class Unanalyzed word": 0.0,
    "Word Class Abbreviation": 0.972972972972973,
    "Word Class Web email or address": 0.0,
    "Word Class Punctuation": 1.0,
    "Word Class Symbol": 0.0,
    "Word Class R Article": 0.9585253456221197
  },
  "per_interval_accuracy": {
    "Subcategories": 0.9803677157993145,
    "Gender": 0.9713455149501661,
    "Number": 0.9870919881305638,
    "Case": 0.9730066445182725,
    "Article": 0.993661446681581,
    "Proper Noun": 0.9929157345264727,
    "Degree": 0.9825795644891122,
    "Declension": 0.9937264742785445,
    "Mood": 0.9911642411642412,
    "Voice": 0.9994802494802495,
    "Tense": 0.9916839916839917,
    "Person": 0.9855072463768116,
    "Definiteness": 0.9904306220095693
  },
  "per_interval_f1": {
    "Subcategories": 0.8980477850138466,
    "Gender": 0.9721283012738835,
    "Number": 0.9840353893504566,
    "Case": 0.961863559392252,
    "Article": 0.992859115137332,
    "Proper Noun": 0.9910864264000465,
    "Degree": 0.9447001522415297,
    "Declension": 0.9911168944616127,
    "Mood": 0.7396004149755642,
    "Voice": 0.9962680704721745,
    "Tense": 0.991571178878173,
    "Person": 0.9628348815385359,
    "Definiteness": 0.9884249003101462
  },
  "learning_rate": 1.94e-05
}