{
  "epoch": 14,
  "mode": "multilabel",
  "fold": 6,
  "eval_decoder": "greedy",
  "mbr_threshold": 0.0,
  "train_loss": 0.04371547027120944,
  "val_loss": 0.2833117783069611,
  "train_composite_accuracy": 0.9929465669173075,
  "train_composite_micro_f1": 0.9929465669173075,
  "train_composite_macro_f1": 0.918611949480732,
  "val_composite_accuracy": 0.9730740463724757,
  "val_composite_micro_f1": 0.9730740463724757,
  "val_composite_macro_f1": 0.8969664181904226,
  "per_word_class_accuracy": {
    "Word Class Noun": 0.9951528709917972,
    "Word Class Adjective": 0.9630225080385852,
    "Word Class Pronoun": 0.9794661190965093,
    "Word Class Number": 0.9805194805194806,
    "Word Class Verbs": 0.998960498960499,
    "Word Class Participle": 0.9714285714285714,
    "Word Class Adverb": 0.9902666102412188,
    "Word Class Conjunctions": 0.9968944099378882,
    "Word Class Foreign words": 0.6153846153846154,
    "Word Class Unanalyzed word": 0.0,
    "Word Class Abbreviation": 1.0,
    "Word Class Web email or address": 0.0,
    "Word Class Punctuation": 1.0,
    "Word Class Symbol": 0.6666666666666666,
    "Word Class R Article": 0.9904306220095693
  },
  "per_word_class_f1": {
    "Word Class Noun": 0.9955240581872435,
    "Word Class Adjective": 0.9676898222940227,
    "Word Class Pronoun": 0.9855371900826446,
    "Word Class Number": 0.9901639344262295,
    "Word Class Verbs": 0.998960498960499,
    "Word Class Participle": 0.9577464788732395,
    "Word Class Adverb": 0.9900571186799239,
    "Word Class Conjunctions": 0.9930394431554525,
    "Word Class Foreign words": 0.7272727272727274,
    "Word Class Unanalyzed word": 0.0,
    "Word Class Abbreviation": 1.0,
    "Word Class Web email or address": 0.0,
    "Word Class Punctuation": 1.0,
    "Word Class Symbol": 0.8,
    "Word Class R Article": 0.9627906976744186
  },
  "per_interval_accuracy": {
    "Subcategories": 0.9859769398566531,
    "Gender": 0.979858803986711,
    "Number": 0.9908011869436202,
    "Case": 0.9806893687707641,
    "Article": 0.9944071588366891,
    "Proper Noun": 0.9925428784489188,
    "Degree": 0.9889447236180905,
    "Declension": 0.9912170639899623,
    "Mood": 0.9948024948024948,
    "Voice": 1.0,
    "Tense": 0.9953222453222453,
    "Person": 0.9879227053140096,
    "Definiteness": 0.9952153110047847
  },
  "per_interval_f1": {
    "Subcategories": 0.9814268234024357,
    "Gender": 0.9809552948503847,
    "Number": 0.9888864059279184,
    "Case": 0.9794855071632288,
    "Article": 0.9937027619094578,
    "Proper Noun": 0.9906607599397441,
    "Degree": 0.9833996954165245,
    "Declension": 0.9859936914418377,
    "Mood": 0.9454242789697823,
    "Voice": 1.0,
    "Tense": 0.9958168605761862,
    "Person": 0.9776635457847713,
    "Definiteness": 0.9941842669115397
  },
  "learning_rate": 1.72e-05
}