{
  "epoch": 13,
  "mode": "multilabel",
  "fold": 6,
  "eval_decoder": "greedy",
  "mbr_threshold": 0.0,
  "train_loss": 0.04264117239973084,
  "val_loss": 0.2765908151865005,
  "train_composite_accuracy": 0.9924244584485823,
  "train_composite_micro_f1": 0.9924244584485823,
  "train_composite_macro_f1": 0.9207995174889536,
  "val_composite_accuracy": 0.9743163494306375,
  "val_composite_micro_f1": 0.9743163494306375,
  "val_composite_macro_f1": 0.8969113636260945,
  "per_word_class_accuracy": {
    "Word Class Noun": 0.9955257270693513,
    "Word Class Adjective": 0.9662379421221865,
    "Word Class Pronoun": 0.9825462012320328,
    "Word Class Number": 0.974025974025974,
    "Word Class Verbs": 0.997920997920998,
    "Word Class Participle": 0.9657142857142857,
    "Word Class Adverb": 0.9864578925095218,
    "Word Class Conjunctions": 0.9953416149068323,
    "Word Class Foreign words": 0.5384615384615384,
    "Word Class Unanalyzed word": 0.0,
    "Word Class Abbreviation": 1.0,
    "Word Class Web email or address": 0.0,
    "Word Class Punctuation": 1.0,
    "Word Class Symbol": 0.6666666666666666,
    "Word Class R Article": 1.0
  },
  "per_word_class_f1": {
    "Word Class Noun": 0.9949692565679151,
    "Word Class Adjective": 0.9639133921411388,
    "Word Class Pronoun": 0.9871067560598246,
    "Word Class Number": 0.9868421052631579,
    "Word Class Verbs": 0.9981804003119314,
    "Word Class Participle": 0.9467787114845939,
    "Word Class Adverb": 0.9895988112927192,
    "Word Class Conjunctions": 0.9926442121564072,
    "Word Class Foreign words": 0.6363636363636364,
    "Word Class Unanalyzed word": 0.0,
    "Word Class Abbreviation": 1.0,
    "Word Class Web email or address": 0.0,
    "Word Class Punctuation": 1.0,
    "Word Class Symbol": 0.8,
    "Word Class R Article": 0.9675925925925926
  },
  "per_interval_accuracy": {
    "Subcategories": 0.9851978809598005,
    "Gender": 0.9831810631229236,
    "Number": 0.9913946587537092,
    "Case": 0.982765780730897,
    "Article": 0.9951528709917972,
    "Proper Noun": 0.9925428784489188,
    "Degree": 0.9872696817420435,
    "Declension": 0.9937264742785445,
    "Mood": 0.9948024948024948,
    "Voice": 1.0,
    "Tense": 0.9948024948024948,
    "Person": 0.9889579020013802,
    "Definiteness": 0.9952153110047847
  },
  "per_interval_f1": {
    "Subcategories": 0.980175570903443,
    "Gender": 0.9840733728299438,
    "Number": 0.9897668033671619,
    "Case": 0.9799730393532062,
    "Article": 0.9945423936548634,
    "Proper Noun": 0.9906607599397441,
    "Degree": 0.9801842842037782,
    "Declension": 0.9886062441374109,
    "Mood": 0.9446491748458798,
    "Voice": 1.0,
    "Tense": 0.9948606434232713,
    "Person": 0.9759889987081527,
    "Definiteness": 0.9941842669115397
  },
  "learning_rate": 1.7400000000000003e-05
}