{
  "epoch": 10,
  "mode": "multilabel",
  "fold": 6,
  "eval_decoder": "greedy",
  "mbr_threshold": 0.0,
  "train_loss": 0.08031255276426348,
  "val_loss": 0.2560478538274765,
  "train_composite_accuracy": 0.9883113795235151,
  "train_composite_micro_f1": 0.9883113795235151,
  "train_composite_macro_f1": 0.8700780438078802,
  "val_composite_accuracy": 0.9730807577268196,
  "val_composite_micro_f1": 0.9730807577268196,
  "val_composite_macro_f1": 0.8831716230081619,
  "per_word_class_accuracy": {
    "Word Class Noun": 0.9962714392244594,
    "Word Class Adjective": 0.9662379421221865,
    "Word Class Pronoun": 0.9856262833675564,
    "Word Class Number": 0.987012987012987,
    "Word Class Verbs": 0.9984407484407485,
    "Word Class Participle": 0.9485714285714286,
    "Word Class Adverb": 0.9860347016504444,
    "Word Class Conjunctions": 0.9961180124223602,
    "Word Class Foreign words": 0.5384615384615384,
    "Word Class Unanalyzed word": 0.0,
    "Word Class Abbreviation": 1.0,
    "Word Class Web email or address": 0.0,
    "Word Class Punctuation": 1.0,
    "Word Class Symbol": 0.6666666666666666,
    "Word Class R Article": 0.9808612440191388
  },
  "per_word_class_f1": {
    "Word Class Noun": 0.995343639411436,
    "Word Class Adjective": 0.9600638977635783,
    "Word Class Pronoun": 0.9861325115562403,
    "Word Class Number": 0.987012987012987,
    "Word Class Verbs": 0.9979220779220779,
    "Word Class Participle": 0.945868945868946,
    "Word Class Adverb": 0.9906462585034014,
    "Word Class Conjunctions": 0.9938032532920217,
    "Word Class Foreign words": 0.6363636363636364,
    "Word Class Unanalyzed word": 0.0,
    "Word Class Abbreviation": 1.0,
    "Word Class Web email or address": 0.0,
    "Word Class Punctuation": 1.0,
    "Word Class Symbol": 0.8,
    "Word Class R Article": 0.9669811320754716
  },
  "per_interval_accuracy": {
    "Subcategories": 0.9856653162979121,
    "Gender": 0.979858803986711,
    "Number": 0.9921364985163205,
    "Case": 0.9835963455149501,
    "Article": 0.9947800149142431,
    "Proper Noun": 0.9932885906040269,
    "Degree": 0.9869346733668342,
    "Declension": 0.9937264742785445,
    "Mood": 0.9932432432432432,
    "Voice": 1.0,
    "Tense": 0.9937629937629938,
    "Person": 0.9899930986887508,
    "Definiteness": 0.9952153110047847
  },
  "per_interval_f1": {
    "Subcategories": 0.9799983710958613,
    "Gender": 0.9808170330033141,
    "Number": 0.9902984998926551,
    "Case": 0.9783140954559121,
    "Article": 0.9941242268760755,
    "Proper Noun": 0.9915805408572933,
    "Degree": 0.9767249177278825,
    "Declension": 0.9886062441374109,
    "Mood": 0.9100490243948359,
    "Voice": 1.0,
    "Tense": 0.9935370208062415,
    "Person": 0.9775125809530941,
    "Definiteness": 0.9941842669115397
  },
  "learning_rate": 1.8e-05
}