{
  "epoch": 16,
  "mode": "multilabel",
  "fold": 6,
  "eval_decoder": "greedy",
  "mbr_threshold": 0.0,
  "train_loss": 0.03516287663802396,
  "val_loss": 0.3024888440966606,
  "train_composite_accuracy": 0.9944974530525356,
  "train_composite_micro_f1": 0.9944974530525356,
  "train_composite_macro_f1": 0.9353277377274183,
  "val_composite_accuracy": 0.9729100880837627,
  "val_composite_micro_f1": 0.9729100880837627,
  "val_composite_macro_f1": 0.9033213215710828,
  "per_word_class_accuracy": {
    "Word Class Noun": 0.9929157345264727,
    "Word Class Adjective": 0.9758842443729904,
    "Word Class Pronoun": 0.9887063655030801,
    "Word Class Number": 0.9805194805194806,
    "Word Class Verbs": 0.9968814968814969,
    "Word Class Participle": 0.9771428571428571,
    "Word Class Adverb": 0.9894202285230639,
    "Word Class Conjunctions": 0.9953416149068323,
    "Word Class Foreign words": 0.6153846153846154,
    "Word Class Unanalyzed word": 0.0,
    "Word Class Abbreviation": 1.0,
    "Word Class Web email or address": 0.0,
    "Word Class Punctuation": 1.0,
    "Word Class Symbol": 0.6666666666666666,
    "Word Class R Article": 0.9665071770334929
  },
  "per_word_class_f1": {
    "Word Class Noun": 0.9945845004668534,
    "Word Class Adjective": 0.9696485623003196,
    "Word Class Pronoun": 0.985670419651996,
    "Word Class Number": 0.9869281045751634,
    "Word Class Verbs": 0.9968814968814969,
    "Word Class Participle": 0.9688385269121813,
    "Word Class Adverb": 0.990887899978809,
    "Word Class Conjunctions": 0.9934134056567222,
    "Word Class Foreign words": 0.7272727272727274,
    "Word Class Unanalyzed word": 0.0,
    "Word Class Abbreviation": 1.0,
    "Word Class Web email or address": 0.0,
    "Word Class Punctuation": 1.0,
    "Word Class Symbol": 0.8,
    "Word Class R Article": 0.964200477326969
  },
  "per_interval_accuracy": {
    "Subcategories": 0.9859769398566531,
    "Gender": 0.9796511627906976,
    "Number": 0.9913946587537092,
    "Case": 0.9825581395348837,
    "Article": 0.9929157345264727,
    "Proper Noun": 0.9903057419835943,
    "Degree": 0.9889447236180905,
    "Declension": 0.9924717691342535,
    "Mood": 0.9927234927234927,
    "Voice": 1.0,
    "Tense": 0.9932432432432432,
    "Person": 0.989648033126294,
    "Definiteness": 0.9952153110047847
  },
  "per_interval_f1": {
    "Subcategories": 0.9761572914005001,
    "Gender": 0.9809331857183388,
    "Number": 0.9893332072783,
    "Case": 0.9777168615163454,
    "Article": 0.992036870611102,
    "Proper Noun": 0.9878893767193708,
    "Degree": 0.9808028160327946,
    "Declension": 0.9847402074071492,
    "Mood": 0.9436765267432708,
    "Voice": 1.0,
    "Tense": 0.9929748869043169,
    "Person": 0.9811770864101873,
    "Definiteness": 0.9941842669115397
  },
  "learning_rate": 1.6800000000000002e-05
}