{
  "best_epoch": 8,
  "total_epochs_trained": 8,
  "mode": "multilabel",
  "fold": 8,
  "optimizer": "adamw",
  "eval_decoder": "greedy",
  "mbr_threshold": 0.0,
  "train_loss": 0.0510651744397837,
  "val_loss": 0.21210621818900108,
  "train_composite_accuracy": 0.9893768107708913,
  "train_composite_micro_f1": 0.9893768107708913,
  "train_composite_macro_f1": 0.8979811723577914,
  "val_composite_accuracy": 0.9765799896676425,
  "val_composite_micro_f1": 0.9765799896676425,
  "val_composite_macro_f1": 0.8933779716805148,
  "per_word_class_accuracy": {
    "Word Class Noun": 0.9973841554559043,
    "Word Class Adjective": 0.9732620320855615,
    "Word Class Pronoun": 0.9886104783599089,
    "Word Class Number": 0.9825581395348837,
    "Word Class Verbs": 0.9968,
    "Word Class Participle": 0.9447236180904522,
    "Word Class Adverb": 0.9922680412371134,
    "Word Class Conjunctions": 0.9974554707379135,
    "Word Class Foreign words": 0.8333333333333334,
    "Word Class Unanalyzed word": 0.0,
    "Word Class Abbreviation": 0.9565217391304348,
    "Word Class Web email or address": 0.0,
    "Word Class Punctuation": 1.0,
    "Word Class Symbol": 1.0,
    "Word Class R Article": 0.9913793103448276
  },
  "per_word_class_f1": {
    "Word Class Noun": 0.9970115801270079,
    "Word Class Adjective": 0.962114537444934,
    "Word Class Pronoun": 0.992,
    "Word Class Number": 0.9825581395348837,
    "Word Class Verbs": 0.9973319103521878,
    "Word Class Participle": 0.9616368286445013,
    "Word Class Adverb": 0.9926944563816072,
    "Word Class Conjunctions": 0.9978786593126856,
    "Word Class Foreign words": 0.7692307692307692,
    "Word Class Unanalyzed word": 0.0,
    "Word Class Abbreviation": 0.9565217391304348,
    "Word Class Web email or address": 0.0,
    "Word Class Punctuation": 1.0,
    "Word Class Symbol": 1.0,
    "Word Class R Article": 0.9871244635193134
  },
  "per_interval_accuracy": {
    "Subcategories": 0.985025506006253,
    "Gender": 0.9847392963119966,
    "Number": 0.9910511148187472,
    "Case": 0.9830436625688851,
    "Article": 0.9955156950672646,
    "Proper Noun": 0.9932735426008968,
    "Degree": 0.9930771893388716,
    "Declension": 0.993421052631579,
    "Mood": 0.992,
    "Voice": 1.0,
    "Tense": 0.992,
    "Person": 0.9894660370504904,
    "Definiteness": 0.9913793103448276
  },
  "per_interval_f1": {
    "Subcategories": 0.9528053153517286,
    "Gender": 0.9849325004141989,
    "Number": 0.9886931003705194,
    "Case": 0.982573654701814,
    "Article": 0.9950559804899679,
    "Proper Noun": 0.9916635514018691,
    "Degree": 0.7861099721486549,
    "Declension": 0.9915425887793731,
    "Mood": 0.9442121659288407,
    "Voice": 1.0,
    "Tense": 0.9922172818284946,
    "Person": 0.9813907094425818,
    "Definiteness": 0.9895070104025327
  },
  "learning_rate": 1.8400000000000003e-05,
  "base_learning_rate": 2e-05,
  "warmup_ratio": 0.0
}