{
  "epoch": 6,
  "mode": "multilabel",
  "fold": 8,
  "eval_decoder": "greedy",
  "mbr_threshold": 0.0,
  "train_loss": 0.0744635785185614,
  "val_loss": 0.19794877246022224,
  "train_composite_accuracy": 0.9856708558656678,
  "train_composite_micro_f1": 0.9856708558656678,
  "train_composite_macro_f1": 0.8724223250592373,
  "val_composite_accuracy": 0.9739152892561983,
  "val_composite_micro_f1": 0.9739152892561983,
  "val_composite_macro_f1": 0.8822482340805531,
  "per_word_class_accuracy": {
    "Word Class Noun": 0.9981315396113603,
    "Word Class Adjective": 0.9714795008912656,
    "Word Class Pronoun": 0.989749430523918,
    "Word Class Number": 0.9767441860465116,
    "Word Class Verbs": 0.9973333333333333,
    "Word Class Participle": 0.9597989949748744,
    "Word Class Adverb": 0.990979381443299,
    "Word Class Conjunctions": 0.9991518235793045,
    "Word Class Foreign words": 0.8333333333333334,
    "Word Class Unanalyzed word": 0.0,
    "Word Class Abbreviation": 1.0,
    "Word Class Web email or address": 0.0,
    "Word Class Punctuation": 1.0,
    "Word Class Symbol": 1.0,
    "Word Class R Article": 0.9913793103448276
  },
  "per_word_class_f1": {
    "Word Class Noun": 0.9971999253313422,
    "Word Class Adjective": 0.9714795008912656,
    "Word Class Pronoun": 0.9908779931584949,
    "Word Class Number": 0.988235294117647,
    "Word Class Verbs": 0.9975993598292878,
    "Word Class Participle": 0.9622166246851386,
    "Word Class Adverb": 0.9931123547137323,
    "Word Class Conjunctions": 0.9957734573119188,
    "Word Class Foreign words": 0.6666666666666667,
    "Word Class Unanalyzed word": 0.0,
    "Word Class Abbreviation": 1.0,
    "Word Class Web email or address": 0.0,
    "Word Class Punctuation": 1.0,
    "Word Class Symbol": 1.0,
    "Word Class R Article": 0.9871244635193134
  },
  "per_interval_accuracy": {
    "Subcategories": 0.98403817673194,
    "Gender": 0.9828317083509962,
    "Number": 0.9916578188988321,
    "Case": 0.9813480288257737,
    "Article": 0.9962630792227205,
    "Proper Noun": 0.9940209267563528,
    "Degree": 0.9903080650744203,
    "Declension": 0.9960526315789474,
    "Mood": 0.9914666666666667,
    "Voice": 0.9994666666666666,
    "Tense": 0.992,
    "Person": 0.9876498365419543,
    "Definiteness": 0.9956896551724138
  },
  "per_interval_f1": {
    "Subcategories": 0.9557747251941859,
    "Gender": 0.9830912885285562,
    "Number": 0.9893393471589694,
    "Case": 0.9815885820159735,
    "Article": 0.9958779097243745,
    "Proper Noun": 0.9925837806229096,
    "Degree": 0.7819213479042783,
    "Declension": 0.996192163418303,
    "Mood": 0.9421486981427429,
    "Voice": 0.9966351114899726,
    "Tense": 0.9922172818284946,
    "Person": 0.9597496096026199,
    "Definiteness": 0.9947300274856326
  },
  "learning_rate": 1.88e-05
}