{
  "epoch": 2,
  "mode": "multilabel",
  "fold": 8,
  "eval_decoder": "greedy",
  "mbr_threshold": 0.0,
  "train_loss": 0.30419395074486905,
  "val_loss": 0.25501240640878675,
  "train_composite_accuracy": 0.953028618136542,
  "train_composite_micro_f1": 0.953028618136542,
  "train_composite_macro_f1": 0.6636906237570712,
  "val_composite_accuracy": 0.9642795661903942,
  "val_composite_micro_f1": 0.9642795661903942,
  "val_composite_macro_f1": 0.7994660855411921,
  "per_word_class_accuracy": {
    "Word Class Noun": 0.9966367713004485,
    "Word Class Adjective": 0.9607843137254902,
    "Word Class Pronoun": 0.9920273348519362,
    "Word Class Number": 0.9476744186046512,
    "Word Class Verbs": 0.9973333333333333,
    "Word Class Participle": 0.9095477386934674,
    "Word Class Adverb": 0.9918384879725086,
    "Word Class Conjunctions": 0.996607294317218,
    "Word Class Foreign words": 0.8333333333333334,
    "Word Class Unanalyzed word": 0.0,
    "Word Class Abbreviation": 0.7391304347826086,
    "Word Class Web email or address": 0.0,
    "Word Class Punctuation": 1.0,
    "Word Class Symbol": 0.0,
    "Word Class R Article": 0.978448275862069
  },
  "per_word_class_f1": {
    "Word Class Noun": 0.9957065521747246,
    "Word Class Adjective": 0.9556737588652483,
    "Word Class Pronoun": 0.9908987485779295,
    "Word Class Number": 0.9616519174041298,
    "Word Class Verbs": 0.9973333333333333,
    "Word Class Participle": 0.9305912596401029,
    "Word Class Adverb": 0.9922647185217018,
    "Word Class Conjunctions": 0.9961848240779991,
    "Word Class Foreign words": 0.7692307692307692,
    "Word Class Unanalyzed word": 0.0,
    "Word Class Abbreviation": 0.7555555555555555,
    "Word Class Web email or address": 0.0,
    "Word Class Punctuation": 1.0,
    "Word Class Symbol": 0.0,
    "Word Class R Article": 0.9659574468085107
  },
  "per_interval_accuracy": {
    "Subcategories": 0.9814052986671055,
    "Gender": 0.973505722763883,
    "Number": 0.9875625663582588,
    "Case": 0.9807121661721068,
    "Article": 0.9943946188340808,
    "Proper Noun": 0.9917787742899851,
    "Degree": 0.9906542056074766,
    "Declension": 0.9921052631578947,
    "Mood": 0.9888,
    "Voice": 0.9973333333333333,
    "Tense": 0.9914666666666667,
    "Person": 0.9912822375590266,
    "Definiteness": 0.9870689655172413
  },
  "per_interval_f1": {
    "Subcategories": 0.9284980160057896,
    "Gender": 0.9748991069429339,
    "Number": 0.9846910149684418,
    "Case": 0.9780839142062658,
    "Article": 0.9938215270986991,
    "Proper Noun": 0.9898275423541381,
    "Degree": 0.7763501388067876,
    "Declension": 0.9902591228090053,
    "Mood": 0.7399248624990231,
    "Voice": 0.9829651070881509,
    "Tense": 0.9912784981218125,
    "Person": 0.9813474297877618,
    "Definiteness": 0.9843296183721715
  },
  "learning_rate": 1.9600000000000002e-05
}