{
  "epoch": 3,
  "mode": "multilabel",
  "fold": 8,
  "eval_decoder": "greedy",
  "mbr_threshold": 0.0,
  "train_loss": 0.18371751494543,
  "val_loss": 0.21056714951992034,
  "train_composite_accuracy": 0.9682572791140861,
  "train_composite_micro_f1": 0.9682572791140861,
  "train_composite_macro_f1": 0.7189473885412382,
  "val_composite_accuracy": 0.9717655160540587,
  "val_composite_micro_f1": 0.9717655160540587,
  "val_composite_macro_f1": 0.8610597007983376,
  "per_word_class_accuracy": {
    "Word Class Noun": 0.9970104633781763,
    "Word Class Adjective": 0.9696969696969697,
    "Word Class Pronoun": 0.9931662870159453,
    "Word Class Number": 0.9651162790697675,
    "Word Class Verbs": 0.9978666666666667,
    "Word Class Participle": 0.9246231155778895,
    "Word Class Adverb": 0.9901202749140894,
    "Word Class Conjunctions": 0.998303647158609,
    "Word Class Foreign words": 0.8333333333333334,
    "Word Class Unanalyzed word": 0.0,
    "Word Class Abbreviation": 1.0,
    "Word Class Web email or address": 0.0,
    "Word Class Punctuation": 1.0,
    "Word Class Symbol": 1.0,
    "Word Class R Article": 0.9741379310344828
  },
  "per_word_class_f1": {
    "Word Class Noun": 0.9971967856475425,
    "Word Class Adjective": 0.9662522202486679,
    "Word Class Pronoun": 0.9897843359818389,
    "Word Class Number": 0.9736070381231672,
    "Word Class Verbs": 0.9970690114575008,
    "Word Class Participle": 0.9387755102040817,
    "Word Class Adverb": 0.992465016146394,
    "Word Class Conjunctions": 0.9957698815566836,
    "Word Class Foreign words": 0.6666666666666667,
    "Word Class Unanalyzed word": 0.0,
    "Word Class Abbreviation": 1.0,
    "Word Class Web email or address": 0.0,
    "Word Class Punctuation": 1.0,
    "Word Class Symbol": 1.0,
    "Word Class R Article": 0.9762419006479481
  },
  "per_interval_accuracy": {
    "Subcategories": 0.9845318413690965,
    "Gender": 0.9811360746078847,
    "Number": 0.9895343546185348,
    "Case": 0.9838914794404409,
    "Article": 0.9947683109118086,
    "Proper Noun": 0.992152466367713,
    "Degree": 0.9892696434752509,
    "Declension": 0.9947368421052631,
    "Mood": 0.9909333333333333,
    "Voice": 0.9989333333333333,
    "Tense": 0.9914666666666667,
    "Person": 0.9916454776607337,
    "Definiteness": 0.9870689655172413
  },
  "per_interval_f1": {
    "Subcategories": 0.964542379279426,
    "Gender": 0.981849396394435,
    "Number": 0.9870770687095725,
    "Case": 0.9828524824400791,
    "Article": 0.9942348708447337,
    "Proper Noun": 0.9902938562818506,
    "Degree": 0.778982449526169,
    "Declension": 0.9949130895945624,
    "Mood": 0.8678736159730848,
    "Voice": 0.9933115020761099,
    "Tense": 0.9911321315703039,
    "Person": 0.9818322342408747,
    "Definiteness": 0.9843296183721715
  },
  "learning_rate": 1.94e-05
}