{
  "epoch": 5,
  "mode": "multilabel",
  "fold": 8,
  "eval_decoder": "greedy",
  "mbr_threshold": 0.0,
  "train_loss": 0.10206113356332332,
  "val_loss": 0.2136181816458702,
  "train_composite_accuracy": 0.9811018699202395,
  "train_composite_micro_f1": 0.9811018699202395,
  "train_composite_macro_f1": 0.8179937534039611,
  "val_composite_accuracy": 0.9712515062833534,
  "val_composite_micro_f1": 0.9712515062833534,
  "val_composite_macro_f1": 0.8724213113773048,
  "per_word_class_accuracy": {
    "Word Class Noun": 0.9973841554559043,
    "Word Class Adjective": 0.9625668449197861,
    "Word Class Pronoun": 0.9886104783599089,
    "Word Class Number": 0.9767441860465116,
    "Word Class Verbs": 0.9973333333333333,
    "Word Class Participle": 0.9447236180904522,
    "Word Class Adverb": 0.9892611683848798,
    "Word Class Conjunctions": 0.998303647158609,
    "Word Class Foreign words": 0.8333333333333334,
    "Word Class Unanalyzed word": 0.0,
    "Word Class Abbreviation": 1.0,
    "Word Class Web email or address": 0.0,
    "Word Class Punctuation": 1.0,
    "Word Class Symbol": 1.0,
    "Word Class R Article": 0.9741379310344828
  },
  "per_word_class_f1": {
    "Word Class Noun": 0.9970115801270079,
    "Word Class Adjective": 0.96,
    "Word Class Pronoun": 0.9886104783599089,
    "Word Class Number": 0.9682997118155618,
    "Word Class Verbs": 0.9973333333333333,
    "Word Class Participle": 0.94,
    "Word Class Adverb": 0.9924585218702866,
    "Word Class Conjunctions": 0.9978804578211107,
    "Word Class Foreign words": 0.6666666666666667,
    "Word Class Unanalyzed word": 0.0,
    "Word Class Abbreviation": 0.9583333333333334,
    "Word Class Web email or address": 0.0,
    "Word Class Punctuation": 1.0,
    "Word Class Symbol": 1.0,
    "Word Class R Article": 0.9762419006479481
  },
  "per_interval_accuracy": {
    "Subcategories": 0.9823926279414185,
    "Gender": 0.98007630351844,
    "Number": 0.9889276505384499,
    "Case": 0.9832556167867741,
    "Article": 0.9943946188340808,
    "Proper Noun": 0.9951420029895366,
    "Degree": 0.9916926272066459,
    "Declension": 0.9960526315789474,
    "Mood": 0.9904,
    "Voice": 0.9989333333333333,
    "Tense": 0.9904,
    "Person": 0.9898292771521976,
    "Definiteness": 0.9741379310344828
  },
  "per_interval_f1": {
    "Subcategories": 0.9528502575639437,
    "Gender": 0.9805977372940413,
    "Number": 0.9857573280693535,
    "Case": 0.9813326104528329,
    "Article": 0.9938246220350224,
    "Proper Noun": 0.9939619754414095,
    "Degree": 0.7849847253995328,
    "Declension": 0.996192163418303,
    "Mood": 0.9415717908936864,
    "Voice": 0.9932284067434234,
    "Tense": 0.9904244942513779,
    "Person": 0.982947573946381,
    "Definiteness": 0.9690584155774873
  },
  "learning_rate": 1.9e-05
}