{
  "epoch": 1,
  "mode": "multilabel",
  "fold": 8,
  "eval_decoder": "greedy",
  "mbr_threshold": 0.0,
  "train_loss": 1.351365457195382,
  "val_loss": 0.42038492262363436,
  "train_composite_accuracy": 0.8342081196071415,
  "train_composite_micro_f1": 0.8342081196071415,
  "train_composite_macro_f1": 0.42153544412960187,
  "val_composite_accuracy": 0.9487201660325147,
  "val_composite_micro_f1": 0.9487201660325147,
  "val_composite_macro_f1": 0.7483521117062396,
  "per_word_class_accuracy": {
    "Word Class Noun": 0.9958893871449925,
    "Word Class Adjective": 0.9411764705882353,
    "Word Class Pronoun": 0.9886104783599089,
    "Word Class Number": 0.9476744186046512,
    "Word Class Verbs": 0.9978666666666667,
    "Word Class Participle": 0.9045226130653267,
    "Word Class Adverb": 0.990979381443299,
    "Word Class Conjunctions": 0.991518235793045,
    "Word Class Foreign words": 0.16666666666666666,
    "Word Class Unanalyzed word": 0.0,
    "Word Class Abbreviation": 0.5652173913043478,
    "Word Class Web email or address": 0.0,
    "Word Class Punctuation": 1.0,
    "Word Class Symbol": 0.0,
    "Word Class R Article": 0.9612068965517241
  },
  "per_word_class_f1": {
    "Word Class Noun": 0.9953314659197012,
    "Word Class Adjective": 0.9411764705882353,
    "Word Class Pronoun": 0.9858035207268598,
    "Word Class Number": 0.9340974212034383,
    "Word Class Verbs": 0.9978666666666667,
    "Word Class Participle": 0.9254498714652957,
    "Word Class Adverb": 0.9871630295250321,
    "Word Class Conjunctions": 0.9936251593710158,
    "Word Class Foreign words": 0.2857142857142857,
    "Word Class Unanalyzed word": 0.0,
    "Word Class Abbreviation": 0.7222222222222222,
    "Word Class Web email or address": 0.0,
    "Word Class Punctuation": 1.0,
    "Word Class Symbol": 0.0,
    "Word Class R Article": 0.9570815450643777
  },
  "per_interval_accuracy": {
    "Subcategories": 0.9712028961658713,
    "Gender": 0.9529461636286563,
    "Number": 0.9761868648566662,
    "Case": 0.963543874523103,
    "Article": 0.9917787742899851,
    "Proper Noun": 0.9884155455904334,
    "Degree": 0.9830391138802353,
    "Declension": 0.9842105263157894,
    "Mood": 0.9888,
    "Voice": 0.9914666666666667,
    "Tense": 0.992,
    "Person": 0.9883763167453687,
    "Definiteness": 0.9827586206896551
  },
  "per_interval_f1": {
    "Subcategories": 0.8781579856708848,
    "Gender": 0.9516950864600303,
    "Number": 0.9699400325704827,
    "Case": 0.945531017569658,
    "Article": 0.9909450427215813,
    "Proper Noun": 0.985717942974726,
    "Degree": 0.7535610769014064,
    "Declension": 0.9746161963696709,
    "Mood": 0.7382933871782273,
    "Voice": 0.9414446769307643,
    "Tense": 0.9919841934476236,
    "Person": 0.9687360065407518,
    "Definiteness": 0.9791965566714491
  },
  "learning_rate": 1.98e-05
}