{
  "epoch": 11,
  "mode": "multilabel",
  "fold": 8,
  "eval_decoder": "greedy",
  "mbr_threshold": 0.0,
  "train_loss": 0.03397300356410693,
  "val_loss": 0.22070202976465225,
  "train_composite_accuracy": 0.9931740937449705,
  "train_composite_micro_f1": 0.9931740937449705,
  "train_composite_macro_f1": 0.9350947121379902,
  "val_composite_accuracy": 0.9754901960784313,
  "val_composite_micro_f1": 0.9754901960784313,
  "val_composite_macro_f1": 0.883815081980001,
  "per_word_class_accuracy": {
    "Word Class Noun": 0.9985052316890882,
    "Word Class Adjective": 0.9768270944741533,
    "Word Class Pronoun": 0.9931662870159453,
    "Word Class Number": 0.9825581395348837,
    "Word Class Verbs": 0.9984,
    "Word Class Participle": 0.9396984924623115,
    "Word Class Adverb": 0.9896907216494846,
    "Word Class Conjunctions": 0.998303647158609,
    "Word Class Foreign words": 0.8333333333333334,
    "Word Class Unanalyzed word": 0.0,
    "Word Class Abbreviation": 1.0,
    "Word Class Web email or address": 0.0,
    "Word Class Punctuation": 1.0,
    "Word Class Symbol": 1.0,
    "Word Class R Article": 0.9741379310344828
  },
  "per_word_class_f1": {
    "Word Class Noun": 0.9975732686204966,
    "Word Class Adjective": 0.967343336275375,
    "Word Class Pronoun": 0.9914724275156338,
    "Word Class Number": 0.9883040935672515,
    "Word Class Verbs": 0.9984,
    "Word Class Participle": 0.9540816326530611,
    "Word Class Adverb": 0.993103448275862,
    "Word Class Conjunctions": 0.9957698815566836,
    "Word Class Foreign words": 0.7142857142857143,
    "Word Class Unanalyzed word": 0.0,
    "Word Class Abbreviation": 0.9787234042553191,
    "Word Class Web email or address": 0.0,
    "Word Class Punctuation": 1.0,
    "Word Class Symbol": 1.0,
    "Word Class R Article": 0.9826086956521738
  },
  "per_interval_accuracy": {
    "Subcategories": 0.9855191706434095,
    "Gender": 0.9843153878762188,
    "Number": 0.9910511148187472,
    "Case": 0.9847392963119966,
    "Article": 0.9966367713004485,
    "Proper Noun": 0.9947683109118086,
    "Degree": 0.991000346140533,
    "Declension": 0.9960526315789474,
    "Mood": 0.9930666666666667,
    "Voice": 1.0,
    "Tense": 0.9930666666666667,
    "Person": 0.9920087177624409,
    "Definiteness": 0.9870689655172413
  },
  "per_interval_f1": {
    "Subcategories": 0.9597449948375408,
    "Gender": 0.9847176347351202,
    "Number": 0.9887944664243394,
    "Case": 0.9840378108030725,
    "Article": 0.9962910528657407,
    "Proper Noun": 0.9935108080450461,
    "Degree": 0.7847323299466838,
    "Declension": 0.996192163418303,
    "Mood": 0.9444265845044596,
    "Voice": 1.0,
    "Tense": 0.9931710106234499,
    "Person": 0.9821331151017535,
    "Definiteness": 0.9843296183721715
  },
  "learning_rate": 1.7800000000000002e-05
}