{
  "epoch": 7,
  "mode": "multilabel",
  "fold": 8,
  "eval_decoder": "greedy",
  "mbr_threshold": 0.0,
  "train_loss": 0.061206850648913236,
  "val_loss": 0.21448637098073958,
  "train_composite_accuracy": 0.9880675038354452,
  "train_composite_micro_f1": 0.9880675038354452,
  "train_composite_macro_f1": 0.8798297712829024,
  "val_composite_accuracy": 0.9741868869385648,
  "val_composite_micro_f1": 0.9741868869385648,
  "val_composite_macro_f1": 0.8901561604521359,
  "per_word_class_accuracy": {
    "Word Class Noun": 0.9992526158445441,
    "Word Class Adjective": 0.9768270944741533,
    "Word Class Pronoun": 0.9931662870159453,
    "Word Class Number": 0.9767441860465116,
    "Word Class Verbs": 0.9973333333333333,
    "Word Class Participle": 0.949748743718593,
    "Word Class Adverb": 0.9858247422680413,
    "Word Class Conjunctions": 0.9974554707379135,
    "Word Class Foreign words": 0.8333333333333334,
    "Word Class Unanalyzed word": 0.0,
    "Word Class Abbreviation": 1.0,
    "Word Class Web email or address": 0.0,
    "Word Class Punctuation": 1.0,
    "Word Class Symbol": 1.0,
    "Word Class R Article": 0.9956896551724138
  },
  "per_word_class_f1": {
    "Word Class Noun": 0.9975750792762544,
    "Word Class Adjective": 0.9622475856014047,
    "Word Class Pronoun": 0.9920364050056882,
    "Word Class Number": 0.988235294117647,
    "Word Class Verbs": 0.9978655282817503,
    "Word Class Participle": 0.9618320610687022,
    "Word Class Adverb": 0.9911466206003023,
    "Word Class Conjunctions": 0.9953449005501481,
    "Word Class Foreign words": 0.8333333333333334,
    "Word Class Unanalyzed word": 0.0,
    "Word Class Abbreviation": 1.0,
    "Word Class Web email or address": 0.0,
    "Word Class Punctuation": 1.0,
    "Word Class Symbol": 1.0,
    "Word Class R Article": 0.9892933618843684
  },
  "per_interval_accuracy": {
    "Subcategories": 0.9837090669738358,
    "Gender": 0.9849512505298855,
    "Number": 0.9895343546185348,
    "Case": 0.9860110216193302,
    "Article": 0.9970104633781763,
    "Proper Noun": 0.9940209267563528,
    "Degree": 0.9892696434752509,
    "Declension": 0.9960526315789474,
    "Mood": 0.9909333333333333,
    "Voice": 1.0,
    "Tense": 0.9909333333333333,
    "Person": 0.9912822375590266,
    "Definiteness": 0.9956896551724138
  },
  "per_interval_f1": {
    "Subcategories": 0.9530664814329353,
    "Gender": 0.9851089063940427,
    "Number": 0.9871857399249357,
    "Case": 0.986000685269406,
    "Article": 0.9967023277794996,
    "Proper Noun": 0.9925655308449902,
    "Degree": 0.7799869501996334,
    "Declension": 0.996192163418303,
    "Mood": 0.9409004012148797,
    "Voice": 1.0,
    "Tense": 0.990883288715723,
    "Person": 0.9811963312845827,
    "Definiteness": 0.9947300274856326
  },
  "learning_rate": 1.86e-05
}