{
  "epoch": 4,
  "mode": "multilabel",
  "fold": 8,
  "eval_decoder": "greedy",
  "mbr_threshold": 0.0,
  "train_loss": 0.1327180440932122,
  "val_loss": 0.20491398721933365,
  "train_composite_accuracy": 0.9758202817808855,
  "train_composite_micro_f1": 0.9758202817808854,
  "train_composite_macro_f1": 0.7970601970585378,
  "val_composite_accuracy": 0.9722891566265061,
  "val_composite_micro_f1": 0.9722891566265061,
  "val_composite_macro_f1": 0.8708064443165211,
  "per_word_class_accuracy": {
    "Word Class Noun": 0.9981315396113603,
    "Word Class Adjective": 0.9714795008912656,
    "Word Class Pronoun": 0.9920273348519362,
    "Word Class Number": 0.9709302325581395,
    "Word Class Verbs": 0.9978666666666667,
    "Word Class Participle": 0.9396984924623115,
    "Word Class Adverb": 0.990979381443299,
    "Word Class Conjunctions": 0.9974554707379135,
    "Word Class Foreign words": 0.8333333333333334,
    "Word Class Unanalyzed word": 0.0,
    "Word Class Abbreviation": 1.0,
    "Word Class Web email or address": 0.0,
    "Word Class Punctuation": 1.0,
    "Word Class Symbol": 1.0,
    "Word Class R Article": 0.9741379310344828
  },
  "per_word_class_f1": {
    "Word Class Noun": 0.9971999253313422,
    "Word Class Adjective": 0.9688888888888888,
    "Word Class Pronoun": 0.9897727272727272,
    "Word Class Number": 0.9794721407624634,
    "Word Class Verbs": 0.9973347547974413,
    "Word Class Participle": 0.9516539440203563,
    "Word Class Adverb": 0.9931123547137323,
    "Word Class Conjunctions": 0.995766299745978,
    "Word Class Foreign words": 0.7692307692307692,
    "Word Class Unanalyzed word": 0.0,
    "Word Class Abbreviation": 1.0,
    "Word Class Web email or address": 0.0,
    "Word Class Punctuation": 1.0,
    "Word Class Symbol": 1.0,
    "Word Class R Article": 0.9762419006479481
  },
  "per_interval_accuracy": {
    "Subcategories": 0.9851900608853053,
    "Gender": 0.9813480288257737,
    "Number": 0.9875625663582588,
    "Case": 0.9832556167867741,
    "Article": 0.9958893871449925,
    "Proper Noun": 0.9928998505231689,
    "Degree": 0.9920387677397023,
    "Declension": 0.993421052631579,
    "Mood": 0.9909333333333333,
    "Voice": 0.9994666666666666,
    "Tense": 0.992,
    "Person": 0.9916454776607337,
    "Definiteness": 0.9870689655172413
  },
  "per_interval_f1": {
    "Subcategories": 0.9646779735992919,
    "Gender": 0.9817559415165138,
    "Number": 0.9847672889999534,
    "Case": 0.9829013058568516,
    "Article": 0.9954645570293126,
    "Proper Noun": 0.9912039943595121,
    "Degree": 0.7858224634352291,
    "Declension": 0.9936290364120902,
    "Mood": 0.9411457338027771,
    "Voice": 0.9966351114899726,
    "Tense": 0.9919882513050657,
    "Person": 0.985100585711184,
    "Definiteness": 0.9843296183721715
  },
  "learning_rate": 1.9200000000000003e-05
}