{
  "epoch": 10,
  "mode": "multilabel",
  "fold": 8,
  "eval_decoder": "greedy",
  "mbr_threshold": 0.0,
  "train_loss": 0.03661410487358617,
  "val_loss": 0.22047906517982482,
  "train_composite_accuracy": 0.9921042167648116,
  "train_composite_micro_f1": 0.9921042167648116,
  "train_composite_macro_f1": 0.9154452592121957,
  "val_composite_accuracy": 0.975481761871989,
  "val_composite_micro_f1": 0.975481761871989,
  "val_composite_macro_f1": 0.8931802381667494,
  "per_word_class_accuracy": {
    "Word Class Noun": 0.9985052316890882,
    "Word Class Adjective": 0.9750445632798574,
    "Word Class Pronoun": 0.9931662870159453,
    "Word Class Number": 0.9767441860465116,
    "Word Class Verbs": 0.9984,
    "Word Class Participle": 0.9396984924623115,
    "Word Class Adverb": 0.9914089347079038,
    "Word Class Conjunctions": 0.9991518235793045,
    "Word Class Foreign words": 0.8333333333333334,
    "Word Class Unanalyzed word": 0.0,
    "Word Class Abbreviation": 1.0,
    "Word Class Web email or address": 0.0,
    "Word Class Punctuation": 1.0,
    "Word Class Symbol": 1.0,
    "Word Class R Article": 0.9956896551724138
  },
  "per_word_class_f1": {
    "Word Class Noun": 0.9975732686204966,
    "Word Class Adjective": 0.9724444444444444,
    "Word Class Pronoun": 0.9931662870159453,
    "Word Class Number": 0.9853372434017595,
    "Word Class Verbs": 0.9984,
    "Word Class Participle": 0.961439588688946,
    "Word Class Adverb": 0.9933290294813859,
    "Word Class Conjunctions": 0.9957734573119188,
    "Word Class Foreign words": 0.6666666666666667,
    "Word Class Unanalyzed word": 0.0,
    "Word Class Abbreviation": 1.0,
    "Word Class Web email or address": 0.0,
    "Word Class Punctuation": 1.0,
    "Word Class Symbol": 1.0,
    "Word Class R Article": 0.9914163090128757
  },
  "per_interval_accuracy": {
    "Subcategories": 0.9851900608853053,
    "Gender": 0.9824077999152183,
    "Number": 0.9908994387987259,
    "Case": 0.9851632047477745,
    "Article": 0.9958893871449925,
    "Proper Noun": 0.9943946188340808,
    "Degree": 0.991000346140533,
    "Declension": 0.9947368421052631,
    "Mood": 0.9925333333333334,
    "Voice": 0.9989333333333333,
    "Tense": 0.9925333333333334,
    "Person": 0.9920087177624409,
    "Definiteness": 0.9956896551724138
  },
  "per_interval_f1": {
    "Subcategories": 0.9598149288249777,
    "Gender": 0.9828141737920901,
    "Number": 0.988661989778116,
    "Case": 0.9851114280840688,
    "Article": 0.9954691198723793,
    "Proper Noun": 0.9930387611284005,
    "Degree": 0.7835527596905777,
    "Declension": 0.9949130895945624,
    "Mood": 0.869318184105691,
    "Voice": 0.9932284067434234,
    "Tense": 0.9923120049263772,
    "Person": 0.9826430455188986,
    "Definiteness": 0.9947300274856326
  },
  "learning_rate": 1.8e-05
}