{
  "epoch": 9,
  "mode": "multilabel",
  "fold": 8,
  "eval_decoder": "greedy",
  "mbr_threshold": 0.0,
  "train_loss": 0.0432319310961462,
  "val_loss": 0.22162185832858086,
  "train_composite_accuracy": 0.9907602881729796,
  "train_composite_micro_f1": 0.9907602881729796,
  "train_composite_macro_f1": 0.9052272698259516,
  "val_composite_accuracy": 0.9757356737222509,
  "val_composite_micro_f1": 0.9757356737222509,
  "val_composite_macro_f1": 0.8911681350658808,
  "per_word_class_accuracy": {
    "Word Class Noun": 0.9977578475336323,
    "Word Class Adjective": 0.9750445632798574,
    "Word Class Pronoun": 0.9920273348519362,
    "Word Class Number": 0.9767441860465116,
    "Word Class Verbs": 0.9968,
    "Word Class Participle": 0.9547738693467337,
    "Word Class Adverb": 0.990979381443299,
    "Word Class Conjunctions": 0.998303647158609,
    "Word Class Foreign words": 0.8333333333333334,
    "Word Class Unanalyzed word": 0.0,
    "Word Class Abbreviation": 1.0,
    "Word Class Web email or address": 0.0,
    "Word Class Punctuation": 1.0,
    "Word Class Symbol": 1.0,
    "Word Class R Article": 0.9870689655172413
  },
  "per_word_class_f1": {
    "Word Class Noun": 0.9971988795518206,
    "Word Class Adjective": 0.9698581560283689,
    "Word Class Pronoun": 0.9920273348519362,
    "Word Class Number": 0.9824561403508771,
    "Word Class Verbs": 0.9968,
    "Word Class Participle": 0.9620253164556962,
    "Word Class Adverb": 0.9935400516795866,
    "Word Class Conjunctions": 0.996191282268303,
    "Word Class Foreign words": 0.7142857142857143,
    "Word Class Unanalyzed word": 0.0,
    "Word Class Abbreviation": 1.0,
    "Word Class Web email or address": 0.0,
    "Word Class Punctuation": 1.0,
    "Word Class Symbol": 1.0,
    "Word Class R Article": 0.9849462365591397
  },
  "per_interval_accuracy": {
    "Subcategories": 0.9856837255224618,
    "Gender": 0.9849512505298855,
    "Number": 0.9892310025784924,
    "Case": 0.9845273420941076,
    "Article": 0.9962630792227205,
    "Proper Noun": 0.9943946188340808,
    "Degree": 0.9906542056074766,
    "Declension": 0.9947368421052631,
    "Mood": 0.9904,
    "Voice": 1.0,
    "Tense": 0.992,
    "Person": 0.9901925172539048,
    "Definiteness": 0.9913793103448276
  },
  "per_interval_f1": {
    "Subcategories": 0.9591626790384784,
    "Gender": 0.9849191162135364,
    "Number": 0.9864352402579439,
    "Case": 0.9848841044222312,
    "Article": 0.9958779097243745,
    "Proper Noun": 0.9930557850206674,
    "Degree": 0.7805301586002285,
    "Declension": 0.9949130895945624,
    "Mood": 0.9415717908936864,
    "Voice": 1.0,
    "Tense": 0.9924480311766105,
    "Person": 0.9797134547838497,
    "Definiteness": 0.9895070104025327
  },
  "learning_rate": 1.8200000000000002e-05
}