{
  "epoch": 3,
  "mode": "multilabel",
  "fold": 2,
  "eval_decoder": "greedy",
  "mbr_threshold": 0.0,
  "train_loss": 0.39656695545674064,
  "val_loss": 0.2923243507742882,
  "train_composite_accuracy": 0.9555353206172721,
  "train_composite_micro_f1": 0.9555353206172721,
  "train_composite_macro_f1": 0.6657799162260224,
  "val_composite_accuracy": 0.9666179337231969,
  "val_composite_micro_f1": 0.9666179337231969,
  "val_composite_macro_f1": 0.8040886004179819,
  "per_word_class_accuracy": {
    "Word Class Noun": 0.9974396488661302,
    "Word Class Adjective": 0.9767054908485857,
    "Word Class Pronoun": 0.9894847528916929,
    "Word Class Number": 0.9714285714285714,
    "Word Class Verbs": 0.9975198412698413,
    "Word Class Participle": 0.9079754601226994,
    "Word Class Adverb": 0.9882686084142395,
    "Word Class Conjunctions": 0.9947526236881559,
    "Word Class Foreign words": 0.2727272727272727,
    "Word Class Unanalyzed word": 0.0,
    "Word Class Abbreviation": 0.95,
    "Word Class Web email or address": 0.0,
    "Word Class Punctuation": 1.0,
    "Word Class Symbol": 0.0,
    "Word Class R Article": 0.9484978540772532
  },
  "per_word_class_f1": {
    "Word Class Noun": 0.9972572682391663,
    "Word Class Adjective": 0.9599345870809485,
    "Word Class Pronoun": 0.9853403141361258,
    "Word Class Number": 0.9826589595375722,
    "Word Class Verbs": 0.9972725018596579,
    "Word Class Participle": 0.9337539432176657,
    "Word Class Adverb": 0.9900709219858155,
    "Word Class Conjunctions": 0.9947526236881559,
    "Word Class Foreign words": 0.39999999999999997,
    "Word Class Unanalyzed word": 0.0,
    "Word Class Abbreviation": 0.8444444444444444,
    "Word Class Web email or address": 0.0,
    "Word Class Punctuation": 1.0,
    "Word Class Symbol": 0.0,
    "Word Class R Article": 0.9567099567099567
  },
  "per_interval_accuracy": {
    "Subcategories": 0.981195025781013,
    "Gender": 0.9709697344039531,
    "Number": 0.9871962752800815,
    "Case": 0.9814700432365658,
    "Article": 0.9945135332845647,
    "Proper Noun": 0.9941477688368691,
    "Degree": 0.9882850634559063,
    "Declension": 0.9908376963350786,
    "Mood": 0.9890873015873016,
    "Voice": 0.9975198412698413,
    "Tense": 0.9905753968253969,
    "Person": 0.9841590832490731,
    "Definiteness": 0.9871244635193133
  },
  "per_interval_f1": {
    "Subcategories": 0.8946097947001721,
    "Gender": 0.9718897852081447,
    "Number": 0.9836747580216789,
    "Case": 0.969411383189111,
    "Article": 0.9941528847408256,
    "Proper Noun": 0.9920758676258326,
    "Degree": 0.7784834258256186,
    "Declension": 0.9837052853409776,
    "Mood": 0.7400171679679044,
    "Voice": 0.9825776444214759,
    "Tense": 0.9918057040550327,
    "Person": 0.9320242987459826,
    "Definiteness": 0.985680044250507
  },
  "learning_rate": 1.94e-05
}