{
  "epoch": 9,
  "mode": "multilabel",
  "fold": 2,
  "eval_decoder": "greedy",
  "mbr_threshold": 0.0,
  "train_loss": 0.08267067191685826,
  "val_loss": 0.2364555150270462,
  "train_composite_accuracy": 0.9871699481074481,
  "train_composite_micro_f1": 0.9871699481074481,
  "train_composite_macro_f1": 0.8737972267021505,
  "val_composite_accuracy": 0.9757639620653319,
  "val_composite_micro_f1": 0.9757639620653319,
  "val_composite_macro_f1": 0.8829658774813715,
  "per_word_class_accuracy": {
    "Word Class Noun": 0.9978054133138259,
    "Word Class Adjective": 0.9633943427620633,
    "Word Class Pronoun": 0.9894847528916929,
    "Word Class Number": 0.9828571428571429,
    "Word Class Verbs": 0.9975198412698413,
    "Word Class Participle": 0.9570552147239264,
    "Word Class Adverb": 0.9927184466019418,
    "Word Class Conjunctions": 0.9962518740629686,
    "Word Class Foreign words": 0.5454545454545454,
    "Word Class Unanalyzed word": 0.0,
    "Word Class Abbreviation": 0.95,
    "Word Class Web email or address": 0.0,
    "Word Class Punctuation": 1.0,
    "Word Class Symbol": 1.0,
    "Word Class R Article": 0.9527896995708155
  },
  "per_word_class_f1": {
    "Word Class Noun": 0.9970760233918129,
    "Word Class Adjective": 0.9674185463659148,
    "Word Class Pronoun": 0.9874081846799581,
    "Word Class Number": 0.9828571428571429,
    "Word Class Verbs": 0.9972725018596579,
    "Word Class Participle": 0.9570552147239264,
    "Word Class Adverb": 0.9919159256265158,
    "Word Class Conjunctions": 0.9962518740629686,
    "Word Class Foreign words": 0.7058823529411764,
    "Word Class Unanalyzed word": 0.0,
    "Word Class Abbreviation": 0.9500000000000001,
    "Word Class Web email or address": 0.0,
    "Word Class Punctuation": 1.0,
    "Word Class Symbol": 1.0,
    "Word Class R Article": 0.9589632829373651
  },
  "per_interval_accuracy": {
    "Subcategories": 0.9889293296936609,
    "Gender": 0.9804406011941528,
    "Number": 0.9902517095882438,
    "Case": 0.9827053736874614,
    "Article": 0.9959765910753475,
    "Proper Noun": 0.9956108266276518,
    "Degree": 0.9908883826879271,
    "Declension": 0.9921465968586387,
    "Mood": 0.9940476190476191,
    "Voice": 0.9995039682539683,
    "Tense": 0.9945436507936508,
    "Person": 0.9888776541961577,
    "Definiteness": 0.9871244635193133
  },
  "per_interval_f1": {
    "Subcategories": 0.9779040920465936,
    "Gender": 0.9814610133398844,
    "Number": 0.987976018528845,
    "Case": 0.9782018743661945,
    "Article": 0.9957071062850196,
    "Proper Noun": 0.9940569007193745,
    "Degree": 0.7882489872098226,
    "Declension": 0.987440332856384,
    "Mood": 0.969772619561459,
    "Voice": 0.9965155288842952,
    "Tense": 0.9952479785125984,
    "Person": 0.9673824530214588,
    "Definiteness": 0.985680044250507
  },
  "learning_rate": 1.8200000000000002e-05
}