{
  "epoch": 10,
  "mode": "multilabel",
  "fold": 2,
  "eval_decoder": "greedy",
  "mbr_threshold": 0.0,
  "train_loss": 0.07534978286332004,
  "val_loss": 0.22791849374771117,
  "train_composite_accuracy": 0.988268060510101,
  "train_composite_micro_f1": 0.988268060510101,
  "train_composite_macro_f1": 0.9030514008250896,
  "val_composite_accuracy": 0.9764066807199611,
  "val_composite_micro_f1": 0.9764066807199611,
  "val_composite_macro_f1": 0.8930220686752728,
  "per_word_class_accuracy": {
    "Word Class Noun": 0.9967081199707388,
    "Word Class Adjective": 0.9733777038269551,
    "Word Class Pronoun": 0.9873817034700315,
    "Word Class Number": 0.9828571428571429,
    "Word Class Verbs": 0.9975198412698413,
    "Word Class Participle": 0.9141104294478528,
    "Word Class Adverb": 0.9906957928802589,
    "Word Class Conjunctions": 0.9947526236881559,
    "Word Class Foreign words": 0.8181818181818182,
    "Word Class Unanalyzed word": 0.0,
    "Word Class Abbreviation": 0.9,
    "Word Class Web email or address": 0.0,
    "Word Class Punctuation": 1.0,
    "Word Class Symbol": 1.0,
    "Word Class R Article": 0.9871244635193133
  },
  "per_word_class_f1": {
    "Word Class Noun": 0.9972552607502286,
    "Word Class Adjective": 0.962962962962963,
    "Word Class Pronoun": 0.9894625922023182,
    "Word Class Number": 0.9828571428571429,
    "Word Class Verbs": 0.9975198412698413,
    "Word Class Participle": 0.9341692789968652,
    "Word Class Adverb": 0.9916987244381453,
    "Word Class Conjunctions": 0.9947526236881559,
    "Word Class Foreign words": 0.8571428571428572,
    "Word Class Unanalyzed word": 0.0,
    "Word Class Abbreviation": 0.9230769230769231,
    "Word Class Web email or address": 0.0,
    "Word Class Punctuation": 1.0,
    "Word Class Symbol": 1.0,
    "Word Class R Article": 0.970464135021097
  },
  "per_interval_accuracy": {
    "Subcategories": 0.9871094934789202,
    "Gender": 0.982911262095944,
    "Number": 0.9909791939473301,
    "Case": 0.9835289273213919,
    "Article": 0.9948792977322605,
    "Proper Noun": 0.9937820043891734,
    "Degree": 0.9915392124959324,
    "Declension": 0.9921465968586387,
    "Mood": 0.9915674603174603,
    "Voice": 0.9995039682539683,
    "Tense": 0.9910714285714286,
    "Person": 0.9875294910684193,
    "Definiteness": 1.0
  },
  "per_interval_f1": {
    "Subcategories": 0.9746435418241179,
    "Gender": 0.9833757753660781,
    "Number": 0.988215197059109,
    "Case": 0.977401683422199,
    "Article": 0.9945395136292463,
    "Proper Noun": 0.9915677831186939,
    "Degree": 0.7922760490960018,
    "Declension": 0.99013616037159,
    "Mood": 0.9679189357347093,
    "Voice": 0.9965155288842952,
    "Tense": 0.9922402159244265,
    "Person": 0.9698552972526282,
    "Definiteness": 1.0
  },
  "learning_rate": 1.8e-05
}