{
  "epoch": 4,
  "mode": "multilabel",
  "fold": 2,
  "eval_decoder": "greedy",
  "mbr_threshold": 0.0,
  "train_loss": 0.26664555765786024,
  "val_loss": 0.2555773973464966,
  "train_composite_accuracy": 0.9663558552096781,
  "train_composite_micro_f1": 0.9663558552096781,
  "train_composite_macro_f1": 0.7253271377823276,
  "val_composite_accuracy": 0.9702086208296128,
  "val_composite_micro_f1": 0.9702086208296128,
  "val_composite_macro_f1": 0.8429674977876425,
  "per_word_class_accuracy": {
    "Word Class Noun": 0.9981711777615215,
    "Word Class Adjective": 0.9750415973377704,
    "Word Class Pronoun": 0.9894847528916929,
    "Word Class Number": 0.9828571428571429,
    "Word Class Verbs": 0.9975198412698413,
    "Word Class Participle": 0.9141104294478528,
    "Word Class Adverb": 0.9866504854368932,
    "Word Class Conjunctions": 0.9947526236881559,
    "Word Class Foreign words": 0.5454545454545454,
    "Word Class Unanalyzed word": 0.0,
    "Word Class Abbreviation": 0.95,
    "Word Class Web email or address": 0.0,
    "Word Class Punctuation": 1.0,
    "Word Class Symbol": 0.6666666666666666,
    "Word Class R Article": 0.9699570815450643
  },
  "per_word_class_f1": {
    "Word Class Noun": 0.9978062157221207,
    "Word Class Adjective": 0.9582992641046606,
    "Word Class Pronoun": 0.9863731656184487,
    "Word Class Number": 0.9772727272727272,
    "Word Class Verbs": 0.9972725018596579,
    "Word Class Participle": 0.9312500000000001,
    "Word Class Adverb": 0.9898538961038962,
    "Word Class Conjunctions": 0.9966203529853549,
    "Word Class Foreign words": 0.7058823529411764,
    "Word Class Unanalyzed word": 0.0,
    "Word Class Abbreviation": 0.9500000000000001,
    "Word Class Web email or address": 0.0,
    "Word Class Punctuation": 1.0,
    "Word Class Symbol": 0.8,
    "Word Class R Article": 0.9678800856531049
  },
  "per_interval_accuracy": {
    "Subcategories": 0.9831665150136488,
    "Gender": 0.9785876055178093,
    "Number": 0.9879237596391678,
    "Case": 0.9822935968704962,
    "Article": 0.9956108266276518,
    "Proper Noun": 0.9934162399414777,
    "Degree": 0.9918646273999349,
    "Declension": 0.9882198952879581,
    "Mood": 0.9915674603174603,
    "Voice": 0.9990079365079365,
    "Tense": 0.9925595238095238,
    "Person": 0.9868554095045501,
    "Definiteness": 0.9871244635193133
  },
  "per_interval_f1": {
    "Subcategories": 0.9545741618418742,
    "Gender": 0.979171130910927,
    "Number": 0.9850176580229285,
    "Case": 0.9751204710796225,
    "Article": 0.9953177582097645,
    "Proper Noun": 0.9910398063322198,
    "Degree": 0.7869988942774061,
    "Declension": 0.9839387261730458,
    "Mood": 0.8657236716782101,
    "Voice": 0.9930757341576508,
    "Tense": 0.9935090078038659,
    "Person": 0.9499919378784634,
    "Definiteness": 0.985680044250507
  },
  "learning_rate": 1.9200000000000003e-05
}