{
  "epoch": 8,
  "mode": "multilabel",
  "fold": 2,
  "eval_decoder": "greedy",
  "mbr_threshold": 0.0,
  "train_loss": 0.10010793231145697,
  "val_loss": 0.21672662049531938,
  "train_composite_accuracy": 0.98474600524684,
  "train_composite_micro_f1": 0.98474600524684,
  "train_composite_macro_f1": 0.84820353308985,
  "val_composite_accuracy": 0.9768289718868994,
  "val_composite_micro_f1": 0.9768289718868994,
  "val_composite_macro_f1": 0.87915739050142,
  "per_word_class_accuracy": {
    "Word Class Noun": 0.9978054133138259,
    "Word Class Adjective": 0.9750415973377704,
    "Word Class Pronoun": 0.9842271293375394,
    "Word Class Number": 0.9885714285714285,
    "Word Class Verbs": 0.9975198412698413,
    "Word Class Participle": 0.9447852760736196,
    "Word Class Adverb": 0.9955501618122977,
    "Word Class Conjunctions": 0.9955022488755623,
    "Word Class Foreign words": 0.7272727272727273,
    "Word Class Unanalyzed word": 0.0,
    "Word Class Abbreviation": 0.95,
    "Word Class Web email or address": 0.0,
    "Word Class Punctuation": 1.0,
    "Word Class Symbol": 1.0,
    "Word Class R Article": 0.9742489270386266
  },
  "per_word_class_f1": {
    "Word Class Noun": 0.9979879275653923,
    "Word Class Adjective": 0.9766666666666667,
    "Word Class Pronoun": 0.9873417721518987,
    "Word Class Number": 0.9829545454545454,
    "Word Class Verbs": 0.9980148883374689,
    "Word Class Participle": 0.9535603715170279,
    "Word Class Adverb": 0.993139628732849,
    "Word Class Conjunctions": 0.9962490622655664,
    "Word Class Foreign words": 0.8421052631578948,
    "Word Class Unanalyzed word": 0.0,
    "Word Class Abbreviation": 0.9500000000000001,
    "Word Class Web email or address": 0.0,
    "Word Class Punctuation": 1.0,
    "Word Class Symbol": 1.0,
    "Word Class R Article": 0.9639065817409767
  },
  "per_interval_accuracy": {
    "Subcategories": 0.9887776766757659,
    "Gender": 0.9810582664196006,
    "Number": 0.9906882002036956,
    "Case": 0.9851760345892526,
    "Article": 0.9963423555230432,
    "Proper Noun": 0.9945135332845647,
    "Degree": 0.9928408721119427,
    "Declension": 0.9921465968586387,
    "Mood": 0.9925595238095238,
    "Voice": 0.9995039682539683,
    "Tense": 0.9925595238095238,
    "Person": 0.9871924502864846,
    "Definiteness": 0.9871244635193133
  },
  "per_interval_f1": {
    "Subcategories": 0.9805269979234781,
    "Gender": 0.981872198302064,
    "Number": 0.9881493747724686,
    "Case": 0.984240500416503,
    "Article": 0.9960966054459064,
    "Proper Noun": 0.99256735999913,
    "Degree": 0.7906867940047664,
    "Declension": 0.987440332856384,
    "Mood": 0.9416608669990214,
    "Voice": 0.9965155288842952,
    "Tense": 0.9935145036377055,
    "Person": 0.9726404856906301,
    "Definiteness": 0.985680044250507
  },
  "learning_rate": 1.8400000000000003e-05
}