{
  "epoch": 1,
  "mode": "multilabel",
  "fold": 2,
  "eval_decoder": "greedy",
  "mbr_threshold": 0.0,
  "train_loss": 3.157155964485596,
  "val_loss": 0.7429689049720765,
  "train_composite_accuracy": 0.720721779449157,
  "train_composite_micro_f1": 0.720721779449157,
  "train_composite_macro_f1": 0.2719277008668657,
  "val_composite_accuracy": 0.9225352112676056,
  "val_composite_micro_f1": 0.9225352112676056,
  "val_composite_macro_f1": 0.6337558953455651,
  "per_word_class_accuracy": {
    "Word Class Noun": 0.9963423555230432,
    "Word Class Adjective": 0.9450915141430949,
    "Word Class Pronoun": 0.9926393270241851,
    "Word Class Number": 0.9314285714285714,
    "Word Class Verbs": 0.9970238095238095,
    "Word Class Participle": 0.9263803680981595,
    "Word Class Adverb": 0.9826051779935275,
    "Word Class Conjunctions": 0.9910044977511244,
    "Word Class Foreign words": 0.0,
    "Word Class Unanalyzed word": 0.0,
    "Word Class Abbreviation": 0.0,
    "Word Class Web email or address": 0.0,
    "Word Class Punctuation": 1.0,
    "Word Class Symbol": 0.0,
    "Word Class R Article": 0.8669527896995708
  },
  "per_word_class_f1": {
    "Word Class Noun": 0.9937978839839475,
    "Word Class Adjective": 0.9419568822553896,
    "Word Class Pronoun": 0.972193614830072,
    "Word Class Number": 0.9532163742690059,
    "Word Class Verbs": 0.9972711485983626,
    "Word Class Participle": 0.9235474006116207,
    "Word Class Adverb": 0.9845966761248479,
    "Word Class Conjunctions": 0.9895209580838323,
    "Word Class Foreign words": 0.0,
    "Word Class Unanalyzed word": 0.0,
    "Word Class Abbreviation": 0.0,
    "Word Class Web email or address": 0.0,
    "Word Class Punctuation": 0.9975698663426489,
    "Word Class Symbol": 0.0,
    "Word Class R Article": 0.9017857142857143
  },
  "per_interval_accuracy": {
    "Subcategories": 0.9581437670609645,
    "Gender": 0.9444101297096974,
    "Number": 0.9796304379455841,
    "Case": 0.9382334774552192,
    "Article": 0.9875640087783467,
    "Proper Noun": 0.9871982443306511,
    "Degree": 0.9655060201757241,
    "Declension": 0.9698952879581152,
    "Mood": 0.9861111111111112,
    "Voice": 0.9627976190476191,
    "Tense": 0.9880952380952381,
    "Person": 0.9723626558813616,
    "Definiteness": 0.9828326180257511
  },
  "per_interval_f1": {
    "Subcategories": 0.798969788239381,
    "Gender": 0.943684084900582,
    "Number": 0.9737005021983108,
    "Case": 0.8428415620974622,
    "Article": 0.986769441332131,
    "Proper Noun": 0.9828639406919357,
    "Degree": 0.6948105619118345,
    "Declension": 0.94822958949353,
    "Mood": 0.7352446422598482,
    "Voice": 0.49052312357846856,
    "Tense": 0.9890548475255027,
    "Person": 0.7264413663583211,
    "Definiteness": 0.9809640522875818
  },
  "learning_rate": 1.98e-05
}