{
  "epoch": 2,
  "mode": "multilabel",
  "fold": 2,
  "eval_decoder": "greedy",
  "mbr_threshold": 0.0,
  "train_loss": 0.693830439942893,
  "val_loss": 0.4071389138698578,
  "train_composite_accuracy": 0.9257004709939031,
  "train_composite_micro_f1": 0.9257004709939031,
  "train_composite_macro_f1": 0.5522491300658683,
  "val_composite_accuracy": 0.9543828264758497,
  "val_composite_micro_f1": 0.9543828264758497,
  "val_composite_macro_f1": 0.7558627184671735,
  "per_word_class_accuracy": {
    "Word Class Noun": 0.9985369422092173,
    "Word Class Adjective": 0.9667221297836939,
    "Word Class Pronoun": 0.9915878023133544,
    "Word Class Number": 0.9714285714285714,
    "Word Class Verbs": 0.9975198412698413,
    "Word Class Participle": 0.9263803680981595,
    "Word Class Adverb": 0.9777508090614887,
    "Word Class Conjunctions": 0.9910044977511244,
    "Word Class Foreign words": 0.0,
    "Word Class Unanalyzed word": 0.0,
    "Word Class Abbreviation": 0.9,
    "Word Class Web email or address": 0.0,
    "Word Class Punctuation": 1.0,
    "Word Class Symbol": 0.0,
    "Word Class R Article": 0.9699570815450643
  },
  "per_word_class_f1": {
    "Word Class Noun": 0.9959868661072602,
    "Word Class Adjective": 0.9416531604538089,
    "Word Class Pronoun": 0.9853709508881924,
    "Word Class Number": 0.9770114942528735,
    "Word Class Verbs": 0.9977673033986604,
    "Word Class Participle": 0.9207317073170732,
    "Word Class Adverb": 0.9859269834795024,
    "Word Class Conjunctions": 0.9936114242765878,
    "Word Class Foreign words": 0.0,
    "Word Class Unanalyzed word": 0.0,
    "Word Class Abbreviation": 0.8571428571428572,
    "Word Class Web email or address": 0.0,
    "Word Class Punctuation": 1.0,
    "Word Class Symbol": 0.0,
    "Word Class R Article": 0.9637526652452025
  },
  "per_interval_accuracy": {
    "Subcategories": 0.9687594783136184,
    "Gender": 0.9695285155445749,
    "Number": 0.9866142877928125,
    "Case": 0.9705579575869878,
    "Article": 0.991953182150695,
    "Proper Noun": 0.9934162399414777,
    "Degree": 0.9817767653758542,
    "Declension": 0.9895287958115183,
    "Mood": 0.9900793650793651,
    "Voice": 0.9925595238095238,
    "Tense": 0.9900793650793651,
    "Person": 0.9844961240310077,
    "Definiteness": 0.9871244635193133
  },
  "per_interval_f1": {
    "Subcategories": 0.8652474369099431,
    "Gender": 0.9703611310308059,
    "Number": 0.9822619091037179,
    "Case": 0.924045028402141,
    "Article": 0.991405778480897,
    "Proper Noun": 0.9910943658454489,
    "Degree": 0.7728512937177031,
    "Declension": 0.9825087608750925,
    "Mood": 0.7400009143509151,
    "Voice": 0.9441166306615638,
    "Tense": 0.9907947326027507,
    "Person": 0.9217380380062793,
    "Definiteness": 0.985680044250507
  },
  "learning_rate": 1.9600000000000002e-05
}