{
  "epoch": 7,
  "mode": "multilabel",
  "fold": 2,
  "eval_decoder": "greedy",
  "mbr_threshold": 0.0,
  "train_loss": 0.12370392109445003,
  "val_loss": 0.2341409757733345,
  "train_composite_accuracy": 0.9824129474296948,
  "train_composite_micro_f1": 0.9824129474296948,
  "train_composite_macro_f1": 0.8384871280443389,
  "val_composite_accuracy": 0.9740659696896021,
  "val_composite_micro_f1": 0.9740659696896021,
  "val_composite_macro_f1": 0.8735729038635017,
  "per_word_class_accuracy": {
    "Word Class Noun": 0.9978054133138259,
    "Word Class Adjective": 0.9767054908485857,
    "Word Class Pronoun": 0.9863301787592008,
    "Word Class Number": 0.9771428571428571,
    "Word Class Verbs": 0.9985119047619048,
    "Word Class Participle": 0.9263803680981595,
    "Word Class Adverb": 0.9890776699029126,
    "Word Class Conjunctions": 0.9940029985007496,
    "Word Class Foreign words": 0.36363636363636365,
    "Word Class Unanalyzed word": 0.0,
    "Word Class Abbreviation": 0.95,
    "Word Class Web email or address": 0.0,
    "Word Class Punctuation": 1.0,
    "Word Class Symbol": 1.0,
    "Word Class R Article": 0.9742489270386266
  },
  "per_word_class_f1": {
    "Word Class Noun": 0.9972582708828369,
    "Word Class Adjective": 0.9607201309328969,
    "Word Class Pronoun": 0.9873684210526316,
    "Word Class Number": 0.9743589743589745,
    "Word Class Verbs": 0.9985119047619048,
    "Word Class Participle": 0.9467084639498432,
    "Word Class Adverb": 0.9906807131280388,
    "Word Class Conjunctions": 0.9954954954954955,
    "Word Class Foreign words": 0.5333333333333333,
    "Word Class Unanalyzed word": 0.0,
    "Word Class Abbreviation": 0.9500000000000001,
    "Word Class Web email or address": 0.0,
    "Word Class Punctuation": 1.0,
    "Word Class Symbol": 1.0,
    "Word Class R Article": 0.9659574468085106
  },
  "per_interval_accuracy": {
    "Subcategories": 0.9855929632999697,
    "Gender": 0.9806464896026353,
    "Number": 0.9906882002036956,
    "Case": 0.9849701461807701,
    "Article": 0.9959765910753475,
    "Proper Noun": 0.9941477688368691,
    "Degree": 0.9908883826879271,
    "Declension": 0.9895287958115183,
    "Mood": 0.9920634920634921,
    "Voice": 0.9995039682539683,
    "Tense": 0.9925595238095238,
    "Person": 0.9871924502864846,
    "Definiteness": 0.9914163090128756
  },
  "per_interval_f1": {
    "Subcategories": 0.9738893528272512,
    "Gender": 0.9812708427482457,
    "Number": 0.9882781169575758,
    "Case": 0.9810631957180647,
    "Article": 0.9957071062850196,
    "Proper Noun": 0.9920838807515101,
    "Degree": 0.7897254478997027,
    "Declension": 0.9851634881990937,
    "Mood": 0.9090005897736207,
    "Voice": 0.9965155288842952,
    "Tense": 0.9935090078038659,
    "Person": 0.9657685297790717,
    "Definiteness": 0.9904241328291961
  },
  "learning_rate": 1.86e-05
}