{
  "epoch": 6,
  "mode": "multilabel",
  "fold": 2,
  "eval_decoder": "greedy",
  "mbr_threshold": 0.0,
  "train_loss": 0.14835331094989437,
  "val_loss": 0.24402524083852767,
  "train_composite_accuracy": 0.979310871578465,
  "train_composite_micro_f1": 0.979310871578465,
  "train_composite_macro_f1": 0.8228307468830298,
  "val_composite_accuracy": 0.9737311496675856,
  "val_composite_micro_f1": 0.9737311496675856,
  "val_composite_macro_f1": 0.8726975356805362,
  "per_word_class_accuracy": {
    "Word Class Noun": 0.9967081199707388,
    "Word Class Adjective": 0.9816971713810316,
    "Word Class Pronoun": 0.9863301787592008,
    "Word Class Number": 0.9942857142857143,
    "Word Class Verbs": 0.9975198412698413,
    "Word Class Participle": 0.950920245398773,
    "Word Class Adverb": 0.9894822006472492,
    "Word Class Conjunctions": 0.9947526236881559,
    "Word Class Foreign words": 0.5454545454545454,
    "Word Class Unanalyzed word": 0.0,
    "Word Class Abbreviation": 0.95,
    "Word Class Web email or address": 0.0,
    "Word Class Punctuation": 1.0,
    "Word Class Symbol": 1.0,
    "Word Class R Article": 0.9871244635193133
  },
  "per_word_class_f1": {
    "Word Class Noun": 0.9968904335101518,
    "Word Class Adjective": 0.9695973705834018,
    "Word Class Pronoun": 0.9904963041182683,
    "Word Class Number": 0.9802816901408451,
    "Word Class Verbs": 0.9977673033986604,
    "Word Class Participle": 0.950920245398773,
    "Word Class Adverb": 0.9916886276099737,
    "Word Class Conjunctions": 0.9951256092988376,
    "Word Class Foreign words": 0.7058823529411764,
    "Word Class Unanalyzed word": 0.0,
    "Word Class Abbreviation": 0.9500000000000001,
    "Word Class Web email or address": 0.0,
    "Word Class Punctuation": 1.0,
    "Word Class Symbol": 1.0,
    "Word Class R Article": 0.9725158562367865
  },
  "per_interval_accuracy": {
    "Subcategories": 0.9858962693357598,
    "Gender": 0.9792052707432571,
    "Number": 0.9903972064600611,
    "Case": 0.9816759316450484,
    "Article": 0.9952450621799561,
    "Proper Noun": 0.9926847110460864,
    "Degree": 0.9921900423039375,
    "Declension": 0.9869109947643979,
    "Mood": 0.9925595238095238,
    "Voice": 0.9995039682539683,
    "Tense": 0.9935515873015873,
    "Person": 0.9871924502864846,
    "Definiteness": 0.9957081545064378
  },
  "per_interval_f1": {
    "Subcategories": 0.9720779182745279,
    "Gender": 0.979552558854368,
    "Number": 0.9876027275115451,
    "Case": 0.976787476244034,
    "Article": 0.9949285607982687,
    "Proper Noun": 0.9901247802998397,
    "Degree": 0.7906228046446258,
    "Declension": 0.9823161620879377,
    "Mood": 0.9086124878161306,
    "Voice": 0.9965155288842952,
    "Tense": 0.9943792364860115,
    "Person": 0.9612911346580478,
    "Definiteness": 0.9951971636468575
  },
  "learning_rate": 1.88e-05
}