{
  "epoch": 5,
  "mode": "multilabel",
  "fold": 2,
  "eval_decoder": "greedy",
  "mbr_threshold": 0.0,
  "train_loss": 0.1892878306267737,
  "val_loss": 0.22663964033126832,
  "train_composite_accuracy": 0.9747461722876491,
  "train_composite_micro_f1": 0.9747461722876491,
  "train_composite_macro_f1": 0.791733156962057,
  "val_composite_accuracy": 0.9723595687768501,
  "val_composite_micro_f1": 0.9723595687768501,
  "val_composite_macro_f1": 0.8456476588091821,
  "per_word_class_accuracy": {
    "Word Class Noun": 0.9985369422092173,
    "Word Class Adjective": 0.9700499168053245,
    "Word Class Pronoun": 0.9873817034700315,
    "Word Class Number": 0.9885714285714285,
    "Word Class Verbs": 0.9975198412698413,
    "Word Class Participle": 0.9386503067484663,
    "Word Class Adverb": 0.9919093851132686,
    "Word Class Conjunctions": 0.9940029985007496,
    "Word Class Foreign words": 0.5454545454545454,
    "Word Class Unanalyzed word": 0.0,
    "Word Class Abbreviation": 0.95,
    "Word Class Web email or address": 0.0,
    "Word Class Punctuation": 1.0,
    "Word Class Symbol": 1.0,
    "Word Class R Article": 0.9785407725321889
  },
  "per_word_class_f1": {
    "Word Class Noun": 0.9978070175438597,
    "Word Class Adjective": 0.9652317880794703,
    "Word Class Pronoun": 0.9894625922023182,
    "Word Class Number": 0.9801699716713881,
    "Word Class Verbs": 0.9982625961777116,
    "Word Class Participle": 0.9415384615384614,
    "Word Class Adverb": 0.9921100546226987,
    "Word Class Conjunctions": 0.9958693203154337,
    "Word Class Foreign words": 0.6666666666666665,
    "Word Class Unanalyzed word": 0.0,
    "Word Class Abbreviation": 0.9500000000000001,
    "Word Class Web email or address": 0.0,
    "Word Class Punctuation": 1.0,
    "Word Class Symbol": 1.0,
    "Word Class R Article": 0.9681528662420383
  },
  "per_interval_accuracy": {
    "Subcategories": 0.9857446163178647,
    "Gender": 0.9796170475602224,
    "Number": 0.9898152189727921,
    "Case": 0.9814700432365658,
    "Article": 0.9963423555230432,
    "Proper Noun": 0.9952450621799561,
    "Degree": 0.9925154572079401,
    "Declension": 0.9895287958115183,
    "Mood": 0.9915674603174603,
    "Voice": 0.9995039682539683,
    "Tense": 0.9925595238095238,
    "Person": 0.9868554095045501,
    "Definiteness": 0.9828326180257511
  },
  "per_interval_f1": {
    "Subcategories": 0.9730953226496759,
    "Gender": 0.9803057374094638,
    "Number": 0.9869007081222154,
    "Case": 0.9745054666629137,
    "Article": 0.9960966054459064,
    "Proper Noun": 0.9935518341495895,
    "Degree": 0.7872103386809269,
    "Declension": 0.9877875096481151,
    "Mood": 0.9076731832899133,
    "Voice": 0.9965155288842952,
    "Tense": 0.9935254091096931,
    "Person": 0.9610830943817223,
    "Definiteness": 0.9809640522875818
  },
  "learning_rate": 1.9e-05
}