{
  "epoch": 11,
  "mode": "multilabel",
  "fold": 2,
  "eval_decoder": "greedy",
  "mbr_threshold": 0.0,
  "train_loss": 0.06036186263539992,
  "val_loss": 0.24828458279371263,
  "train_composite_accuracy": 0.9901185582251557,
  "train_composite_micro_f1": 0.9901185582251557,
  "train_composite_macro_f1": 0.8937901099782203,
  "val_composite_accuracy": 0.9762541534970419,
  "val_composite_micro_f1": 0.9762541534970419,
  "val_composite_macro_f1": 0.8905937257291152,
  "per_word_class_accuracy": {
    "Word Class Noun": 0.9978054133138259,
    "Word Class Adjective": 0.9683860232945092,
    "Word Class Pronoun": 0.9873817034700315,
    "Word Class Number": 0.9885714285714285,
    "Word Class Verbs": 0.9965277777777778,
    "Word Class Participle": 0.9386503067484663,
    "Word Class Adverb": 0.991504854368932,
    "Word Class Conjunctions": 0.9962518740629686,
    "Word Class Foreign words": 0.5454545454545454,
    "Word Class Unanalyzed word": 0.0,
    "Word Class Abbreviation": 0.95,
    "Word Class Web email or address": 0.0,
    "Word Class Punctuation": 1.0,
    "Word Class Symbol": 1.0,
    "Word Class R Article": 0.9785407725321889
  },
  "per_word_class_f1": {
    "Word Class Noun": 0.9972582708828369,
    "Word Class Adjective": 0.9643744821872411,
    "Word Class Pronoun": 0.9894625922023182,
    "Word Class Number": 0.9801699716713881,
    "Word Class Verbs": 0.9975173783515393,
    "Word Class Participle": 0.9386503067484663,
    "Word Class Adverb": 0.9923076923076922,
    "Word Class Conjunctions": 0.9962518740629686,
    "Word Class Foreign words": 0.7058823529411764,
    "Word Class Unanalyzed word": 0.0,
    "Word Class Abbreviation": 0.9500000000000001,
    "Word Class Web email or address": 0.0,
    "Word Class Punctuation": 1.0,
    "Word Class Symbol": 1.0,
    "Word Class R Article": 0.9661016949152543
  },
  "per_interval_accuracy": {
    "Subcategories": 0.9878677585683955,
    "Gender": 0.9831171505044266,
    "Number": 0.9905427033318783,
    "Case": 0.983940704138357,
    "Article": 0.9956108266276518,
    "Proper Noun": 0.9934162399414777,
    "Degree": 0.9908883826879271,
    "Declension": 0.9882198952879581,
    "Mood": 0.9910714285714286,
    "Voice": 0.9995039682539683,
    "Tense": 0.9905753968253969,
    "Person": 0.9868554095045501,
    "Definiteness": 0.9914163090128756
  },
  "per_interval_f1": {
    "Subcategories": 0.9794294206906015,
    "Gender": 0.9831936024193336,
    "Number": 0.9877345233318172,
    "Case": 0.9801901779781185,
    "Article": 0.9953159265350877,
    "Proper Noun": 0.9911033495314128,
    "Degree": 0.7886470655198691,
    "Declension": 0.9834049518873828,
    "Mood": 0.9388041072094059,
    "Voice": 0.9965155288842952,
    "Tense": 0.9915151626234703,
    "Person": 0.968621061462986,
    "Definiteness": 0.9904241328291961
  },
  "learning_rate": 1.7800000000000002e-05
}