{
  "epoch": 2,
  "mode": "multilabel",
  "fold": 8,
  "eval_decoder": "greedy",
  "mbr_threshold": 0.0,
  "train_loss": 0.6642217541105362,
  "val_loss": 0.3846019446849823,
  "train_composite_accuracy": 0.9297631347338614,
  "train_composite_micro_f1": 0.9297631347338614,
  "train_composite_macro_f1": 0.5584450386386584,
  "val_composite_accuracy": 0.9568370165745856,
  "val_composite_micro_f1": 0.9568370165745856,
  "val_composite_macro_f1": 0.7778728152048064,
  "per_word_class_accuracy": {
    "Word Class Noun": 0.9992526158445441,
    "Word Class Adjective": 0.966131907308378,
    "Word Class Pronoun": 0.989749430523918,
    "Word Class Number": 0.9302325581395349,
    "Word Class Verbs": 0.9968,
    "Word Class Participle": 0.9045226130653267,
    "Word Class Adverb": 0.9914089347079038,
    "Word Class Conjunctions": 0.9957591178965225,
    "Word Class Foreign words": 0.5,
    "Word Class Unanalyzed word": 0.0,
    "Word Class Abbreviation": 0.6956521739130435,
    "Word Class Web email or address": 0.0,
    "Word Class Punctuation": 1.0,
    "Word Class Symbol": 0.0,
    "Word Class R Article": 0.9655172413793104
  },
  "per_word_class_f1": {
    "Word Class Noun": 0.9968313140726934,
    "Word Class Adjective": 0.9559082892416225,
    "Word Class Pronoun": 0.986939239068711,
    "Word Class Number": 0.960960960960961,
    "Word Class Verbs": 0.9978643886812599,
    "Word Class Participle": 0.9350649350649352,
    "Word Class Adverb": 0.9914089347079038,
    "Word Class Conjunctions": 0.9957591178965225,
    "Word Class Foreign words": 0.6,
    "Word Class Unanalyzed word": 0.0,
    "Word Class Abbreviation": 0.7999999999999999,
    "Word Class Web email or address": 0.0,
    "Word Class Punctuation": 0.998998998998999,
    "Word Class Symbol": 0.0,
    "Word Class R Article": 0.951167728237792
  },
  "per_interval_accuracy": {
    "Subcategories": 0.9759749876583841,
    "Gender": 0.9679949130987706,
    "Number": 0.985135750037919,
    "Case": 0.9749894022891056,
    "Article": 0.9936472346786248,
    "Proper Noun": 0.9910313901345291,
    "Degree": 0.9878850813430252,
    "Declension": 0.9881578947368421,
    "Mood": 0.9888,
    "Voice": 0.9909333333333333,
    "Tense": 0.9893333333333333,
    "Person": 0.9876498365419543,
    "Definiteness": 0.9870689655172413
  },
  "per_interval_f1": {
    "Subcategories": 0.8843176094514362,
    "Gender": 0.9693648425389014,
    "Number": 0.9814952035747249,
    "Case": 0.9679601228259183,
    "Article": 0.9929906790453014,
    "Proper Noun": 0.9888847352024921,
    "Degree": 0.7677511433374518,
    "Declension": 0.9798066883121374,
    "Mood": 0.7382933871782273,
    "Voice": 0.9382029115879962,
    "Tense": 0.9889256761818176,
    "Person": 0.9527487912407671,
    "Definiteness": 0.9843296183721715
  },
  "learning_rate": 1.9600000000000002e-05
}