{
  "epoch": 1,
  "mode": "multilabel",
  "fold": 8,
  "eval_decoder": "greedy",
  "mbr_threshold": 0.0,
  "train_loss": 3.132777154792691,
  "val_loss": 0.748763132095337,
  "train_composite_accuracy": 0.7257708315637476,
  "train_composite_micro_f1": 0.7257708315637476,
  "train_composite_macro_f1": 0.27736066146899524,
  "val_composite_accuracy": 0.9195831524099002,
  "val_composite_micro_f1": 0.9195831524099002,
  "val_composite_macro_f1": 0.6319175520394675,
  "per_word_class_accuracy": {
    "Word Class Noun": 0.9947683109118086,
    "Word Class Adjective": 0.9429590017825312,
    "Word Class Pronoun": 0.9908883826879271,
    "Word Class Number": 0.9302325581395349,
    "Word Class Verbs": 0.9973333333333333,
    "Word Class Participle": 0.8743718592964824,
    "Word Class Adverb": 0.9905498281786942,
    "Word Class Conjunctions": 0.9923664122137404,
    "Word Class Foreign words": 0.0,
    "Word Class Unanalyzed word": 0.0,
    "Word Class Abbreviation": 0.0,
    "Word Class Web email or address": 0.0,
    "Word Class Punctuation": 1.0,
    "Word Class Symbol": 0.0,
    "Word Class R Article": 0.9224137931034483
  },
  "per_word_class_f1": {
    "Word Class Noun": 0.9940253920836445,
    "Word Class Adjective": 0.9362831858407079,
    "Word Class Pronoun": 0.9813874788494077,
    "Word Class Number": 0.9384164222873901,
    "Word Class Verbs": 0.9968017057569295,
    "Word Class Participle": 0.9038961038961038,
    "Word Class Adverb": 0.9873688717619353,
    "Word Class Conjunctions": 0.9915254237288136,
    "Word Class Foreign words": 0.0,
    "Word Class Unanalyzed word": 0.0,
    "Word Class Abbreviation": 0.0,
    "Word Class Web email or address": 0.0,
    "Word Class Punctuation": 0.9976674441852715,
    "Word Class Symbol": 0.0,
    "Word Class R Article": 0.9344978165938865
  },
  "per_interval_accuracy": {
    "Subcategories": 0.9573802863254895,
    "Gender": 0.9374735057227639,
    "Number": 0.9752768087365388,
    "Case": 0.9448919033488766,
    "Article": 0.9861733931240658,
    "Proper Noun": 0.9839312406576981,
    "Degree": 0.9657320872274143,
    "Declension": 0.9697368421052631,
    "Mood": 0.9872,
    "Voice": 0.9589333333333333,
    "Tense": 0.9893333333333333,
    "Person": 0.9752996730839084,
    "Definiteness": 0.9870689655172413
  },
  "per_interval_f1": {
    "Subcategories": 0.7966167936765498,
    "Gender": 0.9366035148694771,
    "Number": 0.9677843852975849,
    "Case": 0.855719549576549,
    "Article": 0.9848051776450788,
    "Proper Noun": 0.9802524510674622,
    "Degree": 0.6901826454824558,
    "Declension": 0.9414987886769751,
    "Mood": 0.7354454626614426,
    "Voice": 0.5021706222910323,
    "Tense": 0.9889113343431241,
    "Person": 0.7236040469205934,
    "Definiteness": 0.9843296183721715
  },
  "learning_rate": 1.98e-05
}