{
  "epoch": 5,
  "mode": "multilabel",
  "fold": 8,
  "eval_decoder": "greedy",
  "mbr_threshold": 0.0,
  "train_loss": 0.1911206303985879,
  "val_loss": 0.22647986859083175,
  "train_composite_accuracy": 0.975018508324,
  "train_composite_micro_f1": 0.975018508324,
  "train_composite_macro_f1": 0.7800089442739088,
  "val_composite_accuracy": 0.9705400981996727,
  "val_composite_micro_f1": 0.9705400981996727,
  "val_composite_macro_f1": 0.8597613452949208,
  "per_word_class_accuracy": {
    "Word Class Noun": 0.9958893871449925,
    "Word Class Adjective": 0.9429590017825312,
    "Word Class Pronoun": 0.9908883826879271,
    "Word Class Number": 0.9767441860465116,
    "Word Class Verbs": 0.9984,
    "Word Class Participle": 0.964824120603015,
    "Word Class Adverb": 0.9918384879725086,
    "Word Class Conjunctions": 0.998303647158609,
    "Word Class Foreign words": 0.8333333333333334,
    "Word Class Unanalyzed word": 0.0,
    "Word Class Abbreviation": 0.9130434782608695,
    "Word Class Web email or address": 0.0,
    "Word Class Punctuation": 1.0,
    "Word Class Symbol": 1.0,
    "Word Class R Article": 0.978448275862069
  },
  "per_word_class_f1": {
    "Word Class Noun": 0.9957033439192976,
    "Word Class Adjective": 0.9548736462093864,
    "Word Class Pronoun": 0.9908883826879271,
    "Word Class Number": 0.9824561403508771,
    "Word Class Verbs": 0.9984,
    "Word Class Participle": 0.9320388349514563,
    "Word Class Adverb": 0.9926913155631987,
    "Word Class Conjunctions": 0.9970351545955103,
    "Word Class Foreign words": 0.6666666666666667,
    "Word Class Unanalyzed word": 0.0,
    "Word Class Abbreviation": 0.9130434782608695,
    "Word Class Web email or address": 0.0,
    "Word Class Punctuation": 1.0,
    "Word Class Symbol": 1.0,
    "Word Class R Article": 0.980561555075594
  },
  "per_interval_accuracy": {
    "Subcategories": 0.9835445120947837,
    "Gender": 0.9785926239932174,
    "Number": 0.9887759745184287,
    "Case": 0.9832556167867741,
    "Article": 0.9943946188340808,
    "Proper Noun": 0.9917787742899851,
    "Degree": 0.9920387677397023,
    "Declension": 0.9947368421052631,
    "Mood": 0.9914666666666667,
    "Voice": 0.9989333333333333,
    "Tense": 0.9930666666666667,
    "Person": 0.9916454776607337,
    "Definiteness": 0.9870689655172413
  },
  "per_interval_f1": {
    "Subcategories": 0.9568256490539102,
    "Gender": 0.9795535668802304,
    "Number": 0.9861755848144399,
    "Case": 0.9814333173944529,
    "Article": 0.9938246220350224,
    "Proper Noun": 0.9898192885676241,
    "Degree": 0.784593488420233,
    "Declension": 0.9949130895945624,
    "Mood": 0.9421378380921042,
    "Voice": 0.9932284067434234,
    "Tense": 0.9929338764986451,
    "Person": 0.9859465990099673,
    "Definiteness": 0.9843296183721715
  },
  "learning_rate": 1.9e-05
}