{
  "epoch": 9,
  "mode": "multilabel",
  "fold": 8,
  "eval_decoder": "greedy",
  "mbr_threshold": 0.0,
  "train_loss": 0.07619976804061661,
  "val_loss": 0.2384282574057579,
  "train_composite_accuracy": 0.9877236688800689,
  "train_composite_micro_f1": 0.9877236688800689,
  "train_composite_macro_f1": 0.8739853577627508,
  "val_composite_accuracy": 0.9738359583440915,
  "val_composite_micro_f1": 0.9738359583440915,
  "val_composite_macro_f1": 0.8727187332618994,
  "per_word_class_accuracy": {
    "Word Class Noun": 0.9966367713004485,
    "Word Class Adjective": 0.9768270944741533,
    "Word Class Pronoun": 0.989749430523918,
    "Word Class Number": 0.9767441860465116,
    "Word Class Verbs": 0.9978666666666667,
    "Word Class Participle": 0.949748743718593,
    "Word Class Adverb": 0.9866838487972509,
    "Word Class Conjunctions": 0.998303647158609,
    "Word Class Foreign words": 0.8333333333333334,
    "Word Class Unanalyzed word": 0.0,
    "Word Class Abbreviation": 0.9130434782608695,
    "Word Class Web email or address": 0.0,
    "Word Class Punctuation": 1.0,
    "Word Class Symbol": 1.0,
    "Word Class R Article": 0.9913793103448276
  },
  "per_word_class_f1": {
    "Word Class Noun": 0.9966367713004485,
    "Word Class Adjective": 0.9622475856014047,
    "Word Class Pronoun": 0.9875,
    "Word Class Number": 0.9853372434017595,
    "Word Class Verbs": 0.9978666666666667,
    "Word Class Participle": 0.9618320610687022,
    "Word Class Adverb": 0.9913681484678464,
    "Word Class Conjunctions": 0.9966130397967824,
    "Word Class Foreign words": 0.6666666666666667,
    "Word Class Unanalyzed word": 0.0,
    "Word Class Abbreviation": 0.9545454545454545,
    "Word Class Web email or address": 0.0,
    "Word Class Punctuation": 1.0,
    "Word Class Symbol": 1.0,
    "Word Class R Article": 0.982905982905983
  },
  "per_interval_accuracy": {
    "Subcategories": 0.9827217376995228,
    "Gender": 0.9849512505298855,
    "Number": 0.9915061428788109,
    "Case": 0.983467571004663,
    "Article": 0.9940209267563528,
    "Proper Noun": 0.992152466367713,
    "Degree": 0.9892696434752509,
    "Declension": 0.9947368421052631,
    "Mood": 0.9930666666666667,
    "Voice": 0.9994666666666666,
    "Tense": 0.9936,
    "Person": 0.9905557573556121,
    "Definiteness": 0.9913793103448276
  },
  "per_interval_f1": {
    "Subcategories": 0.9421116326462903,
    "Gender": 0.9852522897297035,
    "Number": 0.9890590133271834,
    "Case": 0.981939590366698,
    "Article": 0.9934079739866237,
    "Proper Noun": 0.9902938562818506,
    "Degree": 0.7809846266099923,
    "Declension": 0.9949130895945624,
    "Mood": 0.8701109167945777,
    "Voice": 0.9966351114899726,
    "Tense": 0.9938605418689607,
    "Person": 0.9800456143588164,
    "Definiteness": 0.9895070104025327
  },
  "learning_rate": 1.8200000000000002e-05
}