{
  "epoch": 11,
  "mode": "multilabel",
  "fold": 8,
  "eval_decoder": "greedy",
  "mbr_threshold": 0.0,
  "train_loss": 0.06278176653690994,
  "val_loss": 0.23921519368886948,
  "train_composite_accuracy": 0.9901119509007217,
  "train_composite_micro_f1": 0.9901119509007217,
  "train_composite_macro_f1": 0.8974413871216017,
  "val_composite_accuracy": 0.9758973917534648,
  "val_composite_micro_f1": 0.9758973917534648,
  "val_composite_macro_f1": 0.8834584314131393,
  "per_word_class_accuracy": {
    "Word Class Noun": 0.9981315396113603,
    "Word Class Adjective": 0.982174688057041,
    "Word Class Pronoun": 0.9908883826879271,
    "Word Class Number": 0.9767441860465116,
    "Word Class Verbs": 0.9973333333333333,
    "Word Class Participle": 0.9597989949748744,
    "Word Class Adverb": 0.9884020618556701,
    "Word Class Conjunctions": 0.9991518235793045,
    "Word Class Foreign words": 0.8333333333333334,
    "Word Class Unanalyzed word": 0.0,
    "Word Class Abbreviation": 0.9130434782608695,
    "Word Class Web email or address": 0.0,
    "Word Class Punctuation": 1.0,
    "Word Class Symbol": 1.0,
    "Word Class R Article": 0.978448275862069
  },
  "per_word_class_f1": {
    "Word Class Noun": 0.9971999253313422,
    "Word Class Adjective": 0.9726390114739629,
    "Word Class Pronoun": 0.9886363636363636,
    "Word Class Number": 0.988235294117647,
    "Word Class Verbs": 0.9978655282817503,
    "Word Class Participle": 0.9695431472081218,
    "Word Class Adverb": 0.9922380336351877,
    "Word Class Conjunctions": 0.9957734573119188,
    "Word Class Foreign words": 0.6666666666666667,
    "Word Class Unanalyzed word": 0.0,
    "Word Class Abbreviation": 0.9545454545454545,
    "Word Class Web email or address": 0.0,
    "Word Class Punctuation": 1.0,
    "Word Class Symbol": 1.0,
    "Word Class R Article": 0.980561555075594
  },
  "per_interval_accuracy": {
    "Subcategories": 0.9853546157643575,
    "Gender": 0.9849512505298855,
    "Number": 0.990292734718641,
    "Case": 0.9853751589656634,
    "Article": 0.9958893871449925,
    "Proper Noun": 0.9928998505231689,
    "Degree": 0.9906542056074766,
    "Declension": 0.9960526315789474,
    "Mood": 0.9888,
    "Voice": 1.0,
    "Tense": 0.9914666666666667,
    "Person": 0.9905557573556121,
    "Definiteness": 0.9870689655172413
  },
  "per_interval_f1": {
    "Subcategories": 0.9487193422917266,
    "Gender": 0.9853681767525112,
    "Number": 0.987734889686141,
    "Case": 0.9819594898602269,
    "Article": 0.9954668423914609,
    "Proper Noun": 0.9912039943595121,
    "Degree": 0.7857176976978408,
    "Declension": 0.996192163418303,
    "Mood": 0.9397750680966974,
    "Voice": 1.0,
    "Tense": 0.9915175669413269,
    "Person": 0.9874588708033089,
    "Definiteness": 0.9843296183721715
  },
  "learning_rate": 1.7800000000000002e-05
}