{
  "epoch": 13,
  "mode": "multilabel",
  "fold": 8,
  "eval_decoder": "greedy",
  "mbr_threshold": 0.0,
  "train_loss": 0.047594891030075685,
  "val_loss": 0.23316710516810418,
  "train_composite_accuracy": 0.9916388118211861,
  "train_composite_micro_f1": 0.9916388118211861,
  "train_composite_macro_f1": 0.9113099043845322,
  "val_composite_accuracy": 0.9754712109475858,
  "val_composite_micro_f1": 0.9754712109475858,
  "val_composite_macro_f1": 0.8968013874210617,
  "per_word_class_accuracy": {
    "Word Class Noun": 0.9977578475336323,
    "Word Class Adjective": 0.9679144385026738,
    "Word Class Pronoun": 0.9920273348519362,
    "Word Class Number": 0.9767441860465116,
    "Word Class Verbs": 0.9978666666666667,
    "Word Class Participle": 0.949748743718593,
    "Word Class Adverb": 0.9926975945017182,
    "Word Class Conjunctions": 0.9957591178965225,
    "Word Class Foreign words": 0.8333333333333334,
    "Word Class Unanalyzed word": 0.0,
    "Word Class Abbreviation": 0.9130434782608695,
    "Word Class Web email or address": 0.0,
    "Word Class Punctuation": 1.0,
    "Word Class Symbol": 1.0,
    "Word Class R Article": 0.9698275862068966
  },
  "per_word_class_f1": {
    "Word Class Noun": 0.9970126960418223,
    "Word Class Adjective": 0.9696428571428571,
    "Word Class Pronoun": 0.9892106757524134,
    "Word Class Number": 0.9824561403508771,
    "Word Class Verbs": 0.9976006398293789,
    "Word Class Participle": 0.9569620253164557,
    "Word Class Adverb": 0.9926975945017182,
    "Word Class Conjunctions": 0.9961815867628341,
    "Word Class Foreign words": 0.6666666666666667,
    "Word Class Unanalyzed word": 0.0,
    "Word Class Abbreviation": 0.9545454545454545,
    "Word Class Web email or address": 0.0,
    "Word Class Punctuation": 1.0,
    "Word Class Symbol": 1.0,
    "Word Class R Article": 0.9761388286334056
  },
  "per_interval_accuracy": {
    "Subcategories": 0.9865064999177225,
    "Gender": 0.983467571004663,
    "Number": 0.9907477627787047,
    "Case": 0.9851632047477745,
    "Article": 0.9958893871449925,
    "Proper Noun": 0.9940209267563528,
    "Degree": 0.9920387677397023,
    "Declension": 0.9947368421052631,
    "Mood": 0.9914666666666667,
    "Voice": 1.0,
    "Tense": 0.992,
    "Person": 0.9909189974573193,
    "Definiteness": 0.9827586206896551
  },
  "per_interval_f1": {
    "Subcategories": 0.9602379867686768,
    "Gender": 0.9839363416861702,
    "Number": 0.988430036710772,
    "Case": 0.9843503187268853,
    "Article": 0.9954668423914609,
    "Proper Noun": 0.9925898234683281,
    "Degree": 0.7818523677875356,
    "Declension": 0.9928210737306542,
    "Mood": 0.9423663002128863,
    "Voice": 1.0,
    "Tense": 0.9919841934476236,
    "Person": 0.9840333382543609,
    "Definiteness": 0.9791965566714491
  },
  "learning_rate": 1.7400000000000003e-05
}