{
  "epoch": 12,
  "mode": "multilabel",
  "fold": 8,
  "eval_decoder": "greedy",
  "mbr_threshold": 0.0,
  "train_loss": 0.048059235111399506,
  "val_loss": 0.24711360782384872,
  "train_composite_accuracy": 0.9920370405438673,
  "train_composite_micro_f1": 0.9920370405438673,
  "train_composite_macro_f1": 0.9094795093855781,
  "val_composite_accuracy": 0.975473321858864,
  "val_composite_micro_f1": 0.975473321858864,
  "val_composite_macro_f1": 0.890959638798339,
  "per_word_class_accuracy": {
    "Word Class Noun": 0.9985052316890882,
    "Word Class Adjective": 0.9679144385026738,
    "Word Class Pronoun": 0.9931662870159453,
    "Word Class Number": 0.9767441860465116,
    "Word Class Verbs": 0.9978666666666667,
    "Word Class Participle": 0.9447236180904522,
    "Word Class Adverb": 0.9922680412371134,
    "Word Class Conjunctions": 0.998303647158609,
    "Word Class Foreign words": 0.8333333333333334,
    "Word Class Unanalyzed word": 0.0,
    "Word Class Abbreviation": 0.9130434782608695,
    "Word Class Web email or address": 0.0,
    "Word Class Punctuation": 1.0,
    "Word Class Symbol": 1.0,
    "Word Class R Article": 0.9741379310344828
  },
  "per_word_class_f1": {
    "Word Class Noun": 0.9973870847331093,
    "Word Class Adjective": 0.9687778768956289,
    "Word Class Pronoun": 0.9886621315192744,
    "Word Class Number": 0.9853372434017595,
    "Word Class Verbs": 0.9986655991459834,
    "Word Class Participle": 0.9641025641025641,
    "Word Class Adverb": 0.9926944563816072,
    "Word Class Conjunctions": 0.9966130397967824,
    "Word Class Foreign words": 0.6666666666666667,
    "Word Class Unanalyzed word": 0.0,
    "Word Class Abbreviation": 0.9545454545454545,
    "Word Class Web email or address": 0.0,
    "Word Class Punctuation": 1.0,
    "Word Class Symbol": 1.0,
    "Word Class R Article": 0.9783549783549784
  },
  "per_interval_accuracy": {
    "Subcategories": 0.9868356096758268,
    "Gender": 0.9819838914794404,
    "Number": 0.9908994387987259,
    "Case": 0.9862229758372192,
    "Article": 0.9958893871449925,
    "Proper Noun": 0.9947683109118086,
    "Degree": 0.9913464866735895,
    "Declension": 0.993421052631579,
    "Mood": 0.992,
    "Voice": 1.0,
    "Tense": 0.9925333333333334,
    "Person": 0.9912822375590266,
    "Definiteness": 0.9870689655172413
  },
  "per_interval_f1": {
    "Subcategories": 0.9514649910935552,
    "Gender": 0.983082171501579,
    "Number": 0.9885469284279358,
    "Case": 0.9846274887074145,
    "Article": 0.9954691198723793,
    "Proper Noun": 0.993516095534787,
    "Degree": 0.7861576713496149,
    "Declension": 0.9915425887793731,
    "Mood": 0.9433692431491458,
    "Voice": 1.0,
    "Tense": 0.9926809489834115,
    "Person": 0.9858053692474199,
    "Definiteness": 0.9843296183721715
  },
  "learning_rate": 1.76e-05
}