{
  "epoch": 6,
  "mode": "multilabel",
  "fold": 8,
  "eval_decoder": "greedy",
  "mbr_threshold": 0.0,
  "train_loss": 0.14494469600256527,
  "val_loss": 0.2273780107498169,
  "train_composite_accuracy": 0.979449781410919,
  "train_composite_micro_f1": 0.979449781410919,
  "train_composite_macro_f1": 0.8075599679303391,
  "val_composite_accuracy": 0.9728892331525949,
  "val_composite_micro_f1": 0.9728892331525949,
  "val_composite_macro_f1": 0.8771748606858113,
  "per_word_class_accuracy": {
    "Word Class Noun": 0.9977578475336323,
    "Word Class Adjective": 0.9679144385026738,
    "Word Class Pronoun": 0.9943052391799544,
    "Word Class Number": 0.9767441860465116,
    "Word Class Verbs": 0.9978666666666667,
    "Word Class Participle": 0.9547738693467337,
    "Word Class Adverb": 0.9871134020618557,
    "Word Class Conjunctions": 0.9991518235793045,
    "Word Class Foreign words": 0.8333333333333334,
    "Word Class Unanalyzed word": 0.0,
    "Word Class Abbreviation": 0.9130434782608695,
    "Word Class Web email or address": 0.0,
    "Word Class Punctuation": 1.0,
    "Word Class Symbol": 1.0,
    "Word Class R Article": 0.9870689655172413
  },
  "per_word_class_f1": {
    "Word Class Noun": 0.9968265820421878,
    "Word Class Adjective": 0.9644760213143873,
    "Word Class Pronoun": 0.9909194097616346,
    "Word Class Number": 0.988235294117647,
    "Word Class Verbs": 0.9983991462113126,
    "Word Class Participle": 0.9523809523809523,
    "Word Class Adverb": 0.9922279792746115,
    "Word Class Conjunctions": 0.9940928270042194,
    "Word Class Foreign words": 0.6666666666666667,
    "Word Class Unanalyzed word": 0.0,
    "Word Class Abbreviation": 0.9545454545454545,
    "Word Class Web email or address": 0.0,
    "Word Class Punctuation": 1.0,
    "Word Class Symbol": 1.0,
    "Word Class R Article": 0.9849462365591397
  },
  "per_interval_accuracy": {
    "Subcategories": 0.983873621852888,
    "Gender": 0.9817719372615515,
    "Number": 0.9918094949188533,
    "Case": 0.9847392963119966,
    "Article": 0.9955156950672646,
    "Proper Noun": 0.9932735426008968,
    "Degree": 0.9885773624091381,
    "Declension": 0.9947368421052631,
    "Mood": 0.9914666666666667,
    "Voice": 0.9994666666666666,
    "Tense": 0.9925333333333334,
    "Person": 0.9927351979658554,
    "Definiteness": 0.9913793103448276
  },
  "per_interval_f1": {
    "Subcategories": 0.9549670430621334,
    "Gender": 0.9822037064390581,
    "Number": 0.989613910678962,
    "Case": 0.9822967833667106,
    "Article": 0.9950559804899679,
    "Proper Noun": 0.9916703270098743,
    "Degree": 0.7797637835408251,
    "Declension": 0.9949130895945624,
    "Mood": 0.9080702972553999,
    "Voice": 0.9966351114899726,
    "Tense": 0.9924556060496977,
    "Person": 0.9841669572443772,
    "Definiteness": 0.9895070104025327
  },
  "learning_rate": 1.88e-05
}