{
  "epoch": 4,
  "mode": "multilabel",
  "fold": 8,
  "eval_decoder": "greedy",
  "mbr_threshold": 0.0,
  "train_loss": 0.26113288100196114,
  "val_loss": 0.2481294795870781,
  "train_composite_accuracy": 0.9682906202191245,
  "train_composite_micro_f1": 0.9682906202191245,
  "train_composite_macro_f1": 0.7304257052343304,
  "val_composite_accuracy": 0.9692294431994484,
  "val_composite_micro_f1": 0.9692294431994484,
  "val_composite_macro_f1": 0.8501421065949804,
  "per_word_class_accuracy": {
    "Word Class Noun": 0.9985052316890882,
    "Word Class Adjective": 0.9590017825311943,
    "Word Class Pronoun": 0.9920273348519362,
    "Word Class Number": 0.9709302325581395,
    "Word Class Verbs": 0.9978666666666667,
    "Word Class Participle": 0.9246231155778895,
    "Word Class Adverb": 0.9905498281786942,
    "Word Class Conjunctions": 0.998303647158609,
    "Word Class Foreign words": 0.8333333333333334,
    "Word Class Unanalyzed word": 0.0,
    "Word Class Abbreviation": 0.9130434782608695,
    "Word Class Web email or address": 0.0,
    "Word Class Punctuation": 1.0,
    "Word Class Symbol": 0.0,
    "Word Class R Article": 0.9827586206896551
  },
  "per_word_class_f1": {
    "Word Class Noun": 0.9972009703302854,
    "Word Class Adjective": 0.95985727029438,
    "Word Class Pronoun": 0.9892106757524134,
    "Word Class Number": 0.9794721407624634,
    "Word Class Verbs": 0.9978666666666667,
    "Word Class Participle": 0.9246231155778895,
    "Word Class Adverb": 0.9935372684187851,
    "Word Class Conjunctions": 0.996191282268303,
    "Word Class Foreign words": 0.9090909090909091,
    "Word Class Unanalyzed word": 0.0,
    "Word Class Abbreviation": 0.8571428571428572,
    "Word Class Web email or address": 0.0,
    "Word Class Punctuation": 1.0,
    "Word Class Symbol": 0.0,
    "Word Class R Article": 0.9764453961456102
  },
  "per_interval_accuracy": {
    "Subcategories": 0.982886292578575,
    "Gender": 0.9790165324289953,
    "Number": 0.9896860306385561,
    "Case": 0.983467571004663,
    "Article": 0.9958893871449925,
    "Proper Noun": 0.9917787742899851,
    "Degree": 0.9896157840083074,
    "Declension": 0.9921052631578947,
    "Mood": 0.9888,
    "Voice": 0.9968,
    "Tense": 0.9930666666666667,
    "Person": 0.9901925172539048,
    "Definiteness": 0.9913793103448276
  },
  "per_interval_f1": {
    "Subcategories": 0.9544705629507454,
    "Gender": 0.9801281557526246,
    "Number": 0.9871734889883657,
    "Case": 0.9809894630909042,
    "Article": 0.9954622637655534,
    "Proper Noun": 0.9898357687295539,
    "Degree": 0.7758933562479962,
    "Declension": 0.9902591228090053,
    "Mood": 0.7382801899592945,
    "Voice": 0.9791666666666667,
    "Tense": 0.9929256501960215,
    "Person": 0.9798191797047289,
    "Definiteness": 0.9895070104025327
  },
  "learning_rate": 1.9200000000000003e-05
}