{
  "epoch": 7,
  "mode": "multilabel",
  "fold": 8,
  "eval_decoder": "greedy",
  "mbr_threshold": 0.0,
  "train_loss": 0.11385485008250504,
  "val_loss": 0.21398405507206916,
  "train_composite_accuracy": 0.9828484791054677,
  "train_composite_micro_f1": 0.9828484791054677,
  "train_composite_macro_f1": 0.8475710264070124,
  "val_composite_accuracy": 0.9752778017055732,
  "val_composite_micro_f1": 0.9752778017055732,
  "val_composite_macro_f1": 0.8891888740615751,
  "per_word_class_accuracy": {
    "Word Class Noun": 0.9981315396113603,
    "Word Class Adjective": 0.9625668449197861,
    "Word Class Pronoun": 0.9931662870159453,
    "Word Class Number": 0.9767441860465116,
    "Word Class Verbs": 0.9978666666666667,
    "Word Class Participle": 0.9547738693467337,
    "Word Class Adverb": 0.9914089347079038,
    "Word Class Conjunctions": 0.9957591178965225,
    "Word Class Foreign words": 0.8333333333333334,
    "Word Class Unanalyzed word": 0.0,
    "Word Class Abbreviation": 0.9130434782608695,
    "Word Class Web email or address": 0.0,
    "Word Class Punctuation": 1.0,
    "Word Class Symbol": 1.0,
    "Word Class R Article": 0.9827586206896551
  },
  "per_word_class_f1": {
    "Word Class Noun": 0.9970138111235536,
    "Word Class Adjective": 0.96514745308311,
    "Word Class Pronoun": 0.9892229154849688,
    "Word Class Number": 0.988235294117647,
    "Word Class Verbs": 0.9978666666666667,
    "Word Class Participle": 0.9547738693467337,
    "Word Class Adverb": 0.9924747366157816,
    "Word Class Conjunctions": 0.9961815867628341,
    "Word Class Foreign words": 0.7142857142857143,
    "Word Class Unanalyzed word": 0.0,
    "Word Class Abbreviation": 0.9545454545454545,
    "Word Class Web email or address": 0.0,
    "Word Class Punctuation": 1.0,
    "Word Class Symbol": 1.0,
    "Word Class R Article": 0.9827586206896551
  },
  "per_interval_accuracy": {
    "Subcategories": 0.9856837255224618,
    "Gender": 0.9832556167867741,
    "Number": 0.990292734718641,
    "Case": 0.9853751589656634,
    "Article": 0.9955156950672646,
    "Proper Noun": 0.9932735426008968,
    "Degree": 0.9896157840083074,
    "Declension": 0.9960526315789474,
    "Mood": 0.9925333333333334,
    "Voice": 0.9994666666666666,
    "Tense": 0.9946666666666667,
    "Person": 0.9934616781692699,
    "Definiteness": 0.9956896551724138
  },
  "per_interval_f1": {
    "Subcategories": 0.9605534273148734,
    "Gender": 0.9839442496809672,
    "Number": 0.9879509897565502,
    "Case": 0.9832912614391522,
    "Article": 0.9950559804899679,
    "Proper Noun": 0.9916703270098743,
    "Degree": 0.7792500258311083,
    "Declension": 0.9940946270508998,
    "Mood": 0.9429534754071003,
    "Voice": 0.9966351114899726,
    "Tense": 0.9948105499996394,
    "Person": 0.9880378187251255,
    "Definiteness": 0.9947300274856326
  },
  "learning_rate": 1.86e-05
}