{
  "epoch": 10,
  "mode": "multilabel",
  "fold": 8,
  "eval_decoder": "greedy",
  "mbr_threshold": 0.0,
  "train_loss": 0.07052064177158575,
  "val_loss": 0.2293097622692585,
  "train_composite_accuracy": 0.9889356219923459,
  "train_composite_micro_f1": 0.9889356219923459,
  "train_composite_macro_f1": 0.8886102692522566,
  "val_composite_accuracy": 0.9763318702125828,
  "val_composite_micro_f1": 0.9763318702125828,
  "val_composite_macro_f1": 0.8964250048961298,
  "per_word_class_accuracy": {
    "Word Class Noun": 0.9973841554559043,
    "Word Class Adjective": 0.966131907308378,
    "Word Class Pronoun": 0.9908883826879271,
    "Word Class Number": 0.9767441860465116,
    "Word Class Verbs": 0.9984,
    "Word Class Participle": 0.9547738693467337,
    "Word Class Adverb": 0.9939862542955327,
    "Word Class Conjunctions": 0.9974554707379135,
    "Word Class Foreign words": 0.8333333333333334,
    "Word Class Unanalyzed word": 0.0,
    "Word Class Abbreviation": 0.9130434782608695,
    "Word Class Web email or address": 0.0,
    "Word Class Punctuation": 1.0,
    "Word Class Symbol": 1.0,
    "Word Class R Article": 0.9913793103448276
  },
  "per_word_class_f1": {
    "Word Class Noun": 0.9973841554559043,
    "Word Class Adjective": 0.9721973094170404,
    "Word Class Pronoun": 0.9897610921501706,
    "Word Class Number": 0.9853372434017595,
    "Word Class Verbs": 0.9984,
    "Word Class Participle": 0.9620253164556962,
    "Word Class Adverb": 0.9931330472103005,
    "Word Class Conjunctions": 0.9966101694915255,
    "Word Class Foreign words": 0.6666666666666667,
    "Word Class Unanalyzed word": 0.0,
    "Word Class Abbreviation": 0.9333333333333332,
    "Word Class Web email or address": 0.0,
    "Word Class Punctuation": 1.0,
    "Word Class Symbol": 1.0,
    "Word Class R Article": 0.9850107066381155
  },
  "per_interval_accuracy": {
    "Subcategories": 0.985848280401514,
    "Gender": 0.9819838914794404,
    "Number": 0.9905960867586835,
    "Case": 0.9860110216193302,
    "Article": 0.9962630792227205,
    "Proper Noun": 0.9936472346786248,
    "Degree": 0.9923849082727587,
    "Declension": 0.993421052631579,
    "Mood": 0.992,
    "Voice": 0.9994666666666666,
    "Tense": 0.9930666666666667,
    "Person": 0.9916454776607337,
    "Definiteness": 0.9956896551724138
  },
  "per_interval_f1": {
    "Subcategories": 0.9492931567345797,
    "Gender": 0.982277918435005,
    "Number": 0.9879542895985803,
    "Case": 0.9832225732386671,
    "Article": 0.9958799837416399,
    "Proper Noun": 0.9921298896900898,
    "Degree": 0.7869385741369973,
    "Declension": 0.9915425887793731,
    "Mood": 0.9433590870158034,
    "Voice": 0.9966351114899726,
    "Tense": 0.9933892855306817,
    "Person": 0.9859901988266727,
    "Definiteness": 0.9947300274856326
  },
  "learning_rate": 1.8e-05
}