{
  "epoch": 3,
  "mode": "multilabel",
  "fold": 8,
  "eval_decoder": "greedy",
  "mbr_threshold": 0.0,
  "train_loss": 0.3775693909570119,
  "val_loss": 0.2880860686302185,
  "train_composite_accuracy": 0.9574154256078413,
  "train_composite_micro_f1": 0.9574154256078413,
  "train_composite_macro_f1": 0.6670482618102689,
  "val_composite_accuracy": 0.9641224665804226,
  "val_composite_micro_f1": 0.9641224665804226,
  "val_composite_macro_f1": 0.8097878360726346,
  "per_word_class_accuracy": {
    "Word Class Noun": 0.9970104633781763,
    "Word Class Adjective": 0.9572192513368984,
    "Word Class Pronoun": 0.9920273348519362,
    "Word Class Number": 0.9476744186046512,
    "Word Class Verbs": 0.9978666666666667,
    "Word Class Participle": 0.9195979899497487,
    "Word Class Adverb": 0.9901202749140894,
    "Word Class Conjunctions": 0.9974554707379135,
    "Word Class Foreign words": 0.8333333333333334,
    "Word Class Unanalyzed word": 0.0,
    "Word Class Abbreviation": 0.7391304347826086,
    "Word Class Web email or address": 0.0,
    "Word Class Punctuation": 1.0,
    "Word Class Symbol": 0.0,
    "Word Class R Article": 0.9741379310344828
  },
  "per_word_class_f1": {
    "Word Class Noun": 0.9958939902948861,
    "Word Class Adjective": 0.9529724933451642,
    "Word Class Pronoun": 0.9875283446712019,
    "Word Class Number": 0.9644970414201183,
    "Word Class Verbs": 0.9976006398293789,
    "Word Class Participle": 0.9289340101522843,
    "Word Class Adverb": 0.992465016146394,
    "Word Class Conjunctions": 0.997032640949555,
    "Word Class Foreign words": 0.6666666666666667,
    "Word Class Unanalyzed word": 0.0,
    "Word Class Abbreviation": 0.7906976744186046,
    "Word Class Web email or address": 0.0,
    "Word Class Punctuation": 1.0,
    "Word Class Symbol": 0.0,
    "Word Class R Article": 0.9658119658119658
  },
  "per_interval_accuracy": {
    "Subcategories": 0.9797597498765839,
    "Gender": 0.9749894022891056,
    "Number": 0.98771424237828,
    "Case": 0.9790165324289953,
    "Article": 0.9932735426008968,
    "Proper Noun": 0.9910313901345291,
    "Degree": 0.9885773624091381,
    "Declension": 0.9921052631578947,
    "Mood": 0.9893333333333333,
    "Voice": 0.9946666666666667,
    "Tense": 0.992,
    "Person": 0.9898292771521976,
    "Definiteness": 0.9870689655172413
  },
  "per_interval_f1": {
    "Subcategories": 0.9290828387249708,
    "Gender": 0.9760933034781754,
    "Number": 0.9848206692397138,
    "Case": 0.9757904571410722,
    "Article": 0.9925727322686473,
    "Proper Noun": 0.9889117477049678,
    "Degree": 0.7718315500885276,
    "Declension": 0.9923399539310704,
    "Mood": 0.7389432075913447,
    "Voice": 0.9643660772657474,
    "Tense": 0.9916077786344513,
    "Person": 0.971797982145344,
    "Definiteness": 0.9843296183721715
  },
  "learning_rate": 1.94e-05
}