{
  "epoch": 8,
  "mode": "multilabel",
  "fold": 8,
  "eval_decoder": "greedy",
  "mbr_threshold": 0.0,
  "train_loss": 0.09460182204094256,
  "val_loss": 0.22805033698678018,
  "train_composite_accuracy": 0.9854067167007808,
  "train_composite_micro_f1": 0.9854067167007808,
  "train_composite_macro_f1": 0.8566141672620714,
  "val_composite_accuracy": 0.9752863170584689,
  "val_composite_micro_f1": 0.9752863170584689,
  "val_composite_macro_f1": 0.8944974654420506,
  "per_word_class_accuracy": {
    "Word Class Noun": 0.9970104633781763,
    "Word Class Adjective": 0.966131907308378,
    "Word Class Pronoun": 0.9920273348519362,
    "Word Class Number": 0.9767441860465116,
    "Word Class Verbs": 0.9978666666666667,
    "Word Class Participle": 0.9547738693467337,
    "Word Class Adverb": 0.9926975945017182,
    "Word Class Conjunctions": 0.9974554707379135,
    "Word Class Foreign words": 0.8333333333333334,
    "Word Class Unanalyzed word": 0.0,
    "Word Class Abbreviation": 0.9130434782608695,
    "Word Class Web email or address": 0.0,
    "Word Class Punctuation": 1.0,
    "Word Class Symbol": 1.0,
    "Word Class R Article": 0.9870689655172413
  },
  "per_word_class_f1": {
    "Word Class Noun": 0.9964519140989729,
    "Word Class Adjective": 0.9669937555753791,
    "Word Class Pronoun": 0.9925925925925926,
    "Word Class Number": 0.9824561403508771,
    "Word Class Verbs": 0.9976006398293789,
    "Word Class Participle": 0.9547738693467337,
    "Word Class Adverb": 0.9933376316355039,
    "Word Class Conjunctions": 0.9974554707379135,
    "Word Class Foreign words": 0.6666666666666667,
    "Word Class Unanalyzed word": 0.0,
    "Word Class Abbreviation": 0.9333333333333332,
    "Word Class Web email or address": 0.0,
    "Word Class Punctuation": 1.0,
    "Word Class Symbol": 1.0,
    "Word Class R Article": 0.9849462365591397
  },
  "per_interval_accuracy": {
    "Subcategories": 0.9853546157643575,
    "Gender": 0.9830436625688851,
    "Number": 0.9901410586986198,
    "Case": 0.9860110216193302,
    "Article": 0.9940209267563528,
    "Proper Noun": 0.992526158445441,
    "Degree": 0.9899619245413638,
    "Declension": 0.9947368421052631,
    "Mood": 0.9925333333333334,
    "Voice": 1.0,
    "Tense": 0.9930666666666667,
    "Person": 0.9920087177624409,
    "Definiteness": 0.9870689655172413
  },
  "per_interval_f1": {
    "Subcategories": 0.955010835139812,
    "Gender": 0.9837050508828018,
    "Number": 0.9876282161578437,
    "Case": 0.9831252539585045,
    "Article": 0.9934112809654099,
    "Proper Noun": 0.9907448077887492,
    "Degree": 0.780696452478903,
    "Declension": 0.9949130895945624,
    "Mood": 0.9446050042038319,
    "Voice": 1.0,
    "Tense": 0.9931564490544206,
    "Person": 0.986178890031344,
    "Definiteness": 0.9843296183721715
  },
  "learning_rate": 1.8400000000000003e-05
}