{
  "epoch": 4,
  "mode": "multilabel",
  "fold": 3,
  "eval_decoder": "greedy",
  "mbr_threshold": 0.0,
  "train_loss": 0.13016889726382502,
  "val_loss": 0.22163404002785683,
  "train_composite_accuracy": 0.9763001288757486,
  "train_composite_micro_f1": 0.9763001288757486,
  "train_composite_macro_f1": 0.7974025384067778,
  "val_composite_accuracy": 0.9695221696082652,
  "val_composite_micro_f1": 0.9695221696082652,
  "val_composite_macro_f1": 0.8117632016573357,
  "per_word_class_accuracy": {
    "Word Class Noun": 0.9979822437449556,
    "Word Class Adjective": 0.9627228525121556,
    "Word Class Pronoun": 0.988272921108742,
    "Word Class Number": 0.9743589743589743,
    "Word Class Verbs": 0.9973656480505796,
    "Word Class Participle": 0.9457831325301205,
    "Word Class Adverb": 0.9889078498293515,
    "Word Class Conjunctions": 0.9967715899919289,
    "Word Class Foreign words": 0.8181818181818182,
    "Word Class Unanalyzed word": 0.0,
    "Word Class Abbreviation": 0.9642857142857143,
    "Word Class Web email or address": 0.0,
    "Word Class Punctuation": 1.0,
    "Word Class Symbol": 0.6666666666666666,
    "Word Class R Article": 0.9620853080568721
  },
  "per_word_class_f1": {
    "Word Class Noun": 0.9967754937525192,
    "Word Class Adjective": 0.9619433198380567,
    "Word Class Pronoun": 0.9872204472843451,
    "Word Class Number": 0.9838187702265372,
    "Word Class Verbs": 0.9981544951225942,
    "Word Class Participle": 0.9515151515151515,
    "Word Class Adverb": 0.9893299189073836,
    "Word Class Conjunctions": 0.9943639291465379,
    "Word Class Foreign words": 0.8852459016393442,
    "Word Class Unanalyzed word": 0.0,
    "Word Class Abbreviation": 0.9642857142857143,
    "Word Class Web email or address": 0.0,
    "Word Class Punctuation": 0.9993386243386244,
    "Word Class Symbol": 0.8,
    "Word Class R Article": 0.9598108747044918
  },
  "per_interval_accuracy": {
    "Subcategories": 0.9855212355212355,
    "Gender": 0.9813841436706089,
    "Number": 0.9907178217821783,
    "Case": 0.9772229522558038,
    "Article": 0.9955609362389023,
    "Proper Noun": 0.9955609362389023,
    "Degree": 0.9871664978047957,
    "Declension": 0.9910600255427842,
    "Mood": 0.9915700737618546,
    "Voice": 0.9968387776606955,
    "Tense": 0.9910432033719705,
    "Person": 0.9890691114245416,
    "Definiteness": 0.990521327014218
  },
  "per_interval_f1": {
    "Subcategories": 0.9476606067502593,
    "Gender": 0.9826084634306305,
    "Number": 0.9885960647709879,
    "Case": 0.9740788725700156,
    "Article": 0.9951936598205089,
    "Proper Noun": 0.9941498842660903,
    "Degree": 0.9690208204309079,
    "Declension": 0.9913195971823882,
    "Mood": 0.7533604726896069,
    "Voice": 0.6566976792122251,
    "Tense": 0.9916702435354104,
    "Person": 0.9803156079087624,
    "Definiteness": 0.9902206154987023
  },
  "learning_rate": 1.9200000000000003e-05
}