{
  "epoch": 2,
  "mode": "multilabel",
  "fold": 3,
  "eval_decoder": "greedy",
  "mbr_threshold": 0.0,
  "train_loss": 0.3027064215386452,
  "val_loss": 0.27220377177000044,
  "train_composite_accuracy": 0.95297918844436,
  "train_composite_micro_f1": 0.95297918844436,
  "train_composite_macro_f1": 0.6593740512583843,
  "val_composite_accuracy": 0.9635987233675494,
  "val_composite_micro_f1": 0.9635987233675494,
  "val_composite_macro_f1": 0.7899069293399357,
  "per_word_class_accuracy": {
    "Word Class Noun": 0.9963680387409201,
    "Word Class Adjective": 0.9708265802269044,
    "Word Class Pronoun": 0.9893390191897654,
    "Word Class Number": 0.9551282051282052,
    "Word Class Verbs": 0.9978925184404637,
    "Word Class Participle": 0.9518072289156626,
    "Word Class Adverb": 0.9795221843003413,
    "Word Class Conjunctions": 0.9983857949959645,
    "Word Class Foreign words": 0.696969696969697,
    "Word Class Unanalyzed word": 0.0,
    "Word Class Abbreviation": 0.8214285714285714,
    "Word Class Web email or address": 0.0,
    "Word Class Punctuation": 1.0,
    "Word Class Symbol": 0.0,
    "Word Class R Article": 0.966824644549763
  },
  "per_word_class_f1": {
    "Word Class Noun": 0.994962724158775,
    "Word Class Adjective": 0.9568690095846646,
    "Word Class Pronoun": 0.9856611789697293,
    "Word Class Number": 0.9675324675324676,
    "Word Class Verbs": 0.9976297076639452,
    "Word Class Participle": 0.9461077844311376,
    "Word Class Adverb": 0.98773929877393,
    "Word Class Conjunctions": 0.9915831663326653,
    "Word Class Foreign words": 0.8070175438596493,
    "Word Class Unanalyzed word": 0.0,
    "Word Class Abbreviation": 0.8518518518518519,
    "Word Class Web email or address": 0.0,
    "Word Class Punctuation": 0.9993386243386244,
    "Word Class Symbol": 0.0,
    "Word Class R Article": 0.951048951048951
  },
  "per_interval_accuracy": {
    "Subcategories": 0.9802123552123552,
    "Gender": 0.9770039421813403,
    "Number": 0.989944306930693,
    "Case": 0.9739378011388524,
    "Article": 0.993543179983858,
    "Proper Noun": 0.9927360774818402,
    "Degree": 0.9807497467071935,
    "Declension": 0.9885057471264368,
    "Mood": 0.9910432033719705,
    "Voice": 0.9963119072708114,
    "Tense": 0.9915700737618546,
    "Person": 0.9883638928067701,
    "Definiteness": 0.990521327014218
  },
  "per_interval_f1": {
    "Subcategories": 0.926394660486051,
    "Gender": 0.9782943669068526,
    "Number": 0.9873237447569156,
    "Case": 0.9616505332881126,
    "Article": 0.9930173628991751,
    "Proper Noun": 0.9904618611303093,
    "Degree": 0.9529419421832908,
    "Declension": 0.9887957726753122,
    "Mood": 0.6932835621639707,
    "Voice": 0.654658284977434,
    "Tense": 0.9921287403844034,
    "Person": 0.9776822579382327,
    "Definiteness": 0.9902206154987023
  },
  "learning_rate": 1.9600000000000002e-05
}