{
  "epoch": 7,
  "mode": "multilabel",
  "fold": 3,
  "eval_decoder": "greedy",
  "mbr_threshold": 0.0,
  "train_loss": 0.06282495898282728,
  "val_loss": 0.23128079548478125,
  "train_composite_accuracy": 0.9874534831971366,
  "train_composite_micro_f1": 0.9874534831971366,
  "train_composite_macro_f1": 0.8852457176907751,
  "val_composite_accuracy": 0.9731335572203565,
  "val_composite_micro_f1": 0.9731335572203565,
  "val_composite_macro_f1": 0.8548617111450814,
  "per_word_class_accuracy": {
    "Word Class Noun": 0.9975786924939467,
    "Word Class Adjective": 0.9611021069692058,
    "Word Class Pronoun": 0.9861407249466951,
    "Word Class Number": 0.9807692307692307,
    "Word Class Verbs": 0.9963119072708114,
    "Word Class Participle": 0.9518072289156626,
    "Word Class Adverb": 0.9918941979522184,
    "Word Class Conjunctions": 0.9959644874899112,
    "Word Class Foreign words": 0.9090909090909091,
    "Word Class Unanalyzed word": 0.0,
    "Word Class Abbreviation": 0.9642857142857143,
    "Word Class Web email or address": 0.0,
    "Word Class Punctuation": 1.0,
    "Word Class Symbol": 1.0,
    "Word Class R Article": 0.9715639810426541
  },
  "per_word_class_f1": {
    "Word Class Noun": 0.9961716703606689,
    "Word Class Adjective": 0.9665851670741646,
    "Word Class Pronoun": 0.9871931696905016,
    "Word Class Number": 0.9839228295819936,
    "Word Class Verbs": 0.9978891820580476,
    "Word Class Participle": 0.9575757575757576,
    "Word Class Adverb": 0.9908374174302151,
    "Word Class Conjunctions": 0.9951612903225806,
    "Word Class Foreign words": 0.923076923076923,
    "Word Class Unanalyzed word": 0.0,
    "Word Class Abbreviation": 0.9642857142857143,
    "Word Class Web email or address": 0.0,
    "Word Class Punctuation": 1.0,
    "Word Class Symbol": 1.0,
    "Word Class R Article": 0.9579439252336449
  },
  "per_interval_accuracy": {
    "Subcategories": 0.9880952380952381,
    "Gender": 0.9800700832238283,
    "Number": 0.9913366336633663,
    "Case": 0.9783180026281209,
    "Article": 0.9963680387409201,
    "Proper Noun": 0.9947538337368845,
    "Degree": 0.9891928402566701,
    "Declension": 0.9923371647509579,
    "Mood": 0.9899894625922023,
    "Voice": 0.9978925184404637,
    "Tense": 0.9905163329820864,
    "Person": 0.986953455571227,
    "Definiteness": 0.995260663507109
  },
  "per_interval_f1": {
    "Subcategories": 0.9591927540442593,
    "Gender": 0.9809479074678498,
    "Number": 0.9890163539970248,
    "Case": 0.9742194748115087,
    "Article": 0.9960675398531438,
    "Proper Noun": 0.993086226859925,
    "Degree": 0.9771355989683206,
    "Declension": 0.9925740835515949,
    "Mood": 0.7517988873065391,
    "Voice": 0.6607113429244739,
    "Tense": 0.9912121256099272,
    "Person": 0.9735222300232685,
    "Definiteness": 0.9951017944610814
  },
  "learning_rate": 1.86e-05
}