{
  "epoch": 10,
  "mode": "multilabel",
  "fold": 3,
  "eval_decoder": "greedy",
  "mbr_threshold": 0.0,
  "train_loss": 0.03881842202101624,
  "val_loss": 0.2341179296374321,
  "train_composite_accuracy": 0.9920571807251728,
  "train_composite_micro_f1": 0.9920571807251728,
  "train_composite_macro_f1": 0.937246214067537,
  "val_composite_accuracy": 0.9733126721763086,
  "val_composite_micro_f1": 0.9733126721763086,
  "val_composite_macro_f1": 0.8544473774996616,
  "per_word_class_accuracy": {
    "Word Class Noun": 0.9991928974979822,
    "Word Class Adjective": 0.9724473257698542,
    "Word Class Pronoun": 0.9872068230277186,
    "Word Class Number": 0.9871794871794872,
    "Word Class Verbs": 0.9973656480505796,
    "Word Class Participle": 0.9578313253012049,
    "Word Class Adverb": 0.9893344709897611,
    "Word Class Conjunctions": 0.9975786924939467,
    "Word Class Foreign words": 0.8787878787878788,
    "Word Class Unanalyzed word": 0.0,
    "Word Class Abbreviation": 0.9642857142857143,
    "Word Class Web email or address": 0.0,
    "Word Class Punctuation": 1.0,
    "Word Class Symbol": 1.0,
    "Word Class R Article": 0.966824644549763
  },
  "per_word_class_f1": {
    "Word Class Noun": 0.9971808296415626,
    "Word Class Adjective": 0.970873786407767,
    "Word Class Pronoun": 0.9882604055496266,
    "Word Class Number": 0.990353697749196,
    "Word Class Verbs": 0.9984177215189874,
    "Word Class Participle": 0.9636363636363636,
    "Word Class Adverb": 0.9914493373236426,
    "Word Class Conjunctions": 0.9939686369119421,
    "Word Class Foreign words": 0.9206349206349207,
    "Word Class Unanalyzed word": 0.0,
    "Word Class Abbreviation": 0.9642857142857143,
    "Word Class Web email or address": 0.0,
    "Word Class Punctuation": 1.0,
    "Word Class Symbol": 1.0,
    "Word Class R Article": 0.9622641509433962
  },
  "per_interval_accuracy": {
    "Subcategories": 0.9872908622908623,
    "Gender": 0.9824791940429259,
    "Number": 0.9921101485148515,
    "Case": 0.9800700832238283,
    "Article": 0.9971751412429378,
    "Proper Noun": 0.9963680387409201,
    "Degree": 0.9885173927727119,
    "Declension": 0.9910600255427842,
    "Mood": 0.9915700737618546,
    "Voice": 0.9978925184404637,
    "Tense": 0.9915700737618546,
    "Person": 0.9887165021156559,
    "Definiteness": 0.990521327014218
  },
  "per_interval_f1": {
    "Subcategories": 0.9572811999458722,
    "Gender": 0.9836689475218996,
    "Number": 0.9904474667294701,
    "Case": 0.9780146161860213,
    "Article": 0.9969384529497616,
    "Proper Noun": 0.9952035027205315,
    "Degree": 0.9773178272705529,
    "Declension": 0.9883863797703851,
    "Mood": 0.752720426686907,
    "Voice": 0.6607113429244739,
    "Tense": 0.9914899480088867,
    "Person": 0.9774030229325094,
    "Definiteness": 0.9902206154987023
  },
  "learning_rate": 1.8e-05
}