{
  "epoch": 14,
  "mode": "multilabel",
  "fold": 3,
  "eval_decoder": "greedy",
  "mbr_threshold": 0.0,
  "train_loss": 0.020325280004418203,
  "val_loss": 0.2659438818693161,
  "train_composite_accuracy": 0.9957128255602665,
  "train_composite_micro_f1": 0.9957128255602665,
  "train_composite_macro_f1": 0.9498912517473895,
  "val_composite_accuracy": 0.9736479503961419,
  "val_composite_micro_f1": 0.9736479503961419,
  "val_composite_macro_f1": 0.8639895399321168,
  "per_word_class_accuracy": {
    "Word Class Noun": 0.9983857949959645,
    "Word Class Adjective": 0.9740680713128039,
    "Word Class Pronoun": 0.9850746268656716,
    "Word Class Number": 0.9807692307692307,
    "Word Class Verbs": 0.9973656480505796,
    "Word Class Participle": 0.927710843373494,
    "Word Class Adverb": 0.9872013651877133,
    "Word Class Conjunctions": 0.9983857949959645,
    "Word Class Foreign words": 0.8787878787878788,
    "Word Class Unanalyzed word": 0.0,
    "Word Class Abbreviation": 0.9642857142857143,
    "Word Class Web email or address": 1.0,
    "Word Class Punctuation": 1.0,
    "Word Class Symbol": 1.0,
    "Word Class R Article": 0.981042654028436
  },
  "per_word_class_f1": {
    "Word Class Noun": 0.996977634495265,
    "Word Class Adjective": 0.9631410256410257,
    "Word Class Pronoun": 0.9882352941176471,
    "Word Class Number": 0.9839228295819936,
    "Word Class Verbs": 0.9984177215189874,
    "Word Class Participle": 0.9418960244648319,
    "Word Class Adverb": 0.9910064239828695,
    "Word Class Conjunctions": 0.9947728186570165,
    "Word Class Foreign words": 0.9206349206349207,
    "Word Class Unanalyzed word": 0.0,
    "Word Class Abbreviation": 0.9818181818181818,
    "Word Class Web email or address": 1.0,
    "Word Class Punctuation": 1.0,
    "Word Class Symbol": 1.0,
    "Word Class R Article": 0.9627906976744186
  },
  "per_interval_accuracy": {
    "Subcategories": 0.9861647361647362,
    "Gender": 0.9833552343407796,
    "Number": 0.9918007425742574,
    "Case": 0.9800700832238283,
    "Article": 0.9951573849878934,
    "Proper Noun": 0.9955609362389023,
    "Degree": 0.9885173927727119,
    "Declension": 0.9872286079182631,
    "Mood": 0.9920969441517387,
    "Voice": 0.9978925184404637,
    "Tense": 0.9910432033719705,
    "Person": 0.9887165021156559,
    "Definiteness": 0.995260663507109
  },
  "per_interval_f1": {
    "Subcategories": 0.957474362160239,
    "Gender": 0.9842778304998194,
    "Number": 0.9895855395235486,
    "Case": 0.979168896521092,
    "Article": 0.9947605085844774,
    "Proper Noun": 0.9941620628320357,
    "Degree": 0.9758772983422226,
    "Declension": 0.9846673955900624,
    "Mood": 0.7536747958821902,
    "Voice": 0.6607113429244739,
    "Tense": 0.9912800565348099,
    "Person": 0.9807151948665008,
    "Definiteness": 0.9951017944610814
  },
  "learning_rate": 1.72e-05
}