{
  "epoch": 5,
  "mode": "multilabel",
  "fold": 3,
  "eval_decoder": "greedy",
  "mbr_threshold": 0.0,
  "train_loss": 0.09884105108710876,
  "val_loss": 0.2159242235124111,
  "train_composite_accuracy": 0.9808736180975929,
  "train_composite_micro_f1": 0.9808736180975929,
  "train_composite_macro_f1": 0.8279574572680706,
  "val_composite_accuracy": 0.9717582228345101,
  "val_composite_micro_f1": 0.9717582228345101,
  "val_composite_macro_f1": 0.8463825896190604,
  "per_word_class_accuracy": {
    "Word Class Noun": 0.9967715899919289,
    "Word Class Adjective": 0.9740680713128039,
    "Word Class Pronoun": 0.9872068230277186,
    "Word Class Number": 0.9871794871794872,
    "Word Class Verbs": 0.9957850368809273,
    "Word Class Participle": 0.9578313253012049,
    "Word Class Adverb": 0.9910409556313993,
    "Word Class Conjunctions": 0.9927360774818402,
    "Word Class Foreign words": 0.8484848484848485,
    "Word Class Unanalyzed word": 0.0,
    "Word Class Abbreviation": 1.0,
    "Word Class Web email or address": 0.0,
    "Word Class Punctuation": 1.0,
    "Word Class Symbol": 1.0,
    "Word Class R Article": 0.966824644549763
  },
  "per_word_class_f1": {
    "Word Class Noun": 0.99657050635465,
    "Word Class Adjective": 0.9654618473895582,
    "Word Class Pronoun": 0.9877333333333334,
    "Word Class Number": 0.9871794871794872,
    "Word Class Verbs": 0.9973614775725594,
    "Word Class Participle": 0.9607250755287009,
    "Word Class Adverb": 0.9908296011942844,
    "Word Class Conjunctions": 0.994341147938561,
    "Word Class Foreign words": 0.9032258064516129,
    "Word Class Unanalyzed word": 0.0,
    "Word Class Abbreviation": 0.9824561403508771,
    "Word Class Web email or address": 0.0,
    "Word Class Punctuation": 1.0,
    "Word Class Symbol": 1.0,
    "Word Class R Article": 0.9599999999999999
  },
  "per_interval_accuracy": {
    "Subcategories": 0.9861647361647362,
    "Gender": 0.9820411738939991,
    "Number": 0.9907178217821783,
    "Case": 0.979413053000438,
    "Article": 0.9943502824858758,
    "Proper Noun": 0.9947538337368845,
    "Degree": 0.9888551165146909,
    "Declension": 0.9885057471264368,
    "Mood": 0.9910432033719705,
    "Voice": 0.9973656480505796,
    "Tense": 0.9905163329820864,
    "Person": 0.9876586741889986,
    "Definiteness": 0.990521327014218
  },
  "per_interval_f1": {
    "Subcategories": 0.957145722594077,
    "Gender": 0.9829111493711894,
    "Number": 0.9885146675464412,
    "Case": 0.9752914778060747,
    "Article": 0.9938872600152238,
    "Proper Noun": 0.9930934367066666,
    "Degree": 0.974674822285704,
    "Declension": 0.9858835403480969,
    "Mood": 0.6920581138651223,
    "Voice": 0.6587152429383094,
    "Tense": 0.9909673404197962,
    "Person": 0.9756699147268786,
    "Definiteness": 0.9902206154987023
  },
  "learning_rate": 1.9e-05
}