{
  "epoch": 13,
  "mode": "multilabel",
  "fold": 3,
  "eval_decoder": "greedy",
  "mbr_threshold": 0.0,
  "train_loss": 0.027491382711934364,
  "val_loss": 0.2576377302408218,
  "train_composite_accuracy": 0.9941028917601401,
  "train_composite_micro_f1": 0.9941028917601401,
  "train_composite_macro_f1": 0.9560833772563937,
  "val_composite_accuracy": 0.9740013774104683,
  "val_composite_micro_f1": 0.9740013774104683,
  "val_composite_macro_f1": 0.8648895952063865,
  "per_word_class_accuracy": {
    "Word Class Noun": 0.9979822437449556,
    "Word Class Adjective": 0.9692058346839546,
    "Word Class Pronoun": 0.9850746268656716,
    "Word Class Number": 0.9807692307692307,
    "Word Class Verbs": 0.9973656480505796,
    "Word Class Participle": 0.9518072289156626,
    "Word Class Adverb": 0.9880546075085325,
    "Word Class Conjunctions": 0.9967715899919289,
    "Word Class Foreign words": 0.8484848484848485,
    "Word Class Unanalyzed word": 0.0,
    "Word Class Abbreviation": 1.0,
    "Word Class Web email or address": 1.0,
    "Word Class Punctuation": 1.0,
    "Word Class Symbol": 1.0,
    "Word Class R Article": 0.976303317535545
  },
  "per_word_class_f1": {
    "Word Class Noun": 0.9963738920225624,
    "Word Class Adjective": 0.9645161290322579,
    "Word Class Pronoun": 0.9877071084981293,
    "Word Class Number": 0.9839228295819936,
    "Word Class Verbs": 0.9976284584980238,
    "Word Class Participle": 0.9546827794561934,
    "Word Class Adverb": 0.9910141206675226,
    "Word Class Conjunctions": 0.9947643979057592,
    "Word Class Foreign words": 0.9032258064516129,
    "Word Class Unanalyzed word": 0.0,
    "Word Class Abbreviation": 0.9824561403508771,
    "Word Class Web email or address": 1.0,
    "Word Class Punctuation": 1.0,
    "Word Class Symbol": 1.0,
    "Word Class R Article": 0.9626168224299065
  },
  "per_interval_accuracy": {
    "Subcategories": 0.9866473616473617,
    "Gender": 0.9829172141918529,
    "Number": 0.9925742574257426,
    "Case": 0.9807271134472185,
    "Article": 0.9947538337368845,
    "Proper Noun": 0.9951573849878934,
    "Degree": 0.9875042215467748,
    "Declension": 0.9885057471264368,
    "Mood": 0.9920969441517387,
    "Voice": 0.9978925184404637,
    "Tense": 0.9931506849315068,
    "Person": 0.9894217207334274,
    "Definiteness": 0.995260663507109
  },
  "per_interval_f1": {
    "Subcategories": 0.9579631265324196,
    "Gender": 0.9837940387437183,
    "Number": 0.9906326944565316,
    "Case": 0.979493885175742,
    "Article": 0.9943252471540358,
    "Proper Noun": 0.9936147186147186,
    "Degree": 0.9758589945085391,
    "Declension": 0.9859211280017625,
    "Mood": 0.7524140112422247,
    "Voice": 0.6607113429244739,
    "Tense": 0.9935105130626923,
    "Person": 0.9816427034761637,
    "Definiteness": 0.9951017944610814
  },
  "learning_rate": 1.7400000000000003e-05
}