{
  "epoch": 8,
  "mode": "multilabel",
  "fold": 3,
  "eval_decoder": "greedy",
  "mbr_threshold": 0.0,
  "train_loss": 0.04820281363551924,
  "val_loss": 0.23094024509191513,
  "train_composite_accuracy": 0.9897657773654214,
  "train_composite_micro_f1": 0.9897657773654214,
  "train_composite_macro_f1": 0.8988306292924516,
  "val_composite_accuracy": 0.9723633232888507,
  "val_composite_micro_f1": 0.9723633232888507,
  "val_composite_macro_f1": 0.8486180161801228,
  "per_word_class_accuracy": {
    "Word Class Noun": 0.9987893462469734,
    "Word Class Adjective": 0.9724473257698542,
    "Word Class Pronoun": 0.988272921108742,
    "Word Class Number": 0.9807692307692307,
    "Word Class Verbs": 0.9973656480505796,
    "Word Class Participle": 0.9578313253012049,
    "Word Class Adverb": 0.9914675767918089,
    "Word Class Conjunctions": 0.9943502824858758,
    "Word Class Foreign words": 0.8787878787878788,
    "Word Class Unanalyzed word": 0.0,
    "Word Class Abbreviation": 0.9285714285714286,
    "Word Class Web email or address": 0.0,
    "Word Class Punctuation": 1.0,
    "Word Class Symbol": 1.0,
    "Word Class R Article": 0.976303317535545
  },
  "per_word_class_f1": {
    "Word Class Noun": 0.9969788519637461,
    "Word Class Adjective": 0.9716599190283401,
    "Word Class Pronoun": 0.9893276414087513,
    "Word Class Number": 0.9839228295819936,
    "Word Class Verbs": 0.9981544951225942,
    "Word Class Participle": 0.9607250755287009,
    "Word Class Adverb": 0.99167911243866,
    "Word Class Conjunctions": 0.9951534733441034,
    "Word Class Foreign words": 0.9206349206349207,
    "Word Class Unanalyzed word": 0.0,
    "Word Class Abbreviation": 0.9454545454545454,
    "Word Class Web email or address": 0.0,
    "Word Class Punctuation": 1.0,
    "Word Class Symbol": 1.0,
    "Word Class R Article": 0.964871194379391
  },
  "per_interval_accuracy": {
    "Subcategories": 0.9866473616473617,
    "Gender": 0.9811651335961454,
    "Number": 0.9911819306930693,
    "Case": 0.9807271134472185,
    "Article": 0.9959644874899112,
    "Proper Noun": 0.9955609362389023,
    "Degree": 0.9912191827085444,
    "Declension": 0.9923371647509579,
    "Mood": 0.9915700737618546,
    "Voice": 0.9978925184404637,
    "Tense": 0.9926238145416227,
    "Person": 0.9904795486600846,
    "Definiteness": 0.995260663507109
  },
  "per_interval_f1": {
    "Subcategories": 0.954407086545619,
    "Gender": 0.9822452351784206,
    "Number": 0.9889988992477919,
    "Case": 0.975973905626969,
    "Article": 0.9956231608620854,
    "Proper Noun": 0.9941498842660903,
    "Degree": 0.9798236977424787,
    "Declension": 0.9925740835515949,
    "Mood": 0.7527370073844317,
    "Voice": 0.6607113429244739,
    "Tense": 0.993051246404146,
    "Person": 0.9832172927438024,
    "Definiteness": 0.9951017944610814
  },
  "learning_rate": 1.8400000000000003e-05
}