{
  "epoch": 9,
  "mode": "multilabel",
  "fold": 3,
  "eval_decoder": "greedy",
  "mbr_threshold": 0.0,
  "train_loss": 0.04335554376965744,
  "val_loss": 0.22041840404272078,
  "train_composite_accuracy": 0.9909306926943795,
  "train_composite_micro_f1": 0.9909306926943795,
  "train_composite_macro_f1": 0.9110871968838039,
  "val_composite_accuracy": 0.9742552092302393,
  "val_composite_micro_f1": 0.9742552092302393,
  "val_composite_macro_f1": 0.8476931585578843,
  "per_word_class_accuracy": {
    "Word Class Noun": 0.9979822437449556,
    "Word Class Adjective": 0.9724473257698542,
    "Word Class Pronoun": 0.988272921108742,
    "Word Class Number": 0.9807692307692307,
    "Word Class Verbs": 0.9973656480505796,
    "Word Class Participle": 0.9759036144578314,
    "Word Class Adverb": 0.9927474402730375,
    "Word Class Conjunctions": 0.993543179983858,
    "Word Class Foreign words": 0.8181818181818182,
    "Word Class Unanalyzed word": 0.0,
    "Word Class Abbreviation": 0.9642857142857143,
    "Word Class Web email or address": 0.0,
    "Word Class Punctuation": 1.0,
    "Word Class Symbol": 1.0,
    "Word Class R Article": 0.966824644549763
  },
  "per_word_class_f1": {
    "Word Class Noun": 0.9971774193548387,
    "Word Class Adjective": 0.9716599190283401,
    "Word Class Pronoun": 0.9887999999999999,
    "Word Class Number": 0.9839228295819936,
    "Word Class Verbs": 0.9981544951225942,
    "Word Class Participle": 0.9759036144578314,
    "Word Class Adverb": 0.9914784831700042,
    "Word Class Conjunctions": 0.9947474747474747,
    "Word Class Foreign words": 0.8852459016393442,
    "Word Class Unanalyzed word": 0.0,
    "Word Class Abbreviation": 0.9642857142857143,
    "Word Class Web email or address": 0.0,
    "Word Class Punctuation": 1.0,
    "Word Class Symbol": 1.0,
    "Word Class R Article": 0.9599999999999999
  },
  "per_interval_accuracy": {
    "Subcategories": 0.9880952380952381,
    "Gender": 0.9835742444152431,
    "Number": 0.9924195544554455,
    "Case": 0.9807271134472185,
    "Article": 0.9967715899919289,
    "Proper Noun": 0.9951573849878934,
    "Degree": 0.9912191827085444,
    "Declension": 0.9910600255427842,
    "Mood": 0.9931506849315068,
    "Voice": 0.9978925184404637,
    "Tense": 0.9931506849315068,
    "Person": 0.9894217207334274,
    "Definiteness": 0.990521327014218
  },
  "per_interval_f1": {
    "Subcategories": 0.9587072423269937,
    "Gender": 0.9844682419505424,
    "Number": 0.9909471581868409,
    "Case": 0.9787825099790146,
    "Article": 0.9965019392497804,
    "Proper Noun": 0.9936080259943716,
    "Degree": 0.9805495515434203,
    "Declension": 0.9883583204836834,
    "Mood": 0.7536798427482154,
    "Voice": 0.6607113429244739,
    "Tense": 0.9935105130626923,
    "Person": 0.9767998042067085,
    "Definiteness": 0.9902206154987023
  },
  "learning_rate": 1.8200000000000002e-05
}