{
  "epoch": 3,
  "mode": "multilabel",
  "fold": 3,
  "eval_decoder": "greedy",
  "mbr_threshold": 0.0,
  "train_loss": 0.18947317543421943,
  "val_loss": 0.23596606254577637,
  "train_composite_accuracy": 0.9674637880498193,
  "train_composite_micro_f1": 0.9674637880498193,
  "train_composite_macro_f1": 0.7536772648976552,
  "val_composite_accuracy": 0.9688953989315872,
  "val_composite_micro_f1": 0.9688953989315872,
  "val_composite_macro_f1": 0.8304400547471673,
  "per_word_class_accuracy": {
    "Word Class Noun": 0.9975786924939467,
    "Word Class Adjective": 0.9562398703403565,
    "Word Class Pronoun": 0.9893390191897654,
    "Word Class Number": 0.9807692307692307,
    "Word Class Verbs": 0.9978925184404637,
    "Word Class Participle": 0.9457831325301205,
    "Word Class Adverb": 0.9901877133105802,
    "Word Class Conjunctions": 0.993543179983858,
    "Word Class Foreign words": 0.8181818181818182,
    "Word Class Unanalyzed word": 0.0,
    "Word Class Abbreviation": 0.9285714285714286,
    "Word Class Web email or address": 0.0,
    "Word Class Punctuation": 1.0,
    "Word Class Symbol": 0.6666666666666666,
    "Word Class R Article": 0.9715639810426541
  },
  "per_word_class_f1": {
    "Word Class Noun": 0.9963724304715841,
    "Word Class Adjective": 0.9601301871440195,
    "Word Class Pronoun": 0.9877594465141033,
    "Word Class Number": 0.9870967741935484,
    "Word Class Verbs": 0.9986817822304245,
    "Word Class Participle": 0.9544072948328267,
    "Word Class Adverb": 0.9887113951011715,
    "Word Class Conjunctions": 0.993543179983858,
    "Word Class Foreign words": 0.8852459016393442,
    "Word Class Unanalyzed word": 0.0,
    "Word Class Abbreviation": 0.9454545454545454,
    "Word Class Web email or address": 0.0,
    "Word Class Punctuation": 0.9993386243386244,
    "Word Class Symbol": 0.8,
    "Word Class R Article": 0.9624413145539906
  },
  "per_interval_accuracy": {
    "Subcategories": 0.986003861003861,
    "Gender": 0.9783180026281209,
    "Number": 0.9897896039603961,
    "Case": 0.9767849321068769,
    "Article": 0.9951573849878934,
    "Proper Noun": 0.9947538337368845,
    "Degree": 0.9851401553529213,
    "Declension": 0.9859514687100894,
    "Mood": 0.9884088514225501,
    "Voice": 0.9973656480505796,
    "Tense": 0.9889357218124342,
    "Person": 0.9876586741889986,
    "Definiteness": 0.990521327014218
  },
  "per_interval_f1": {
    "Subcategories": 0.949503687545837,
    "Gender": 0.9794622439271857,
    "Number": 0.9870257592586978,
    "Case": 0.972908080183943,
    "Article": 0.9947605085844774,
    "Proper Noun": 0.9931006197105876,
    "Degree": 0.9644871343264015,
    "Declension": 0.9833126530895293,
    "Mood": 0.6904672806597236,
    "Voice": 0.6587152429383094,
    "Tense": 0.9894555091263241,
    "Person": 0.9790020787865545,
    "Definiteness": 0.9902206154987023
  },
  "learning_rate": 1.94e-05
}