{
  "epoch": 15,
  "mode": "multilabel",
  "fold": 3,
  "eval_decoder": "greedy",
  "mbr_threshold": 0.0,
  "train_loss": 0.01809474666097257,
  "val_loss": 0.275857013463974,
  "train_composite_accuracy": 0.9961101278641668,
  "train_composite_micro_f1": 0.9961101278641668,
  "train_composite_macro_f1": 0.9650038115049424,
  "val_composite_accuracy": 0.9742596418732782,
  "val_composite_micro_f1": 0.9742596418732782,
  "val_composite_macro_f1": 0.881535714401861,
  "per_word_class_accuracy": {
    "Word Class Noun": 0.9979822437449556,
    "Word Class Adjective": 0.9627228525121556,
    "Word Class Pronoun": 0.9850746268656716,
    "Word Class Number": 0.9871794871794872,
    "Word Class Verbs": 0.9973656480505796,
    "Word Class Participle": 0.9578313253012049,
    "Word Class Adverb": 0.992320819112628,
    "Word Class Conjunctions": 0.9951573849878934,
    "Word Class Foreign words": 0.8787878787878788,
    "Word Class Unanalyzed word": 0.0,
    "Word Class Abbreviation": 1.0,
    "Word Class Web email or address": 1.0,
    "Word Class Punctuation": 1.0,
    "Word Class Symbol": 1.0,
    "Word Class R Article": 0.966824644549763
  },
  "per_word_class_f1": {
    "Word Class Noun": 0.996574652427967,
    "Word Class Adjective": 0.9690048939641109,
    "Word Class Pronoun": 0.9866524292578751,
    "Word Class Number": 0.9871794871794872,
    "Word Class Verbs": 0.9978914074855035,
    "Word Class Participle": 0.966565349544073,
    "Word Class Adverb": 0.9908413205537807,
    "Word Class Conjunctions": 0.9943548387096774,
    "Word Class Foreign words": 0.90625,
    "Word Class Unanalyzed word": 0.0,
    "Word Class Abbreviation": 1.0,
    "Word Class Web email or address": 1.0,
    "Word Class Punctuation": 1.0,
    "Word Class Symbol": 1.0,
    "Word Class R Article": 0.9622641509433962
  },
  "per_interval_accuracy": {
    "Subcategories": 0.9887387387387387,
    "Gender": 0.9818221638195357,
    "Number": 0.9913366336633663,
    "Case": 0.9800700832238283,
    "Article": 0.9951573849878934,
    "Proper Noun": 0.9959644874899112,
    "Degree": 0.9902060114826072,
    "Declension": 0.9872286079182631,
    "Mood": 0.9905163329820864,
    "Voice": 0.9984193888303478,
    "Tense": 0.9910432033719705,
    "Person": 0.9876586741889986,
    "Definiteness": 0.995260663507109
  },
  "per_interval_f1": {
    "Subcategories": 0.9657453879027437,
    "Gender": 0.9830852964050709,
    "Number": 0.9894256648625331,
    "Case": 0.9782887266136765,
    "Article": 0.9947605085844774,
    "Proper Noun": 0.9946900242741747,
    "Degree": 0.9794251356917518,
    "Declension": 0.9846247650608272,
    "Mood": 0.7521017825925363,
    "Voice": 0.6626863377900722,
    "Tense": 0.9916757300853529,
    "Person": 0.9762583390612263,
    "Definiteness": 0.9951017944610814
  },
  "learning_rate": 1.7e-05
}