{
  "epoch": 1,
  "mode": "multilabel",
  "fold": 3,
  "eval_decoder": "greedy",
  "mbr_threshold": 0.0,
  "train_loss": 1.349210829410317,
  "val_loss": 0.42225160002708434,
  "train_composite_accuracy": 0.8359708940535597,
  "train_composite_micro_f1": 0.8359708940535597,
  "train_composite_macro_f1": 0.4417774485416545,
  "val_composite_accuracy": 0.9479094678645473,
  "val_composite_micro_f1": 0.9479094678645473,
  "val_composite_macro_f1": 0.7111538015524802,
  "per_word_class_accuracy": {
    "Word Class Noun": 0.9955609362389023,
    "Word Class Adjective": 0.9578606158833063,
    "Word Class Pronoun": 0.988272921108742,
    "Word Class Number": 0.9487179487179487,
    "Word Class Verbs": 0.9984193888303478,
    "Word Class Participle": 0.9337349397590361,
    "Word Class Adverb": 0.98080204778157,
    "Word Class Conjunctions": 0.9967715899919289,
    "Word Class Foreign words": 0.0,
    "Word Class Unanalyzed word": 0.0,
    "Word Class Abbreviation": 0.5,
    "Word Class Web email or address": 0.0,
    "Word Class Punctuation": 1.0,
    "Word Class Symbol": 0.0,
    "Word Class R Article": 0.957345971563981
  },
  "per_word_class_f1": {
    "Word Class Noun": 0.9903653151344842,
    "Word Class Adjective": 0.9440894568690095,
    "Word Class Pronoun": 0.9851222104144527,
    "Word Class Number": 0.9579288025889968,
    "Word Class Verbs": 0.9978936282253819,
    "Word Class Participle": 0.9171597633136095,
    "Word Class Adverb": 0.9864835872130444,
    "Word Class Conjunctions": 0.9919678714859438,
    "Word Class Foreign words": 0.0,
    "Word Class Unanalyzed word": 0.0,
    "Word Class Abbreviation": 0.6511627906976745,
    "Word Class Web email or address": 0.0,
    "Word Class Punctuation": 0.9993386243386244,
    "Word Class Symbol": 0.0,
    "Word Class R Article": 0.933025404157044
  },
  "per_interval_accuracy": {
    "Subcategories": 0.9753861003861004,
    "Gender": 0.9643013578624616,
    "Number": 0.9863861386138614,
    "Case": 0.9662724485326325,
    "Article": 0.9919289749798225,
    "Proper Noun": 0.9895076674737692,
    "Degree": 0.9797365754812564,
    "Declension": 0.9833971902937421,
    "Mood": 0.9884088514225501,
    "Voice": 0.9826132771338251,
    "Tense": 0.9905163329820864,
    "Person": 0.9858956276445698,
    "Definiteness": 0.990521327014218
  },
  "per_interval_f1": {
    "Subcategories": 0.8621514318163306,
    "Gender": 0.9655691622891673,
    "Number": 0.9834353140228057,
    "Case": 0.952253713504488,
    "Article": 0.9912675143074624,
    "Proper Noun": 0.9861652236652236,
    "Degree": 0.9477347547546222,
    "Declension": 0.9739718945446448,
    "Mood": 0.5888738895008254,
    "Voice": 0.5934717386383884,
    "Tense": 0.9903433683953677,
    "Person": 0.9572156939562286,
    "Definiteness": 0.9902206154987023
  },
  "learning_rate": 1.98e-05
}