{
  "epoch": 12,
  "mode": "multilabel",
  "fold": 3,
  "eval_decoder": "greedy",
  "mbr_threshold": 0.0,
  "train_loss": 0.029159923597866618,
  "val_loss": 0.24156167060136796,
  "train_composite_accuracy": 0.9935348907652115,
  "train_composite_micro_f1": 0.9935348907652115,
  "train_composite_macro_f1": 0.941598560184196,
  "val_composite_accuracy": 0.975030136042707,
  "val_composite_micro_f1": 0.975030136042707,
  "val_composite_macro_f1": 0.8572973190387285,
  "per_word_class_accuracy": {
    "Word Class Noun": 0.9979822437449556,
    "Word Class Adjective": 0.9708265802269044,
    "Word Class Pronoun": 0.9872068230277186,
    "Word Class Number": 0.9807692307692307,
    "Word Class Verbs": 0.9973656480505796,
    "Word Class Participle": 0.963855421686747,
    "Word Class Adverb": 0.9906143344709898,
    "Word Class Conjunctions": 0.9959644874899112,
    "Word Class Foreign words": 0.8484848484848485,
    "Word Class Unanalyzed word": 0.0,
    "Word Class Abbreviation": 0.9642857142857143,
    "Word Class Web email or address": 0.0,
    "Word Class Punctuation": 1.0,
    "Word Class Symbol": 1.0,
    "Word Class R Article": 0.976303317535545
  },
  "per_word_class_f1": {
    "Word Class Noun": 0.996574652427967,
    "Word Class Adjective": 0.9692556634304207,
    "Word Class Pronoun": 0.9893162393162394,
    "Word Class Number": 0.9870967741935484,
    "Word Class Verbs": 0.9981544951225942,
    "Word Class Participle": 0.9667673716012085,
    "Word Class Adverb": 0.9914602903501281,
    "Word Class Conjunctions": 0.9951612903225806,
    "Word Class Foreign words": 0.888888888888889,
    "Word Class Unanalyzed word": 0.0,
    "Word Class Abbreviation": 0.9473684210526316,
    "Word Class Web email or address": 0.0,
    "Word Class Punctuation": 1.0,
    "Word Class Symbol": 1.0,
    "Word Class R Article": 0.9626168224299065
  },
  "per_interval_accuracy": {
    "Subcategories": 0.9876126126126126,
    "Gender": 0.9842312746386334,
    "Number": 0.9913366336633663,
    "Case": 0.9816031537450722,
    "Article": 0.9959644874899112,
    "Proper Noun": 0.9963680387409201,
    "Degree": 0.9905437352245863,
    "Declension": 0.9897828863346104,
    "Mood": 0.9905163329820864,
    "Voice": 0.9978925184404637,
    "Tense": 0.9915700737618546,
    "Person": 0.9883638928067701,
    "Definiteness": 0.990521327014218
  },
  "per_interval_f1": {
    "Subcategories": 0.9614190128919119,
    "Gender": 0.9851608014388551,
    "Number": 0.9893231163121486,
    "Case": 0.978370738906213,
    "Article": 0.9956316543231815,
    "Proper Noun": 0.9952185331046154,
    "Degree": 0.9799110960503328,
    "Declension": 0.9871373961737899,
    "Mood": 0.7514557491823374,
    "Voice": 0.6607113429244739,
    "Tense": 0.991738927101168,
    "Person": 0.9771123252580908,
    "Definiteness": 0.9902206154987023
  },
  "learning_rate": 1.76e-05
}