{
  "epoch": 11,
  "mode": "multilabel",
  "fold": 3,
  "eval_decoder": "greedy",
  "mbr_threshold": 0.0,
  "train_loss": 0.02838887477881957,
  "val_loss": 0.2555458962917328,
  "train_composite_accuracy": 0.9939801800266916,
  "train_composite_micro_f1": 0.9939801800266916,
  "train_composite_macro_f1": 0.9428159496831924,
  "val_composite_accuracy": 0.9723752151462994,
  "val_composite_micro_f1": 0.9723752151462994,
  "val_composite_macro_f1": 0.857735070412853,
  "per_word_class_accuracy": {
    "Word Class Noun": 0.9987893462469734,
    "Word Class Adjective": 0.9789303079416531,
    "Word Class Pronoun": 0.9893390191897654,
    "Word Class Number": 0.9871794871794872,
    "Word Class Verbs": 0.9968387776606955,
    "Word Class Participle": 0.9518072289156626,
    "Word Class Adverb": 0.9876279863481229,
    "Word Class Conjunctions": 0.9959644874899112,
    "Word Class Foreign words": 0.8484848484848485,
    "Word Class Unanalyzed word": 0.0,
    "Word Class Abbreviation": 0.9642857142857143,
    "Word Class Web email or address": 0.0,
    "Word Class Punctuation": 1.0,
    "Word Class Symbol": 1.0,
    "Word Class R Article": 0.95260663507109
  },
  "per_word_class_f1": {
    "Word Class Noun": 0.9969788519637461,
    "Word Class Adjective": 0.9687249398556534,
    "Word Class Pronoun": 0.9877594465141033,
    "Word Class Number": 0.990353697749196,
    "Word Class Verbs": 0.9981535214982855,
    "Word Class Participle": 0.9604863221884498,
    "Word Class Adverb": 0.9905862216516902,
    "Word Class Conjunctions": 0.9943593875906527,
    "Word Class Foreign words": 0.9032258064516129,
    "Word Class Unanalyzed word": 0.0,
    "Word Class Abbreviation": 0.9642857142857143,
    "Word Class Web email or address": 0.0,
    "Word Class Punctuation": 1.0,
    "Word Class Symbol": 1.0,
    "Word Class R Article": 0.9548693586698337
  },
  "per_interval_accuracy": {
    "Subcategories": 0.9872908622908623,
    "Gender": 0.9842312746386334,
    "Number": 0.9921101485148515,
    "Case": 0.9800700832238283,
    "Article": 0.9959644874899112,
    "Proper Noun": 0.9955609362389023,
    "Degree": 0.9885173927727119,
    "Declension": 0.9910600255427842,
    "Mood": 0.9910432033719705,
    "Voice": 0.9978925184404637,
    "Tense": 0.9915700737618546,
    "Person": 0.9890691114245416,
    "Definiteness": 0.990521327014218
  },
  "per_interval_f1": {
    "Subcategories": 0.9524893142436119,
    "Gender": 0.9852754719495345,
    "Number": 0.9903298977862373,
    "Case": 0.9798956103282578,
    "Article": 0.9956316543231815,
    "Proper Noun": 0.9941498842660903,
    "Degree": 0.97609162487738,
    "Declension": 0.9883863797703851,
    "Mood": 0.7511365473655331,
    "Voice": 0.6607113429244739,
    "Tense": 0.991738927101168,
    "Person": 0.9765799880300002,
    "Definiteness": 0.9902206154987023
  },
  "learning_rate": 1.7800000000000002e-05
}