{
  "epoch": 6,
  "mode": "multilabel",
  "fold": 3,
  "eval_decoder": "greedy",
  "mbr_threshold": 0.0,
  "train_loss": 0.07660553612227089,
  "val_loss": 0.23655908852815627,
  "train_composite_accuracy": 0.9851327165462448,
  "train_composite_micro_f1": 0.9851327165462448,
  "train_composite_macro_f1": 0.8580726165054351,
  "val_composite_accuracy": 0.9720189410245372,
  "val_composite_micro_f1": 0.9720189410245372,
  "val_composite_macro_f1": 0.8418327777306697,
  "per_word_class_accuracy": {
    "Word Class Noun": 0.9983857949959645,
    "Word Class Adjective": 0.9481361426256077,
    "Word Class Pronoun": 0.990405117270789,
    "Word Class Number": 0.9807692307692307,
    "Word Class Verbs": 0.9968387776606955,
    "Word Class Participle": 0.963855421686747,
    "Word Class Adverb": 0.992320819112628,
    "Word Class Conjunctions": 0.993543179983858,
    "Word Class Foreign words": 0.8484848484848485,
    "Word Class Unanalyzed word": 0.0,
    "Word Class Abbreviation": 0.9642857142857143,
    "Word Class Web email or address": 0.0,
    "Word Class Punctuation": 1.0,
    "Word Class Symbol": 0.8333333333333334,
    "Word Class R Article": 0.9620853080568721
  },
  "per_word_class_f1": {
    "Word Class Noun": 0.996576032225579,
    "Word Class Adjective": 0.9637561779242174,
    "Word Class Pronoun": 0.9872476089266737,
    "Word Class Number": 0.9839228295819936,
    "Word Class Verbs": 0.9973642593568793,
    "Word Class Participle": 0.9495548961424332,
    "Word Class Adverb": 0.9899978718876358,
    "Word Class Conjunctions": 0.9951495553759095,
    "Word Class Foreign words": 0.9032258064516129,
    "Word Class Unanalyzed word": 0.0,
    "Word Class Abbreviation": 0.9642857142857143,
    "Word Class Web email or address": 0.0,
    "Word Class Punctuation": 0.9996692027786966,
    "Word Class Symbol": 0.9090909090909091,
    "Word Class R Article": 0.9598108747044918
  },
  "per_interval_accuracy": {
    "Subcategories": 0.9887387387387387,
    "Gender": 0.977879982479194,
    "Number": 0.9916460396039604,
    "Case": 0.9787560227770478,
    "Article": 0.9959644874899112,
    "Proper Noun": 0.9955609362389023,
    "Degree": 0.9891928402566701,
    "Declension": 0.9910600255427842,
    "Mood": 0.9910432033719705,
    "Voice": 0.9978925184404637,
    "Tense": 0.9899894625922023,
    "Person": 0.9901269393511989,
    "Definiteness": 0.990521327014218
  },
  "per_interval_f1": {
    "Subcategories": 0.9593407164820451,
    "Gender": 0.9798344690910065,
    "Number": 0.9893641109789932,
    "Case": 0.9745115538324172,
    "Article": 0.9956295432996207,
    "Proper Noun": 0.9941498842660903,
    "Degree": 0.9776784221440374,
    "Declension": 0.9913862844039367,
    "Mood": 0.6920498896241433,
    "Voice": 0.6607113429244739,
    "Tense": 0.9902605756512618,
    "Person": 0.9814706745162876,
    "Definiteness": 0.9902206154987023
  },
  "learning_rate": 1.88e-05
}