{
  "model": "tnt",
  "fold": 0,
  "ood_data_path": "data/OOD-BRAGD.json",
  "num_sentences": 500,
  "composite_accuracy": 0.7482036542804352,
  "composite_micro_f1": 0.9015460729746444,
  "composite_macro_f1": 0.6200077072659046,
  "word_class_accuracy": 0.9786023500309214,
  "word_class_macro_f1": 0.8898718588935444,
  "per_word_class_accuracy": {
    "Word Class Noun": 0.9890295358649789,
    "Word Class Adjective": 0.9178743961352657,
    "Word Class Pronoun": 0.9719887955182073,
    "Word Class Number": 0.9855072463768116,
    "Word Class Verbs": 0.9897959183673469,
    "Word Class Participle": 0.8514851485148515,
    "Word Class Adverb": 0.9758291174817313,
    "Word Class Conjunctions": 0.989406779661017,
    "Word Class Foreign words": 0.0,
    "Word Class Unanalyzed word": 0.0,
    "Word Class Abbreviation": 1.0,
    "Word Class Web email or address": 0.0,
    "Word Class Punctuation": 1.0,
    "Word Class Symbol": 1.0,
    "Word Class R Article": 0.8544303797468354
  },
  "per_word_class_f1": {
    "Word Class Noun": 0.9890295358649789,
    "Word Class Adjective": 0.9359605911330049,
    "Word Class Pronoun": 0.9672473867595818,
    "Word Class Number": 0.9855072463768116,
    "Word Class Verbs": 0.9840031213421772,
    "Word Class Participle": 0.864321608040201,
    "Word Class Adverb": 0.9783037475345168,
    "Word Class Conjunctions": 0.9816079873883342,
    "Word Class Foreign words": 0.0,
    "Word Class Unanalyzed word": 0.0,
    "Word Class Abbreviation": 1.0,
    "Word Class Web email or address": 0.0,
    "Word Class Punctuation": 1.0,
    "Word Class Symbol": 1.0,
    "Word Class R Article": 0.8823529411764706
  }
}