{
  "model": "tnt",
  "fold": 0,
  "val_composite_accuracy": 0.8433787945446546,
  "val_composite_micro_f1": 0.9181913976434525,
  "val_composite_macro_f1": 0.690066177027065,
  "per_word_class_accuracy": {
    "Word Class Noun": 0.9964699949571356,
    "Word Class Adjective": 0.922566371681416,
    "Word Class Pronoun": 0.9751412429378531,
    "Word Class Number": 0.935251798561151,
    "Word Class Verbs": 0.990139211136891,
    "Word Class Participle": 0.8532110091743119,
    "Word Class Adverb": 0.9801849405548216,
    "Word Class Conjunctions": 0.9872773536895675,
    "Word Class Foreign words": 1.0,
    "Word Class Unanalyzed word": 0.0,
    "Word Class Abbreviation": 1.0,
    "Word Class Web email or address": 0.0,
    "Word Class Punctuation": 1.0,
    "Word Class Symbol": 1.0,
    "Word Class R Article": 0.8627450980392157
  },
  "per_word_class_f1": {
    "Word Class Noun": 0.9964699949571356,
    "Word Class Adjective": 0.9381327334083239,
    "Word Class Pronoun": 0.9664053751399776,
    "Word Class Number": 0.966542750929368,
    "Word Class Verbs": 0.988419224088014,
    "Word Class Participle": 0.8416289592760182,
    "Word Class Adverb": 0.9814814814814814,
    "Word Class Conjunctions": 0.9831081081081082,
    "Word Class Foreign words": 0.962962962962963,
    "Word Class Unanalyzed word": 0.0,
    "Word Class Abbreviation": 1.0,
    "Word Class Web email or address": 0.0,
    "Word Class Punctuation": 1.0,
    "Word Class Symbol": 1.0,
    "Word Class R Article": 0.8756218905472637
  },
  "per_interval_accuracy": {
    "Subcategories": 0.9638837560893667,
    "Gender": 0.9469777306468717,
    "Number": 0.9619723435225619,
    "Case": 0.897136797454931,
    "Article": 0.9964699949571356,
    "Proper Noun": 0.9904185577407968,
    "Degree": 0.9757620271759089,
    "Declension": 0.9055258467023173,
    "Mood": 0.9518561484918794,
    "Voice": 0.990139211136891,
    "Tense": 0.9524361948955916,
    "Person": 0.9528555001916443,
    "Definiteness": 0.8627450980392157
  },
  "per_interval_f1": {
    "Subcategories": 0.9018497509140472,
    "Gender": 0.7654541583760828,
    "Number": 0.7150782342950469,
    "Case": 0.7722878192256458,
    "Article": 0.6656588436997612,
    "Proper Noun": 0.6607241059431846,
    "Degree": 0.7761486562619578,
    "Declension": 0.7115419995278188,
    "Mood": 0.7647650248065612,
    "Voice": 0.664966496649665,
    "Tense": 0.7210996626242364,
    "Person": 0.718560619153089,
    "Definiteness": 0.596078431372549
  }
}