{
  "model": "tnt",
  "fold": 2,
  "ood_data_path": "data/OOD-BRAGD.json",
  "num_sentences": 500,
  "composite_accuracy": 0.7495380825292548,
  "composite_micro_f1": 0.9008142116950407,
  "composite_macro_f1": 0.6241770858263608,
  "word_class_accuracy": 0.9801381692573402,
  "word_class_macro_f1": 0.8927364585936706,
  "per_word_class_accuracy": {
    "Word Class Noun": 0.9916317991631799,
    "Word Class Adjective": 0.92,
    "Word Class Pronoun": 0.9747899159663865,
    "Word Class Number": 0.9851851851851852,
    "Word Class Verbs": 0.9905882352941177,
    "Word Class Participle": 0.8514851485148515,
    "Word Class Adverb": 0.9781021897810219,
    "Word Class Conjunctions": 0.9872881355932204,
    "Word Class Foreign words": 0.0,
    "Word Class Unanalyzed word": 0.0,
    "Word Class Abbreviation": 1.0,
    "Word Class Web email or address": 0.0,
    "Word Class Punctuation": 1.0,
    "Word Class Symbol": 1.0,
    "Word Class R Article": 0.879746835443038
  },
  "per_word_class_f1": {
    "Word Class Noun": 0.9912170639899623,
    "Word Class Adjective": 0.9365269461077845,
    "Word Class Pronoun": 0.9707112970711297,
    "Word Class Number": 0.9888475836431226,
    "Word Class Verbs": 0.986333463490824,
    "Word Class Participle": 0.8775510204081632,
    "Word Class Adverb": 0.9789266647934813,
    "Word Class Conjunctions": 0.9815692469720906,
    "Word Class Foreign words": 0.0,
    "Word Class Unanalyzed word": 0.0,
    "Word Class Abbreviation": 1.0,
    "Word Class Web email or address": 0.0,
    "Word Class Punctuation": 1.0,
    "Word Class Symbol": 1.0,
    "Word Class R Article": 0.8938906752411575
  }
}