{
  "model": "tnt",
  "fold": 2,
  "val_composite_accuracy": 0.8535815459328208,
  "val_composite_micro_f1": 0.9225789519727058,
  "val_composite_macro_f1": 0.7018824224165154,
  "per_word_class_accuracy": {
    "Word Class Noun": 0.9962264150943396,
    "Word Class Adjective": 0.9481327800829875,
    "Word Class Pronoun": 0.9715189873417721,
    "Word Class Number": 0.9551282051282052,
    "Word Class Verbs": 0.9869927159209158,
    "Word Class Participle": 0.8492063492063492,
    "Word Class Adverb": 0.978305362259517,
    "Word Class Conjunctions": 0.9902475618904726,
    "Word Class Foreign words": 0.8,
    "Word Class Unanalyzed word": 0.0,
    "Word Class Abbreviation": 0.9444444444444444,
    "Word Class Web email or address": 0.0,
    "Word Class Punctuation": 1.0,
    "Word Class Symbol": 1.0,
    "Word Class R Article": 0.8626609442060086
  },
  "per_word_class_f1": {
    "Word Class Noun": 0.9964614295824487,
    "Word Class Adjective": 0.9461697722567287,
    "Word Class Pronoun": 0.9654088050314465,
    "Word Class Number": 0.9738562091503268,
    "Word Class Verbs": 0.9864794591783672,
    "Word Class Participle": 0.856,
    "Word Class Adverb": 0.9801107238056183,
    "Word Class Conjunctions": 0.9854423292273237,
    "Word Class Foreign words": 0.888888888888889,
    "Word Class Unanalyzed word": 0.0,
    "Word Class Abbreviation": 0.9714285714285714,
    "Word Class Web email or address": 0.0,
    "Word Class Punctuation": 1.0,
    "Word Class Symbol": 1.0,
    "Word Class R Article": 0.8796498905908096
  },
  "per_interval_accuracy": {
    "Subcategories": 0.9636085626911315,
    "Gender": 0.9527675276752767,
    "Number": 0.9682645732420244,
    "Case": 0.9008610086100861,
    "Article": 0.995754716981132,
    "Proper Noun": 0.9858490566037735,
    "Degree": 0.9757264957264957,
    "Declension": 0.9210526315789473,
    "Mood": 0.9588969823100937,
    "Voice": 0.9869927159209158,
    "Tense": 0.9604578563995838,
    "Person": 0.9533101045296167,
    "Definiteness": 0.8626609442060086
  },
  "per_interval_f1": {
    "Subcategories": 0.8968506863250427,
    "Gender": 0.7704238092602,
    "Number": 0.7217027196851706,
    "Case": 0.7786072635137629,
    "Article": 0.6653491097390912,
    "Proper Noun": 0.6569812934454271,
    "Degree": 0.7806538601434473,
    "Declension": 0.7264995661464246,
    "Mood": 0.670172413264317,
    "Voice": 0.6644040184632094,
    "Tense": 0.7260882982569977,
    "Person": 0.7266972125992248,
    "Definiteness": 0.5914347439318847
  }
}