{
  "best_epoch": 13,
  "total_epochs_trained": 13,
  "mode": "multilabel",
  "fold": 5,
  "optimizer": "adamw",
  "eval_decoder": "greedy",
  "mbr_threshold": 0.0,
  "train_loss": 0.0443313211118572,
  "val_loss": 0.2895478084683418,
  "train_composite_accuracy": 0.992511384399822,
  "train_composite_micro_f1": 0.992511384399822,
  "train_composite_macro_f1": 0.9087869715134762,
  "val_composite_accuracy": 0.973087207797809,
  "val_composite_micro_f1": 0.973087207797809,
  "val_composite_macro_f1": 0.8872070394328688,
  "per_word_class_accuracy": {
    "Word Class Noun": 0.9961715160796325,
    "Word Class Adjective": 0.9562937062937062,
    "Word Class Pronoun": 0.9883966244725738,
    "Word Class Number": 1.0,
    "Word Class Verbs": 0.9967497291440953,
    "Word Class Participle": 0.9447513812154696,
    "Word Class Adverb": 0.9907601847963041,
    "Word Class Conjunctions": 0.9974358974358974,
    "Word Class Foreign words": 0.9285714285714286,
    "Word Class Unanalyzed word": 0.0,
    "Word Class Abbreviation": 1.0,
    "Word Class Web email or address": 0.0,
    "Word Class Punctuation": 1.0,
    "Word Class Symbol": 1.0,
    "Word Class R Article": 0.9702970297029703
  },
  "per_word_class_f1": {
    "Word Class Noun": 0.9952189711225856,
    "Word Class Adjective": 0.9638766519823788,
    "Word Class Pronoun": 0.9863157894736843,
    "Word Class Number": 1.0,
    "Word Class Verbs": 0.99756031444836,
    "Word Class Participle": 0.9579831932773109,
    "Word Class Adverb": 0.9913847446942635,
    "Word Class Conjunctions": 0.9944610140605027,
    "Word Class Foreign words": 0.896551724137931,
    "Word Class Unanalyzed word": 0.0,
    "Word Class Abbreviation": 0.9811320754716981,
    "Word Class Web email or address": 0.0,
    "Word Class Punctuation": 1.0,
    "Word Class Symbol": 1.0,
    "Word Class R Article": 0.9655172413793103
  },
  "per_interval_accuracy": {
    "Subcategories": 0.9881647211413749,
    "Gender": 0.9765288544358312,
    "Number": 0.9889060092449923,
    "Case": 0.9797588285960379,
    "Article": 0.9946401225114855,
    "Proper Noun": 0.9950229709035222,
    "Degree": 0.9895022011513714,
    "Declension": 0.9867197875166003,
    "Mood": 0.9875406283856988,
    "Voice": 1.0,
    "Tense": 0.9897074756229686,
    "Person": 0.9863994273443092,
    "Definiteness": 0.9900990099009901
  },
  "per_interval_f1": {
    "Subcategories": 0.9711651236990805,
    "Gender": 0.9758912344323237,
    "Number": 0.9847328405449626,
    "Case": 0.9742430019757752,
    "Article": 0.994164086084518,
    "Proper Noun": 0.9935291325291056,
    "Degree": 0.7825515804333855,
    "Declension": 0.9735898601222037,
    "Mood": 0.9859560562647826,
    "Voice": 1.0,
    "Tense": 0.990497398510672,
    "Person": 0.9799450506743534,
    "Definiteness": 0.9881455399061032
  },
  "learning_rate": 1.7400000000000003e-05,
  "base_learning_rate": 2e-05,
  "warmup_ratio": 0.0
}