{
  "epoch": 5,
  "mode": "multilabel",
  "fold": 5,
  "eval_decoder": "greedy",
  "mbr_threshold": 0.0,
  "train_loss": 0.19294216884015428,
  "val_loss": 0.2637835592031479,
  "train_composite_accuracy": 0.9740969514104352,
  "train_composite_micro_f1": 0.9740969514104352,
  "train_composite_macro_f1": 0.7624239340382737,
  "val_composite_accuracy": 0.9659365298378751,
  "val_composite_micro_f1": 0.9659365298378751,
  "val_composite_macro_f1": 0.8385453246213954,
  "per_word_class_accuracy": {
    "Word Class Noun": 0.9942572741194488,
    "Word Class Adjective": 0.9440559440559441,
    "Word Class Pronoun": 0.9831223628691983,
    "Word Class Number": 0.9922480620155039,
    "Word Class Verbs": 0.9994582881906826,
    "Word Class Participle": 0.9337016574585635,
    "Word Class Adverb": 0.9874002519949601,
    "Word Class Conjunctions": 0.9974358974358974,
    "Word Class Foreign words": 0.9285714285714286,
    "Word Class Unanalyzed word": 0.0,
    "Word Class Abbreviation": 1.0,
    "Word Class Web email or address": 0.0,
    "Word Class Punctuation": 1.0,
    "Word Class Symbol": 0.8333333333333334,
    "Word Class R Article": 0.9851485148514851
  },
  "per_word_class_f1": {
    "Word Class Noun": 0.9946380697050938,
    "Word Class Adjective": 0.9540636042402827,
    "Word Class Pronoun": 0.9846804014791336,
    "Word Class Number": 0.9961089494163424,
    "Word Class Verbs": 0.9986468200270637,
    "Word Class Participle": 0.931129476584022,
    "Word Class Adverb": 0.9888538380651946,
    "Word Class Conjunctions": 0.9931914893617022,
    "Word Class Foreign words": 0.896551724137931,
    "Word Class Unanalyzed word": 0.0,
    "Word Class Abbreviation": 0.962962962962963,
    "Word Class Web email or address": 0.0,
    "Word Class Punctuation": 0.9996698580389567,
    "Word Class Symbol": 0.9090909090909091,
    "Word Class R Article": 0.9660194174757282
  },
  "per_interval_accuracy": {
    "Subcategories": 0.9834630350194552,
    "Gender": 0.9704995693367786,
    "Number": 0.9882896764252697,
    "Case": 0.9797588285960379,
    "Article": 0.9908116385911179,
    "Proper Noun": 0.9923430321592649,
    "Degree": 0.9834067050457163,
    "Declension": 0.9946879150066401,
    "Mood": 0.991332611050921,
    "Voice": 0.9989165763813651,
    "Tense": 0.9918743228602384,
    "Person": 0.9881889763779528,
    "Definiteness": 0.9851485148514851
  },
  "per_interval_f1": {
    "Subcategories": 0.9615137756217405,
    "Gender": 0.9714353494061585,
    "Number": 0.9849728247430013,
    "Case": 0.9771569117395466,
    "Article": 0.9900191821231783,
    "Proper Noun": 0.9900685241416232,
    "Degree": 0.7614238326992793,
    "Declension": 0.9884999093632189,
    "Mood": 0.9906399933765819,
    "Voice": 0.992143343547838,
    "Tense": 0.9924630143148057,
    "Person": 0.9837878729401643,
    "Definiteness": 0.9823029524282334
  },
  "learning_rate": 1.9e-05
}