{
  "epoch": 11,
  "mode": "multilabel",
  "fold": 5,
  "eval_decoder": "greedy",
  "mbr_threshold": 0.0,
  "train_loss": 0.06817665028086223,
  "val_loss": 0.2735271006822586,
  "train_composite_accuracy": 0.9893173725282218,
  "train_composite_micro_f1": 0.9893173725282218,
  "train_composite_macro_f1": 0.8945300621100376,
  "val_composite_accuracy": 0.9719755109079935,
  "val_composite_micro_f1": 0.9719755109079935,
  "val_composite_macro_f1": 0.8835294859131541,
  "per_word_class_accuracy": {
    "Word Class Noun": 0.9938744257274119,
    "Word Class Adjective": 0.9440559440559441,
    "Word Class Pronoun": 0.9957805907172996,
    "Word Class Number": 0.9922480620155039,
    "Word Class Verbs": 0.9978331527627302,
    "Word Class Participle": 0.9502762430939227,
    "Word Class Adverb": 0.9895002099958001,
    "Word Class Conjunctions": 0.9965811965811966,
    "Word Class Foreign words": 0.9285714285714286,
    "Word Class Unanalyzed word": 0.0,
    "Word Class Abbreviation": 1.0,
    "Word Class Web email or address": 0.0,
    "Word Class Punctuation": 1.0,
    "Word Class Symbol": 1.0,
    "Word Class R Article": 0.9752475247524752
  },
  "per_word_class_f1": {
    "Word Class Noun": 0.9944455085232714,
    "Word Class Adjective": 0.9591474245115453,
    "Word Class Pronoun": 0.9905561385099686,
    "Word Class Number": 0.9961089494163424,
    "Word Class Verbs": 0.9970230040595398,
    "Word Class Participle": 0.9373297002724796,
    "Word Class Adverb": 0.9905402564641581,
    "Word Class Conjunctions": 0.9931856899488927,
    "Word Class Foreign words": 0.896551724137931,
    "Word Class Unanalyzed word": 0.0,
    "Word Class Abbreviation": 0.9811320754716981,
    "Word Class Web email or address": 0.0,
    "Word Class Punctuation": 1.0,
    "Word Class Symbol": 1.0,
    "Word Class R Article": 0.977667493796526
  },
  "per_interval_accuracy": {
    "Subcategories": 0.9889753566796369,
    "Gender": 0.9748062015503876,
    "Number": 0.9899845916795069,
    "Case": 0.981696813092162,
    "Article": 0.9931087289433385,
    "Proper Noun": 0.9919601837672282,
    "Degree": 0.9871317304436167,
    "Declension": 0.9893758300132802,
    "Mood": 0.9902491874322861,
    "Voice": 1.0,
    "Tense": 0.9907908992416035,
    "Person": 0.9903364352183249,
    "Definiteness": 1.0
  },
  "per_interval_f1": {
    "Subcategories": 0.9713863875022317,
    "Gender": 0.9757456147047645,
    "Number": 0.9869206774269433,
    "Case": 0.982449704558831,
    "Article": 0.9925038026269217,
    "Proper Noun": 0.9895769022694922,
    "Degree": 0.7786914930840696,
    "Declension": 0.9824901809877908,
    "Mood": 0.9906201582366363,
    "Voice": 1.0,
    "Tense": 0.9912485590945219,
    "Person": 0.9857742508593015,
    "Definiteness": 1.0
  },
  "learning_rate": 1.7800000000000002e-05
}