{
  "epoch": 9,
  "mode": "multilabel",
  "fold": 5,
  "eval_decoder": "greedy",
  "mbr_threshold": 0.0,
  "train_loss": 0.0848005545397426,
  "val_loss": 0.2752305239439011,
  "train_composite_accuracy": 0.9867379030730173,
  "train_composite_micro_f1": 0.9867379030730173,
  "train_composite_macro_f1": 0.8661336675432633,
  "val_composite_accuracy": 0.9717338848672872,
  "val_composite_micro_f1": 0.9717338848672872,
  "val_composite_macro_f1": 0.880895078673165,
  "per_word_class_accuracy": {
    "Word Class Noun": 0.9950229709035222,
    "Word Class Adjective": 0.9405594405594405,
    "Word Class Pronoun": 0.9915611814345991,
    "Word Class Number": 1.0,
    "Word Class Verbs": 0.9983748645720477,
    "Word Class Participle": 0.9392265193370166,
    "Word Class Adverb": 0.9903401931961361,
    "Word Class Conjunctions": 0.9974358974358974,
    "Word Class Foreign words": 0.8928571428571429,
    "Word Class Unanalyzed word": 0.0,
    "Word Class Abbreviation": 1.0,
    "Word Class Web email or address": 0.0,
    "Word Class Punctuation": 1.0,
    "Word Class Symbol": 1.0,
    "Word Class R Article": 0.9801980198019802
  },
  "per_word_class_f1": {
    "Word Class Noun": 0.9946421737466513,
    "Word Class Adjective": 0.9564444444444444,
    "Word Class Pronoun": 0.9889531825355076,
    "Word Class Number": 0.9961389961389961,
    "Word Class Verbs": 0.9981045220687789,
    "Word Class Participle": 0.9444444444444444,
    "Word Class Adverb": 0.9907563025210083,
    "Word Class Conjunctions": 0.994037478705281,
    "Word Class Foreign words": 0.8771929824561403,
    "Word Class Unanalyzed word": 0.0,
    "Word Class Abbreviation": 0.9811320754716981,
    "Word Class Web email or address": 0.0,
    "Word Class Punctuation": 1.0,
    "Word Class Symbol": 1.0,
    "Word Class R Article": 0.9682151589242054
  },
  "per_interval_accuracy": {
    "Subcategories": 0.9886511024643321,
    "Gender": 0.9750215331610681,
    "Number": 0.988597842835131,
    "Case": 0.9821274763135228,
    "Article": 0.9927258805513017,
    "Proper Noun": 0.9934915773353752,
    "Degree": 0.987470369116153,
    "Declension": 0.9867197875166003,
    "Mood": 0.9907908992416035,
    "Voice": 1.0,
    "Tense": 0.9902491874322861,
    "Person": 0.9896206156048676,
    "Definiteness": 0.9851485148514851
  },
  "per_interval_f1": {
    "Subcategories": 0.9714221510971849,
    "Gender": 0.9755799206801368,
    "Number": 0.9849270646553124,
    "Case": 0.9820097589470965,
    "Article": 0.9920892177095808,
    "Proper Noun": 0.9915461772268057,
    "Degree": 0.7799293969739051,
    "Declension": 0.9735420166007436,
    "Mood": 0.9910267123020471,
    "Voice": 1.0,
    "Tense": 0.9905239566621679,
    "Person": 0.9863389629092522,
    "Definiteness": 0.9823029524282334
  },
  "learning_rate": 1.8200000000000002e-05
}