{
  "epoch": 8,
  "mode": "multilabel",
  "fold": 5,
  "eval_decoder": "greedy",
  "mbr_threshold": 0.0,
  "train_loss": 0.09842814959238623,
  "val_loss": 0.26137938275933265,
  "train_composite_accuracy": 0.9850276703813206,
  "train_composite_micro_f1": 0.9850276703813206,
  "train_composite_macro_f1": 0.8463631814863091,
  "val_composite_accuracy": 0.9705121572684946,
  "val_composite_micro_f1": 0.9705121572684946,
  "val_composite_macro_f1": 0.8820268297665058,
  "per_word_class_accuracy": {
    "Word Class Noun": 0.9919601837672282,
    "Word Class Adjective": 0.9458041958041958,
    "Word Class Pronoun": 0.9926160337552743,
    "Word Class Number": 0.9922480620155039,
    "Word Class Verbs": 0.9962080173347779,
    "Word Class Participle": 0.9281767955801105,
    "Word Class Adverb": 0.9916001679966401,
    "Word Class Conjunctions": 0.9931623931623932,
    "Word Class Foreign words": 0.9285714285714286,
    "Word Class Unanalyzed word": 0.0,
    "Word Class Abbreviation": 1.0,
    "Word Class Web email or address": 0.0,
    "Word Class Punctuation": 1.0,
    "Word Class Symbol": 1.0,
    "Word Class R Article": 0.9752475247524752
  },
  "per_word_class_f1": {
    "Word Class Noun": 0.9934815950920245,
    "Word Class Adjective": 0.9507908611599297,
    "Word Class Pronoun": 0.9884453781512605,
    "Word Class Number": 0.9961089494163424,
    "Word Class Verbs": 0.9975589910496339,
    "Word Class Participle": 0.9256198347107437,
    "Word Class Adverb": 0.9901446844202139,
    "Word Class Conjunctions": 0.9940119760479043,
    "Word Class Foreign words": 0.896551724137931,
    "Word Class Unanalyzed word": 0.0,
    "Word Class Abbreviation": 0.9811320754716981,
    "Word Class Web email or address": 0.0,
    "Word Class Punctuation": 1.0,
    "Word Class Symbol": 1.0,
    "Word Class R Article": 0.9656862745098039
  },
  "per_interval_accuracy": {
    "Subcategories": 0.9873540856031129,
    "Gender": 0.9765288544358312,
    "Number": 0.9892141756548536,
    "Case": 0.9812661498708011,
    "Article": 0.9888973966309341,
    "Proper Noun": 0.9904287901990811,
    "Degree": 0.9895022011513714,
    "Declension": 0.9867197875166003,
    "Mood": 0.9886240520043337,
    "Voice": 0.9994582881906826,
    "Tense": 0.9897074756229686,
    "Person": 0.9889047959914101,
    "Definiteness": 0.995049504950495
  },
  "per_interval_f1": {
    "Subcategories": 0.9764798662871095,
    "Gender": 0.9770295063966326,
    "Number": 0.9854556013390519,
    "Case": 0.9794144782232468,
    "Article": 0.987953912918883,
    "Proper Noun": 0.9876267054729564,
    "Degree": 0.7805734634336897,
    "Declension": 0.9696141049638897,
    "Mood": 0.9858703801369448,
    "Voice": 0.9961001126023825,
    "Tense": 0.9904535660763066,
    "Person": 0.9850485199072515,
    "Definiteness": 0.9940439333628188
  },
  "learning_rate": 1.8400000000000003e-05
}