{
  "epoch": 7,
  "mode": "multilabel",
  "fold": 5,
  "eval_decoder": "greedy",
  "mbr_threshold": 0.0,
  "train_loss": 0.11992232162868699,
  "val_loss": 0.26040739864110946,
  "train_composite_accuracy": 0.9824925591006465,
  "train_composite_micro_f1": 0.9824925591006465,
  "train_composite_macro_f1": 0.8279328165164915,
  "val_composite_accuracy": 0.9696473225834268,
  "val_composite_micro_f1": 0.9696473225834268,
  "val_composite_macro_f1": 0.8759319327620991,
  "per_word_class_accuracy": {
    "Word Class Noun": 0.9938744257274119,
    "Word Class Adjective": 0.9615384615384616,
    "Word Class Pronoun": 0.990506329113924,
    "Word Class Number": 1.0,
    "Word Class Verbs": 0.9972914409534128,
    "Word Class Participle": 0.9116022099447514,
    "Word Class Adverb": 0.9903401931961361,
    "Word Class Conjunctions": 0.9931623931623932,
    "Word Class Foreign words": 0.9285714285714286,
    "Word Class Unanalyzed word": 0.0,
    "Word Class Abbreviation": 1.0,
    "Word Class Web email or address": 0.0,
    "Word Class Punctuation": 1.0,
    "Word Class Symbol": 0.8333333333333334,
    "Word Class R Article": 0.9752475247524752
  },
  "per_word_class_f1": {
    "Word Class Noun": 0.9940647137660348,
    "Word Class Adjective": 0.9565217391304348,
    "Word Class Pronoun": 0.9868628481345244,
    "Word Class Number": 1.0,
    "Word Class Verbs": 0.9978319783197832,
    "Word Class Participle": 0.9269662921348315,
    "Word Class Adverb": 0.9911727616645649,
    "Word Class Conjunctions": 0.9940119760479043,
    "Word Class Foreign words": 0.896551724137931,
    "Word Class Unanalyzed word": 0.0,
    "Word Class Abbreviation": 0.9811320754716981,
    "Word Class Web email or address": 0.0,
    "Word Class Punctuation": 0.9996698580389567,
    "Word Class Symbol": 0.9090909090909091,
    "Word Class R Article": 0.9752475247524752
  },
  "per_interval_accuracy": {
    "Subcategories": 0.9870298313878081,
    "Gender": 0.975452196382429,
    "Number": 0.9889060092449923,
    "Case": 0.9804048234280792,
    "Article": 0.9908116385911179,
    "Proper Noun": 0.9919601837672282,
    "Degree": 0.9901794784964443,
    "Declension": 0.9933598937583001,
    "Mood": 0.9880823401950163,
    "Voice": 0.9994582881906826,
    "Tense": 0.9902491874322861,
    "Person": 0.9889047959914101,
    "Definiteness": 1.0
  },
  "per_interval_f1": {
    "Subcategories": 0.9703500656324131,
    "Gender": 0.9763750880654372,
    "Number": 0.9857911067088273,
    "Case": 0.9802735740519065,
    "Article": 0.9900191821231783,
    "Proper Noun": 0.9895769022694922,
    "Degree": 0.7820827595287847,
    "Declension": 0.9897919094224615,
    "Mood": 0.9871850752465431,
    "Voice": 0.9961001126023825,
    "Tense": 0.9909566610525994,
    "Person": 0.9870160720414842,
    "Definiteness": 1.0
  },
  "learning_rate": 1.86e-05
}