{
  "epoch": 4,
  "mode": "multilabel",
  "fold": 5,
  "eval_decoder": "greedy",
  "mbr_threshold": 0.0,
  "train_loss": 0.26163887702134675,
  "val_loss": 0.2810304269194603,
  "train_composite_accuracy": 0.9674751196535745,
  "train_composite_micro_f1": 0.9674751196535745,
  "train_composite_macro_f1": 0.7029999837072806,
  "val_composite_accuracy": 0.965186592950933,
  "val_composite_micro_f1": 0.965186592950933,
  "val_composite_macro_f1": 0.8369704744883956,
  "per_word_class_accuracy": {
    "Word Class Noun": 0.9934915773353752,
    "Word Class Adjective": 0.9545454545454546,
    "Word Class Pronoun": 0.9873417721518988,
    "Word Class Number": 1.0,
    "Word Class Verbs": 0.9978331527627302,
    "Word Class Participle": 0.8839779005524862,
    "Word Class Adverb": 0.9916001679966401,
    "Word Class Conjunctions": 0.9957264957264957,
    "Word Class Foreign words": 0.9285714285714286,
    "Word Class Unanalyzed word": 0.0,
    "Word Class Abbreviation": 1.0,
    "Word Class Web email or address": 0.0,
    "Word Class Punctuation": 1.0,
    "Word Class Symbol": 0.6666666666666666,
    "Word Class R Article": 0.9752475247524752
  },
  "per_word_class_f1": {
    "Word Class Noun": 0.9934915773353752,
    "Word Class Adjective": 0.9479166666666667,
    "Word Class Pronoun": 0.9873417721518988,
    "Word Class Number": 0.9961389961389961,
    "Word Class Verbs": 0.9986446191379779,
    "Word Class Participle": 0.927536231884058,
    "Word Class Adverb": 0.9901446844202139,
    "Word Class Conjunctions": 0.9944515578318396,
    "Word Class Foreign words": 0.896551724137931,
    "Word Class Unanalyzed word": 0.0,
    "Word Class Abbreviation": 0.9811320754716981,
    "Word Class Web email or address": 0.0,
    "Word Class Punctuation": 0.9996698580389567,
    "Word Class Symbol": 0.8,
    "Word Class R Article": 0.9752475247524752
  },
  "per_interval_accuracy": {
    "Subcategories": 0.9855706874189365,
    "Gender": 0.9717915590008613,
    "Number": 0.9847457627118644,
    "Case": 0.9776055124892334,
    "Article": 0.9911944869831547,
    "Proper Noun": 0.9915773353751914,
    "Degree": 0.9864544530985438,
    "Declension": 0.9867197875166003,
    "Mood": 0.9864572047670639,
    "Voice": 1.0,
    "Tense": 0.9832069339111592,
    "Person": 0.9821045096635648,
    "Definiteness": 0.995049504950495
  },
  "per_interval_f1": {
    "Subcategories": 0.9587130611653849,
    "Gender": 0.9724668814099111,
    "Number": 0.9804983747670047,
    "Case": 0.9709473561208573,
    "Article": 0.9904328058126803,
    "Proper Noun": 0.9890857429383253,
    "Degree": 0.7614313336880327,
    "Declension": 0.9704647115275135,
    "Mood": 0.9369428843023169,
    "Voice": 1.0,
    "Tense": 0.9833463737237693,
    "Person": 0.9712928340970888,
    "Definiteness": 0.9940439333628188
  },
  "learning_rate": 1.9200000000000003e-05
}