{
  "epoch": 3,
  "mode": "multilabel",
  "fold": 5,
  "eval_decoder": "greedy",
  "mbr_threshold": 0.0,
  "train_loss": 0.3857416250082777,
  "val_loss": 0.29802743196487425,
  "train_composite_accuracy": 0.9562487513913068,
  "train_composite_micro_f1": 0.9562487513913068,
  "train_composite_macro_f1": 0.662131813345102,
  "val_composite_accuracy": 0.9636159363927059,
  "val_composite_micro_f1": 0.9636159363927059,
  "val_composite_macro_f1": 0.8063231610240437,
  "per_word_class_accuracy": {
    "Word Class Noun": 0.9942572741194488,
    "Word Class Adjective": 0.9475524475524476,
    "Word Class Pronoun": 0.9883966244725738,
    "Word Class Number": 0.9922480620155039,
    "Word Class Verbs": 0.9983748645720477,
    "Word Class Participle": 0.9060773480662984,
    "Word Class Adverb": 0.9878202435951281,
    "Word Class Conjunctions": 0.9965811965811966,
    "Word Class Foreign words": 0.5357142857142857,
    "Word Class Unanalyzed word": 0.0,
    "Word Class Abbreviation": 1.0,
    "Word Class Web email or address": 0.0,
    "Word Class Punctuation": 1.0,
    "Word Class Symbol": 0.0,
    "Word Class R Article": 0.9900990099009901
  },
  "per_word_class_f1": {
    "Word Class Noun": 0.9933065595716198,
    "Word Class Adjective": 0.9492119089316987,
    "Word Class Pronoun": 0.9868351764086362,
    "Word Class Number": 0.9961089494163424,
    "Word Class Verbs": 0.9975642760487144,
    "Word Class Participle": 0.9344729344729344,
    "Word Class Adverb": 0.9894825410180901,
    "Word Class Conjunctions": 0.9927628778203491,
    "Word Class Foreign words": 0.6521739130434783,
    "Word Class Unanalyzed word": 0.0,
    "Word Class Abbreviation": 0.8666666666666666,
    "Word Class Web email or address": 0.0,
    "Word Class Punctuation": 0.9996698580389567,
    "Word Class Symbol": 0.0,
    "Word Class R Article": 0.966183574879227
  },
  "per_interval_accuracy": {
    "Subcategories": 0.982976653696498,
    "Gender": 0.9732988802756245,
    "Number": 0.9884437596302003,
    "Case": 0.9756675279931094,
    "Article": 0.9908116385911179,
    "Proper Noun": 0.9908116385911179,
    "Degree": 0.9820521503555706,
    "Declension": 0.9867197875166003,
    "Mood": 0.9907908992416035,
    "Voice": 0.9989165763813651,
    "Tense": 0.9929577464788732,
    "Person": 0.9878310665712241,
    "Definiteness": 1.0
  },
  "per_interval_f1": {
    "Subcategories": 0.9021280925436199,
    "Gender": 0.9740694136229062,
    "Number": 0.9854507679088046,
    "Case": 0.9635798762224972,
    "Article": 0.9900191821231783,
    "Proper Noun": 0.9881160369804178,
    "Degree": 0.7579041611172759,
    "Declension": 0.9765062479572695,
    "Mood": 0.7409180482500609,
    "Voice": 0.992143343547838,
    "Tense": 0.9934086155906944,
    "Person": 0.9684838413225318,
    "Definiteness": 1.0
  },
  "learning_rate": 1.94e-05
}