{
  "epoch": 16,
  "mode": "multilabel",
  "fold": 5,
  "eval_decoder": "greedy",
  "mbr_threshold": 0.0,
  "train_loss": 0.03584540300708389,
  "val_loss": 0.28916569501161576,
  "train_composite_accuracy": 0.9941971089675019,
  "train_composite_micro_f1": 0.9941971089675019,
  "train_composite_macro_f1": 0.9387625427866033,
  "val_composite_accuracy": 0.9731173530932277,
  "val_composite_micro_f1": 0.9731173530932277,
  "val_composite_macro_f1": 0.8855717335544512,
  "per_word_class_accuracy": {
    "Word Class Noun": 0.9954058192955589,
    "Word Class Adjective": 0.9423076923076923,
    "Word Class Pronoun": 0.9915611814345991,
    "Word Class Number": 0.9922480620155039,
    "Word Class Verbs": 0.9972914409534128,
    "Word Class Participle": 0.9558011049723757,
    "Word Class Adverb": 0.9882402351952961,
    "Word Class Conjunctions": 0.9974358974358974,
    "Word Class Foreign words": 0.9285714285714286,
    "Word Class Unanalyzed word": 0.0,
    "Word Class Abbreviation": 1.0,
    "Word Class Web email or address": 1.0,
    "Word Class Punctuation": 1.0,
    "Word Class Symbol": 1.0,
    "Word Class R Article": 0.9851485148514851
  },
  "per_word_class_f1": {
    "Word Class Noun": 0.9946442234123947,
    "Word Class Adjective": 0.9556737588652482,
    "Word Class Pronoun": 0.9879138202837625,
    "Word Class Number": 0.9961089494163424,
    "Word Class Verbs": 0.9978319783197832,
    "Word Class Participle": 0.9402173913043479,
    "Word Class Adverb": 0.9905283098295097,
    "Word Class Conjunctions": 0.9953091684434967,
    "Word Class Foreign words": 0.896551724137931,
    "Word Class Unanalyzed word": 0.0,
    "Word Class Abbreviation": 1.0,
    "Word Class Web email or address": 1.0,
    "Word Class Punctuation": 1.0,
    "Word Class Symbol": 1.0,
    "Word Class R Article": 0.9707317073170733
  },
  "per_interval_accuracy": {
    "Subcategories": 0.9884889753566797,
    "Gender": 0.9788975021533161,
    "Number": 0.9902927580893682,
    "Case": 0.983634797588286,
    "Article": 0.9934915773353752,
    "Proper Noun": 0.9938744257274119,
    "Degree": 0.9884862851337622,
    "Declension": 0.9893758300132802,
    "Mood": 0.9880823401950163,
    "Voice": 1.0,
    "Tense": 0.9907908992416035,
    "Person": 0.9889047959914101,
    "Definiteness": 1.0
  },
  "per_interval_f1": {
    "Subcategories": 0.9736600367510437,
    "Gender": 0.979442033017573,
    "Number": 0.9872922737368719,
    "Case": 0.9850822199326317,
    "Article": 0.9929185813879128,
    "Proper Noun": 0.9920472536840823,
    "Degree": 0.8840208683294397,
    "Declension": 0.9766167400647227,
    "Mood": 0.9854736608264477,
    "Voice": 1.0,
    "Tense": 0.991442553650284,
    "Person": 0.9849351298976623,
    "Definiteness": 1.0
  },
  "learning_rate": 1.6800000000000002e-05
}