{
  "epoch": 1,
  "mode": "multilabel",
  "fold": 5,
  "eval_decoder": "greedy",
  "mbr_threshold": 0.0,
  "train_loss": 3.1014635692170267,
  "val_loss": 0.7835213363170623,
  "train_composite_accuracy": 0.7210586322656927,
  "train_composite_micro_f1": 0.7210586322656927,
  "train_composite_macro_f1": 0.2733560184798453,
  "val_composite_accuracy": 0.9229561120321089,
  "val_composite_micro_f1": 0.9229561120321089,
  "val_composite_macro_f1": 0.6320646695590783,
  "per_word_class_accuracy": {
    "Word Class Noun": 0.9957886676875957,
    "Word Class Adjective": 0.9370629370629371,
    "Word Class Pronoun": 0.9831223628691983,
    "Word Class Number": 0.9767441860465116,
    "Word Class Verbs": 0.9934994582881906,
    "Word Class Participle": 0.9060773480662984,
    "Word Class Adverb": 0.9806803863922722,
    "Word Class Conjunctions": 0.9948717948717949,
    "Word Class Foreign words": 0.0,
    "Word Class Unanalyzed word": 0.0,
    "Word Class Abbreviation": 0.0,
    "Word Class Web email or address": 0.0,
    "Word Class Punctuation": 1.0,
    "Word Class Symbol": 0.0,
    "Word Class R Article": 0.9257425742574258
  },
  "per_word_class_f1": {
    "Word Class Noun": 0.9876590089234859,
    "Word Class Adjective": 0.9305555555555555,
    "Word Class Pronoun": 0.9738766980146291,
    "Word Class Number": 0.988235294117647,
    "Word Class Verbs": 0.9953867028493895,
    "Word Class Participle": 0.9213483146067416,
    "Word Class Adverb": 0.9823306689103912,
    "Word Class Conjunctions": 0.9893752656183596,
    "Word Class Foreign words": 0.0,
    "Word Class Unanalyzed word": 0.0,
    "Word Class Abbreviation": 0.0,
    "Word Class Web email or address": 0.0,
    "Word Class Punctuation": 0.998022412656559,
    "Word Class Symbol": 0.0,
    "Word Class R Article": 0.9326683291770573
  },
  "per_interval_accuracy": {
    "Subcategories": 0.959792477302205,
    "Gender": 0.9496124031007752,
    "Number": 0.9781201848998459,
    "Case": 0.9394918173987942,
    "Article": 0.9869831546707504,
    "Proper Noun": 0.9866003062787136,
    "Degree": 0.9668134100914324,
    "Declension": 0.9721115537848606,
    "Mood": 0.9832069339111592,
    "Voice": 0.9637053087757314,
    "Tense": 0.9859154929577465,
    "Person": 0.9599141016463851,
    "Definiteness": 1.0
  },
  "per_interval_f1": {
    "Subcategories": 0.7985431303053867,
    "Gender": 0.9502368714194258,
    "Number": 0.9713309416161605,
    "Case": 0.8427503982227067,
    "Article": 0.9858405160730741,
    "Proper Noun": 0.9825784337322075,
    "Degree": 0.6965292091591774,
    "Declension": 0.9214388398850613,
    "Mood": 0.7285089828683969,
    "Voice": 0.4907586206896552,
    "Tense": 0.9865624958558863,
    "Person": 0.7163080671967418,
    "Definiteness": 1.0
  },
  "learning_rate": 1.98e-05
}