{
  "epoch": 15,
  "mode": "multilabel",
  "fold": 5,
  "eval_decoder": "greedy",
  "mbr_threshold": 0.0,
  "train_loss": 0.040348877408440065,
  "val_loss": 0.30142654180526735,
  "train_composite_accuracy": 0.9933356052860767,
  "train_composite_micro_f1": 0.9933356052860767,
  "train_composite_macro_f1": 0.9193530296848483,
  "val_composite_accuracy": 0.9706034482758621,
  "val_composite_micro_f1": 0.9706034482758621,
  "val_composite_macro_f1": 0.8827427642803706,
  "per_word_class_accuracy": {
    "Word Class Noun": 0.9961715160796325,
    "Word Class Adjective": 0.9597902097902098,
    "Word Class Pronoun": 0.989451476793249,
    "Word Class Number": 1.0,
    "Word Class Verbs": 0.9972914409534128,
    "Word Class Participle": 0.9668508287292817,
    "Word Class Adverb": 0.9819403611927762,
    "Word Class Conjunctions": 0.9965811965811966,
    "Word Class Foreign words": 0.8928571428571429,
    "Word Class Unanalyzed word": 0.0,
    "Word Class Abbreviation": 1.0,
    "Word Class Web email or address": 1.0,
    "Word Class Punctuation": 1.0,
    "Word Class Symbol": 1.0,
    "Word Class R Article": 0.9801980198019802
  },
  "per_word_class_f1": {
    "Word Class Noun": 0.9940783190066856,
    "Word Class Adjective": 0.9572798605056669,
    "Word Class Pronoun": 0.9884088514225501,
    "Word Class Number": 0.9961389961389961,
    "Word Class Verbs": 0.9975616364128962,
    "Word Class Participle": 0.9536784741144415,
    "Word Class Adverb": 0.9881656804733727,
    "Word Class Conjunctions": 0.9948805460750852,
    "Word Class Foreign words": 0.8771929824561403,
    "Word Class Unanalyzed word": 0.0,
    "Word Class Abbreviation": 1.0,
    "Word Class Web email or address": 1.0,
    "Word Class Punctuation": 1.0,
    "Word Class Symbol": 1.0,
    "Word Class R Article": 0.9705882352941178
  },
  "per_interval_accuracy": {
    "Subcategories": 0.9854085603112841,
    "Gender": 0.9782515073212747,
    "Number": 0.9892141756548536,
    "Case": 0.983634797588286,
    "Article": 0.9942572741194488,
    "Proper Noun": 0.9942572741194488,
    "Degree": 0.984083982390789,
    "Declension": 0.9920318725099602,
    "Mood": 0.9880823401950163,
    "Voice": 1.0,
    "Tense": 0.9886240520043337,
    "Person": 0.9856836077308518,
    "Definiteness": 0.995049504950495
  },
  "per_interval_f1": {
    "Subcategories": 0.9648060986113,
    "Gender": 0.9791733038092116,
    "Number": 0.985829476084521,
    "Case": 0.9825478643731206,
    "Article": 0.9937457448956706,
    "Proper Noun": 0.9925407446118875,
    "Degree": 0.7749712863010099,
    "Declension": 0.9883928473056202,
    "Mood": 0.9510023638633488,
    "Voice": 1.0,
    "Tense": 0.9895308205868939,
    "Person": 0.9792221677249999,
    "Definiteness": 0.9940439333628188
  },
  "learning_rate": 1.7e-05
}