{
  "epoch": 12,
  "mode": "multilabel",
  "fold": 5,
  "eval_decoder": "greedy",
  "mbr_threshold": 0.0,
  "train_loss": 0.054876701593171304,
  "val_loss": 0.2870194748044014,
  "train_composite_accuracy": 0.9909948298392137,
  "train_composite_micro_f1": 0.9909948298392137,
  "train_composite_macro_f1": 0.8989784139005874,
  "val_composite_accuracy": 0.9720737803826927,
  "val_composite_micro_f1": 0.9720737803826927,
  "val_composite_macro_f1": 0.879194232461752,
  "per_word_class_accuracy": {
    "Word Class Noun": 0.9954058192955589,
    "Word Class Adjective": 0.9493006993006993,
    "Word Class Pronoun": 0.9978902953586498,
    "Word Class Number": 1.0,
    "Word Class Verbs": 0.9978331527627302,
    "Word Class Participle": 0.9447513812154696,
    "Word Class Adverb": 0.9878202435951281,
    "Word Class Conjunctions": 0.9982905982905983,
    "Word Class Foreign words": 0.9285714285714286,
    "Word Class Unanalyzed word": 0.0,
    "Word Class Abbreviation": 1.0,
    "Word Class Web email or address": 0.0,
    "Word Class Punctuation": 1.0,
    "Word Class Symbol": 1.0,
    "Word Class R Article": 0.9405940594059405
  },
  "per_word_class_f1": {
    "Word Class Noun": 0.9946442234123947,
    "Word Class Adjective": 0.9593639575971731,
    "Word Class Pronoun": 0.9859301719645649,
    "Word Class Number": 1.0,
    "Word Class Verbs": 0.9983739837398373,
    "Word Class Participle": 0.9500000000000001,
    "Word Class Adverb": 0.9907329401853412,
    "Word Class Conjunctions": 0.994465730097914,
    "Word Class Foreign words": 0.896551724137931,
    "Word Class Unanalyzed word": 0.0,
    "Word Class Abbreviation": 0.962962962962963,
    "Word Class Web email or address": 0.0,
    "Word Class Punctuation": 1.0,
    "Word Class Symbol": 1.0,
    "Word Class R Article": 0.9620253164556962
  },
  "per_interval_accuracy": {
    "Subcategories": 0.9891374837872893,
    "Gender": 0.9778208440999139,
    "Number": 0.9893682588597843,
    "Case": 0.9825581395348837,
    "Article": 0.9942572741194488,
    "Proper Noun": 0.9946401225114855,
    "Degree": 0.987470369116153,
    "Declension": 0.9893758300132802,
    "Mood": 0.9864572047670639,
    "Voice": 1.0,
    "Tense": 0.9891657638136512,
    "Person": 0.9899785254115963,
    "Definiteness": 0.995049504950495
  },
  "per_interval_f1": {
    "Subcategories": 0.9771574318305866,
    "Gender": 0.9782108314450431,
    "Number": 0.986000546877166,
    "Case": 0.9819079116673585,
    "Article": 0.9937487225806576,
    "Proper Noun": 0.993034703814913,
    "Degree": 0.7788603704081128,
    "Declension": 0.9796080257927269,
    "Mood": 0.985888722936363,
    "Voice": 1.0,
    "Tense": 0.9899863321700391,
    "Person": 0.9856648749951116,
    "Definiteness": 0.9940439333628188
  },
  "learning_rate": 1.76e-05
}