{
  "epoch": 10,
  "mode": "multilabel",
  "fold": 5,
  "eval_decoder": "greedy",
  "mbr_threshold": 0.0,
  "train_loss": 0.06769966793123204,
  "val_loss": 0.26959361881017685,
  "train_composite_accuracy": 0.9892885555176725,
  "train_composite_micro_f1": 0.9892885555176725,
  "train_composite_macro_f1": 0.8730434931008211,
  "val_composite_accuracy": 0.9721623718003964,
  "val_composite_micro_f1": 0.9721623718003964,
  "val_composite_macro_f1": 0.8810648537061568,
  "per_word_class_accuracy": {
    "Word Class Noun": 0.9954058192955589,
    "Word Class Adjective": 0.9475524475524476,
    "Word Class Pronoun": 0.9926160337552743,
    "Word Class Number": 1.0,
    "Word Class Verbs": 0.9972914409534128,
    "Word Class Participle": 0.9392265193370166,
    "Word Class Adverb": 0.9916001679966401,
    "Word Class Conjunctions": 0.9957264957264957,
    "Word Class Foreign words": 0.9285714285714286,
    "Word Class Unanalyzed word": 0.0,
    "Word Class Abbreviation": 1.0,
    "Word Class Web email or address": 0.0,
    "Word Class Punctuation": 1.0,
    "Word Class Symbol": 1.0,
    "Word Class R Article": 0.9702970297029703
  },
  "per_word_class_f1": {
    "Word Class Noun": 0.9952153110047847,
    "Word Class Adjective": 0.9609929078014185,
    "Word Class Pronoun": 0.9900052603892688,
    "Word Class Number": 1.0,
    "Word Class Verbs": 0.9978319783197832,
    "Word Class Participle": 0.9392265193370166,
    "Word Class Adverb": 0.9903523489932885,
    "Word Class Conjunctions": 0.9936034115138592,
    "Word Class Foreign words": 0.896551724137931,
    "Word Class Unanalyzed word": 0.0,
    "Word Class Abbreviation": 0.962962962962963,
    "Word Class Web email or address": 0.0,
    "Word Class Punctuation": 1.0,
    "Word Class Symbol": 1.0,
    "Word Class R Article": 0.9751243781094527
  },
  "per_interval_accuracy": {
    "Subcategories": 0.9889753566796369,
    "Gender": 0.9760981912144703,
    "Number": 0.9893682588597843,
    "Case": 0.9808354866494401,
    "Article": 0.9938744257274119,
    "Proper Noun": 0.9938744257274119,
    "Degree": 0.9884862851337622,
    "Declension": 0.9893758300132802,
    "Mood": 0.9875406283856988,
    "Voice": 1.0,
    "Tense": 0.9902491874322861,
    "Person": 0.9881889763779528,
    "Definiteness": 0.9900990099009901
  },
  "per_interval_f1": {
    "Subcategories": 0.9784477053169126,
    "Gender": 0.9766829752778159,
    "Number": 0.9856736883771035,
    "Case": 0.9805971121909902,
    "Article": 0.9933335545272872,
    "Proper Noun": 0.9920396615027576,
    "Degree": 0.7799394129763121,
    "Declension": 0.9796080257927269,
    "Mood": 0.9862569660865811,
    "Voice": 1.0,
    "Tense": 0.9906015000812461,
    "Person": 0.9828026066989971,
    "Definiteness": 0.9881455399061032
  },
  "learning_rate": 1.8e-05
}