{
  "epoch": 2,
  "mode": "multilabel",
  "fold": 5,
  "eval_decoder": "greedy",
  "mbr_threshold": 0.0,
  "train_loss": 0.6927306005701401,
  "val_loss": 0.411647230386734,
  "train_composite_accuracy": 0.9251543136035217,
  "train_composite_micro_f1": 0.9251543136035217,
  "train_composite_macro_f1": 0.5567912864214636,
  "val_composite_accuracy": 0.9520802698728483,
  "val_composite_micro_f1": 0.9520802698728483,
  "val_composite_macro_f1": 0.7504160583137778,
  "per_word_class_accuracy": {
    "Word Class Noun": 0.9931087289433385,
    "Word Class Adjective": 0.9353146853146853,
    "Word Class Pronoun": 0.9852320675105485,
    "Word Class Number": 0.9844961240310077,
    "Word Class Verbs": 0.9967497291440953,
    "Word Class Participle": 0.9005524861878453,
    "Word Class Adverb": 0.989920201595968,
    "Word Class Conjunctions": 0.9948717948717949,
    "Word Class Foreign words": 0.25,
    "Word Class Unanalyzed word": 0.0,
    "Word Class Abbreviation": 0.9230769230769231,
    "Word Class Web email or address": 0.0,
    "Word Class Punctuation": 1.0,
    "Word Class Symbol": 0.0,
    "Word Class R Article": 0.9851485148514851
  },
  "per_word_class_f1": {
    "Word Class Noun": 0.9921591126410403,
    "Word Class Adjective": 0.9402460456942003,
    "Word Class Pronoun": 0.9826407154129406,
    "Word Class Number": 0.9921875,
    "Word Class Verbs": 0.9970197778379842,
    "Word Class Participle": 0.9183098591549296,
    "Word Class Adverb": 0.9874319229157938,
    "Word Class Conjunctions": 0.9923273657289001,
    "Word Class Foreign words": 0.3783783783783784,
    "Word Class Unanalyzed word": 0.0,
    "Word Class Abbreviation": 0.8571428571428571,
    "Word Class Web email or address": 0.0,
    "Word Class Punctuation": 0.9990102276476411,
    "Word Class Symbol": 0.0,
    "Word Class R Article": 0.9683698296836983
  },
  "per_interval_accuracy": {
    "Subcategories": 0.9802204928664072,
    "Gender": 0.962532299741602,
    "Number": 0.9845916795069337,
    "Case": 0.9661929371231697,
    "Article": 0.9873660030627871,
    "Proper Noun": 0.9896630934150077,
    "Degree": 0.9830680663731798,
    "Declension": 0.9814077025232404,
    "Mood": 0.9864572047670639,
    "Voice": 0.9907908992416035,
    "Tense": 0.9897074756229686,
    "Person": 0.9774516821760916,
    "Definiteness": 1.0
  },
  "per_interval_f1": {
    "Subcategories": 0.8928768940289953,
    "Gender": 0.9633036124688149,
    "Number": 0.9798950089411967,
    "Case": 0.935101981197352,
    "Article": 0.9862795887951568,
    "Proper Noun": 0.9866368419107929,
    "Degree": 0.7572330933797,
    "Declension": 0.9500798742684121,
    "Mood": 0.7372381161608815,
    "Voice": 0.924972804972805,
    "Tense": 0.9902232380615456,
    "Person": 0.9105443292040095,
    "Definiteness": 1.0
  },
  "learning_rate": 1.9600000000000002e-05
}