{
  "epoch": 14,
  "mode": "multilabel",
  "fold": 5,
  "eval_decoder": "greedy",
  "mbr_threshold": 0.0,
  "train_loss": 0.038475469375650086,
  "val_loss": 0.2997840911149979,
  "train_composite_accuracy": 0.9931168339329672,
  "train_composite_micro_f1": 0.9931168339329672,
  "train_composite_macro_f1": 0.9164273415282694,
  "val_composite_accuracy": 0.9716501507970702,
  "val_composite_micro_f1": 0.9716501507970702,
  "val_composite_macro_f1": 0.8899536088689664,
  "per_word_class_accuracy": {
    "Word Class Noun": 0.9954058192955589,
    "Word Class Adjective": 0.951048951048951,
    "Word Class Pronoun": 0.990506329113924,
    "Word Class Number": 1.0,
    "Word Class Verbs": 0.9967497291440953,
    "Word Class Participle": 0.9613259668508287,
    "Word Class Adverb": 0.9890802183956321,
    "Word Class Conjunctions": 0.9991452991452991,
    "Word Class Foreign words": 0.9285714285714286,
    "Word Class Unanalyzed word": 0.0,
    "Word Class Abbreviation": 1.0,
    "Word Class Web email or address": 0.0,
    "Word Class Punctuation": 1.0,
    "Word Class Symbol": 1.0,
    "Word Class R Article": 0.9801980198019802
  },
  "per_word_class_f1": {
    "Word Class Noun": 0.9940737908621677,
    "Word Class Adjective": 0.9645390070921986,
    "Word Class Pronoun": 0.9873817034700314,
    "Word Class Number": 1.0,
    "Word Class Verbs": 0.9981014374830485,
    "Word Class Participle": 0.9534246575342465,
    "Word Class Adverb": 0.9913702378446642,
    "Word Class Conjunctions": 0.9953171562366965,
    "Word Class Foreign words": 0.896551724137931,
    "Word Class Unanalyzed word": 0.0,
    "Word Class Abbreviation": 0.962962962962963,
    "Word Class Web email or address": 0.0,
    "Word Class Punctuation": 1.0,
    "Word Class Symbol": 1.0,
    "Word Class R Article": 0.9705882352941178
  },
  "per_interval_accuracy": {
    "Subcategories": 0.9884889753566797,
    "Gender": 0.9776055124892334,
    "Number": 0.989060092449923,
    "Case": 0.9823428079242033,
    "Article": 0.9934915773353752,
    "Proper Noun": 0.9934915773353752,
    "Degree": 0.9888249238062987,
    "Declension": 0.9907038512616202,
    "Mood": 0.9891657638136512,
    "Voice": 0.9994582881906826,
    "Tense": 0.9907908992416035,
    "Person": 0.9881889763779528,
    "Definiteness": 1.0
  },
  "per_interval_f1": {
    "Subcategories": 0.9707097295359769,
    "Gender": 0.977934772712382,
    "Number": 0.985930590221051,
    "Case": 0.9805627810242274,
    "Article": 0.9929152189247452,
    "Proper Noun": 0.9915299871530636,
    "Degree": 0.7800789304719109,
    "Declension": 0.9811177984534033,
    "Mood": 0.9872130211217076,
    "Voice": 0.9961001126023825,
    "Tense": 0.9910613726667238,
    "Person": 0.981407598797932,
    "Definiteness": 1.0
  },
  "learning_rate": 1.72e-05
}