{
  "epoch": 6,
  "mode": "multilabel",
  "fold": 5,
  "eval_decoder": "greedy",
  "mbr_threshold": 0.0,
  "train_loss": 0.15423772779050698,
  "val_loss": 0.26570435613393784,
  "train_composite_accuracy": 0.9786850738626667,
  "train_composite_micro_f1": 0.9786850738626667,
  "train_composite_macro_f1": 0.8154656044513352,
  "val_composite_accuracy": 0.967408173823073,
  "val_composite_micro_f1": 0.967408173823073,
  "val_composite_macro_f1": 0.8546536479295341,
  "per_word_class_accuracy": {
    "Word Class Noun": 0.9942572741194488,
    "Word Class Adjective": 0.9370629370629371,
    "Word Class Pronoun": 0.990506329113924,
    "Word Class Number": 1.0,
    "Word Class Verbs": 0.9978331527627302,
    "Word Class Participle": 0.9060773480662984,
    "Word Class Adverb": 0.989920201595968,
    "Word Class Conjunctions": 0.9965811965811966,
    "Word Class Foreign words": 0.9285714285714286,
    "Word Class Unanalyzed word": 0.0,
    "Word Class Abbreviation": 1.0,
    "Word Class Web email or address": 0.0,
    "Word Class Punctuation": 1.0,
    "Word Class Symbol": 0.8333333333333334,
    "Word Class R Article": 0.9554455445544554
  },
  "per_word_class_f1": {
    "Word Class Noun": 0.9934965570007652,
    "Word Class Adjective": 0.9511978704525289,
    "Word Class Pronoun": 0.9873817034700314,
    "Word Class Number": 0.9961389961389961,
    "Word Class Verbs": 0.9981034949878083,
    "Word Class Participle": 0.9187675070028012,
    "Word Class Adverb": 0.9892969569779643,
    "Word Class Conjunctions": 0.9923404255319149,
    "Word Class Foreign words": 0.896551724137931,
    "Word Class Unanalyzed word": 0.0,
    "Word Class Abbreviation": 0.962962962962963,
    "Word Class Web email or address": 0.0,
    "Word Class Punctuation": 1.0,
    "Word Class Symbol": 0.9090909090909091,
    "Word Class R Article": 0.9625935162094762
  },
  "per_interval_accuracy": {
    "Subcategories": 0.9878404669260701,
    "Gender": 0.970714900947459,
    "Number": 0.9878274268104776,
    "Case": 0.9812661498708011,
    "Article": 0.9904287901990811,
    "Proper Noun": 0.9915773353751914,
    "Degree": 0.985777175753471,
    "Declension": 0.9920318725099602,
    "Mood": 0.9891657638136512,
    "Voice": 1.0,
    "Tense": 0.9907908992416035,
    "Person": 0.9889047959914101,
    "Definiteness": 0.995049504950495
  },
  "per_interval_f1": {
    "Subcategories": 0.9779744037474409,
    "Gender": 0.9724452278369937,
    "Number": 0.984427909468812,
    "Case": 0.9816133035905615,
    "Article": 0.9896008758833483,
    "Proper Noun": 0.989096073113843,
    "Degree": 0.7760678576134883,
    "Declension": 0.985519077245696,
    "Mood": 0.9879913074335698,
    "Voice": 1.0,
    "Tense": 0.9914346859423185,
    "Person": 0.9845424703119422,
    "Definiteness": 0.9940439333628188
  },
  "learning_rate": 1.88e-05
}