{
  "model": "tnt",
  "fold": 8,
  "ood_data_path": "data/OOD-BRAGD.json",
  "num_sentences": 500,
  "composite_accuracy": 0.7489221925682611,
  "composite_micro_f1": 0.8994082840236687,
  "composite_macro_f1": 0.6298946371115575,
  "word_class_accuracy": 0.9794132149901381,
  "word_class_macro_f1": 0.8916325995370086,
  "per_word_class_accuracy": {
    "Word Class Noun": 0.9908561928512053,
    "Word Class Adjective": 0.918854415274463,
    "Word Class Pronoun": 0.9719101123595506,
    "Word Class Number": 0.9859154929577465,
    "Word Class Verbs": 0.9905956112852664,
    "Word Class Participle": 0.8383838383838383,
    "Word Class Adverb": 0.9752947782144863,
    "Word Class Conjunctions": 0.989406779661017,
    "Word Class Foreign words": 0.0,
    "Word Class Unanalyzed word": 0.0,
    "Word Class Abbreviation": 1.0,
    "Word Class Web email or address": 0.0,
    "Word Class Punctuation": 1.0,
    "Word Class Symbol": 1.0,
    "Word Class R Article": 0.8860759493670886
  },
  "per_word_class_f1": {
    "Word Class Noun": 0.9904445367677608,
    "Word Class Adjective": 0.9378806333739342,
    "Word Class Pronoun": 0.9705469845722301,
    "Word Class Number": 0.9893992932862191,
    "Word Class Verbs": 0.984423676012461,
    "Word Class Participle": 0.8601036269430052,
    "Word Class Adverb": 0.9780405405405406,
    "Word Class Conjunctions": 0.9800629590766002,
    "Word Class Foreign words": 0.0,
    "Word Class Unanalyzed word": 0.0,
    "Word Class Abbreviation": 1.0,
    "Word Class Web email or address": 0.0,
    "Word Class Punctuation": 1.0,
    "Word Class Symbol": 1.0,
    "Word Class R Article": 0.9003215434083601
  }
}