{
  "model": "tnt",
  "fold": 8,
  "val_composite_accuracy": 0.8559759243336199,
  "val_composite_micro_f1": 0.926046511627907,
  "val_composite_macro_f1": 0.7275514150619355,
  "per_word_class_accuracy": {
    "Word Class Noun": 0.99573055028463,
    "Word Class Adjective": 0.953125,
    "Word Class Pronoun": 0.9771428571428571,
    "Word Class Number": 0.95,
    "Word Class Verbs": 0.996080627099664,
    "Word Class Participle": 0.8767123287671232,
    "Word Class Adverb": 0.9834566826295168,
    "Word Class Conjunctions": 0.9898132427843803,
    "Word Class Foreign words": 1.0,
    "Word Class Unanalyzed word": 0.0,
    "Word Class Abbreviation": 1.0,
    "Word Class Web email or address": 0.0,
    "Word Class Punctuation": 1.0,
    "Word Class Symbol": 1.0,
    "Word Class R Article": 0.9353448275862069
  },
  "per_word_class_f1": {
    "Word Class Noun": 0.9971496437054631,
    "Word Class Adjective": 0.9573991031390134,
    "Word Class Pronoun": 0.9760273972602741,
    "Word Class Number": 0.9743589743589743,
    "Word Class Verbs": 0.9908103592314118,
    "Word Class Participle": 0.9078014184397163,
    "Word Class Adverb": 0.9849574885546108,
    "Word Class Conjunctions": 0.9868810833685993,
    "Word Class Foreign words": 0.6666666666666666,
    "Word Class Unanalyzed word": 0.0,
    "Word Class Abbreviation": 1.0,
    "Word Class Web email or address": 0.0,
    "Word Class Punctuation": 1.0,
    "Word Class Symbol": 1.0,
    "Word Class R Article": 0.9253731343283582
  },
  "per_interval_accuracy": {
    "Subcategories": 0.9654714475431607,
    "Gender": 0.9478458049886621,
    "Number": 0.9706342311033883,
    "Case": 0.9070294784580499,
    "Article": 0.9952561669829222,
    "Proper Noun": 0.9900379506641366,
    "Degree": 0.9814207650273225,
    "Declension": 0.9242424242424242,
    "Mood": 0.9692049272116461,
    "Voice": 0.996080627099664,
    "Tense": 0.9686450167973124,
    "Person": 0.9650507328072153,
    "Definiteness": 0.9353448275862069
  },
  "per_interval_f1": {
    "Subcategories": 0.8938059565199279,
    "Gender": 0.7654143812448408,
    "Number": 0.7228547742407427,
    "Case": 0.7771106839261894,
    "Article": 0.665122324167066,
    "Proper Noun": 0.6609298605846955,
    "Degree": 0.781365998595007,
    "Declension": 0.7214766675866313,
    "Mood": 0.5797163407617155,
    "Voice": 0.6659873847646773,
    "Tense": 0.7297198240948646,
    "Person": 0.7516029502110282,
    "Definiteness": 0.6322985957132299
  }
}