{
  "epoch": 2,
  "mode": "multilabel",
  "fold": 9,
  "eval_decoder": "greedy",
  "mbr_threshold": 0.0,
  "train_loss": 0.29879033909310765,
  "val_loss": 0.28867419958114626,
  "train_composite_accuracy": 0.9525993012835118,
  "train_composite_micro_f1": 0.9525993012835118,
  "train_composite_macro_f1": 0.6690613424546586,
  "val_composite_accuracy": 0.9612241349330551,
  "val_composite_micro_f1": 0.9612241349330551,
  "val_composite_macro_f1": 0.79533218311148,
  "per_word_class_accuracy": {
    "Word Class Noun": 0.9946564885496183,
    "Word Class Adjective": 0.9437609841827768,
    "Word Class Pronoun": 0.9834983498349835,
    "Word Class Number": 0.9854014598540146,
    "Word Class Verbs": 0.9983757444504602,
    "Word Class Participle": 0.9388888888888889,
    "Word Class Adverb": 0.991799741044454,
    "Word Class Conjunctions": 0.9949832775919732,
    "Word Class Foreign words": 0.4375,
    "Word Class Unanalyzed word": 0.0,
    "Word Class Abbreviation": 0.75,
    "Word Class Web email or address": 0.0,
    "Word Class Punctuation": 1.0,
    "Word Class Symbol": 0.25,
    "Word Class R Article": 0.9354838709677419
  },
  "per_word_class_f1": {
    "Word Class Noun": 0.9938977879481312,
    "Word Class Adjective": 0.9487632508833922,
    "Word Class Pronoun": 0.9759825327510918,
    "Word Class Number": 0.9854014598540146,
    "Word Class Verbs": 0.9970262233035955,
    "Word Class Participle": 0.9337016574585635,
    "Word Class Adverb": 0.9883870967741935,
    "Word Class Conjunctions": 0.9941520467836257,
    "Word Class Foreign words": 0.6086956521739131,
    "Word Class Unanalyzed word": 0.0,
    "Word Class Abbreviation": 0.8372093023255814,
    "Word Class Web email or address": 0.0,
    "Word Class Punctuation": 0.9989963198394112,
    "Word Class Symbol": 0.4,
    "Word Class R Article": 0.9456521739130435
  },
  "per_interval_accuracy": {
    "Subcategories": 0.9843647136273864,
    "Gender": 0.9687024559878288,
    "Number": 0.9885235732009926,
    "Case": 0.9758748098239514,
    "Article": 0.9942748091603053,
    "Proper Noun": 0.9862595419847329,
    "Degree": 0.9830214830214831,
    "Declension": 0.9853137516688919,
    "Mood": 0.9924201407688142,
    "Voice": 0.9978343259339469,
    "Tense": 0.9929615592853276,
    "Person": 0.9880261248185777,
    "Definiteness": 0.9623655913978495
  },
  "per_interval_f1": {
    "Subcategories": 0.9574139706084289,
    "Gender": 0.9704627153088071,
    "Number": 0.9855894148578382,
    "Case": 0.9747728292830111,
    "Article": 0.9939029980959668,
    "Proper Noun": 0.9824553571428571,
    "Degree": 0.9560828728344203,
    "Declension": 0.9670898894151859,
    "Mood": 0.7448030036861328,
    "Voice": 0.9857376720050655,
    "Tense": 0.9920169074144165,
    "Person": 0.9521607669982085,
    "Definiteness": 0.9563599798893916
  },
  "learning_rate": 1.9600000000000002e-05
}