{
  "epoch": 12,
  "mode": "multilabel",
  "fold": 9,
  "eval_decoder": "greedy",
  "mbr_threshold": 0.0,
  "train_loss": 0.029228580180213962,
  "val_loss": 0.25987664982676506,
  "train_composite_accuracy": 0.9938719927371765,
  "train_composite_micro_f1": 0.9938719927371765,
  "train_composite_macro_f1": 0.9617444393912554,
  "val_composite_accuracy": 0.9736979166666667,
  "val_composite_micro_f1": 0.9736979166666667,
  "val_composite_macro_f1": 0.8765812170021964,
  "per_word_class_accuracy": {
    "Word Class Noun": 0.9969465648854962,
    "Word Class Adjective": 0.9560632688927944,
    "Word Class Pronoun": 0.9790979097909791,
    "Word Class Number": 0.9854014598540146,
    "Word Class Verbs": 0.9983757444504602,
    "Word Class Participle": 0.9666666666666667,
    "Word Class Adverb": 0.9909365558912386,
    "Word Class Conjunctions": 0.995819397993311,
    "Word Class Foreign words": 0.75,
    "Word Class Unanalyzed word": 0.0,
    "Word Class Abbreviation": 0.9166666666666666,
    "Word Class Web email or address": 0.0,
    "Word Class Punctuation": 1.0,
    "Word Class Symbol": 0.75,
    "Word Class R Article": 0.978494623655914
  },
  "per_word_class_f1": {
    "Word Class Noun": 0.9958063286313381,
    "Word Class Adjective": 0.9577464788732395,
    "Word Class Pronoun": 0.9850581073602657,
    "Word Class Number": 0.9926470588235294,
    "Word Class Verbs": 0.998105548037889,
    "Word Class Participle": 0.9534246575342465,
    "Word Class Adverb": 0.9902954496441664,
    "Word Class Conjunctions": 0.994572025052192,
    "Word Class Foreign words": 0.8571428571428571,
    "Word Class Unanalyzed word": 0.0,
    "Word Class Abbreviation": 0.9166666666666666,
    "Word Class Web email or address": 0.0,
    "Word Class Punctuation": 0.9996652159357214,
    "Word Class Symbol": 0.8571428571428571,
    "Word Class R Article": 0.9528795811518325
  },
  "per_interval_accuracy": {
    "Subcategories": 0.9861751152073732,
    "Gender": 0.9789176266029124,
    "Number": 0.9928660049627791,
    "Case": 0.9830471636600739,
    "Article": 0.9965648854961832,
    "Proper Noun": 0.9935114503816794,
    "Degree": 0.9885654885654885,
    "Declension": 0.986648865153538,
    "Mood": 0.9951272333513806,
    "Voice": 0.9994585814834868,
    "Tense": 0.9956686518678939,
    "Person": 0.989477503628447,
    "Definiteness": 0.9838709677419355
  },
  "per_interval_f1": {
    "Subcategories": 0.9677132541800936,
    "Gender": 0.9808346201972009,
    "Number": 0.9912705854284072,
    "Case": 0.9865950317462534,
    "Article": 0.9963358778625954,
    "Proper Noun": 0.9916885478303172,
    "Degree": 0.9830800955629272,
    "Declension": 0.9721401186320291,
    "Mood": 0.9126123375536731,
    "Voice": 0.9965032515784591,
    "Tense": 0.9948349265979753,
    "Person": 0.9776223416795993,
    "Definiteness": 0.9809341579253084
  },
  "learning_rate": 1.76e-05
}