{
  "epoch": 9,
  "mode": "multilabel",
  "fold": 9,
  "eval_decoder": "greedy",
  "mbr_threshold": 0.0,
  "train_loss": 0.04626734867648613,
  "val_loss": 0.24854715466499328,
  "train_composite_accuracy": 0.9907677172802604,
  "train_composite_micro_f1": 0.9907677172802604,
  "train_composite_macro_f1": 0.9140914287103415,
  "val_composite_accuracy": 0.9721136304404483,
  "val_composite_micro_f1": 0.9721136304404483,
  "val_composite_macro_f1": 0.8722477153867466,
  "per_word_class_accuracy": {
    "Word Class Noun": 0.9958015267175573,
    "Word Class Adjective": 0.9367311072056239,
    "Word Class Pronoun": 0.9834983498349835,
    "Word Class Number": 0.9854014598540146,
    "Word Class Verbs": 0.9989171629669734,
    "Word Class Participle": 0.9777777777777777,
    "Word Class Adverb": 0.9883470004315926,
    "Word Class Conjunctions": 0.9983277591973244,
    "Word Class Foreign words": 0.8541666666666666,
    "Word Class Unanalyzed word": 0.0,
    "Word Class Abbreviation": 0.9166666666666666,
    "Word Class Web email or address": 0.0,
    "Word Class Punctuation": 1.0,
    "Word Class Symbol": 0.75,
    "Word Class R Article": 0.9731182795698925
  },
  "per_word_class_f1": {
    "Word Class Noun": 0.9959916014506585,
    "Word Class Adjective": 0.9483985765124555,
    "Word Class Pronoun": 0.9856670341786108,
    "Word Class Number": 0.9854014598540146,
    "Word Class Verbs": 0.997836668469443,
    "Word Class Participle": 0.9336870026525198,
    "Word Class Adverb": 0.990484429065744,
    "Word Class Conjunctions": 0.994585589337776,
    "Word Class Foreign words": 0.9010989010989011,
    "Word Class Unanalyzed word": 0.0,
    "Word Class Abbreviation": 0.9166666666666666,
    "Word Class Web email or address": 0.0,
    "Word Class Punctuation": 0.9996652159357214,
    "Word Class Symbol": 0.8571428571428571,
    "Word Class R Article": 0.9602122015915119
  },
  "per_interval_accuracy": {
    "Subcategories": 0.9869980250164582,
    "Gender": 0.9758748098239514,
    "Number": 0.9922456575682382,
    "Case": 0.9819604433818735,
    "Article": 0.9950381679389313,
    "Proper Noun": 0.9919847328244275,
    "Degree": 0.9875259875259875,
    "Declension": 0.986648865153538,
    "Mood": 0.9956686518678939,
    "Voice": 0.9994585814834868,
    "Tense": 0.9945858148348673,
    "Person": 0.9909288824383164,
    "Definiteness": 0.978494623655914
  },
  "per_interval_f1": {
    "Subcategories": 0.9690410604868381,
    "Gender": 0.9772516472000267,
    "Number": 0.990301590440473,
    "Case": 0.9840610785673137,
    "Article": 0.9947116720044207,
    "Proper Noun": 0.9897609759193116,
    "Degree": 0.9785497734723347,
    "Declension": 0.9728140026875739,
    "Mood": 0.9462839393995196,
    "Voice": 0.9965032515784591,
    "Tense": 0.9948218229019323,
    "Person": 0.9807245683459871,
    "Definiteness": 0.974704202366381
  },
  "learning_rate": 1.8200000000000002e-05
}