{
  "epoch": 7,
  "mode": "multilabel",
  "fold": 9,
  "eval_decoder": "greedy",
  "mbr_threshold": 0.0,
  "train_loss": 0.06133129275939393,
  "val_loss": 0.23559360355138778,
  "train_composite_accuracy": 0.9877866495118444,
  "train_composite_micro_f1": 0.9877866495118444,
  "train_composite_macro_f1": 0.8851228659847383,
  "val_composite_accuracy": 0.970664815136261,
  "val_composite_micro_f1": 0.970664815136261,
  "val_composite_macro_f1": 0.8708722588474566,
  "per_word_class_accuracy": {
    "Word Class Noun": 0.9961832061068703,
    "Word Class Adjective": 0.9560632688927944,
    "Word Class Pronoun": 0.9823982398239824,
    "Word Class Number": 0.9854014598540146,
    "Word Class Verbs": 0.9983757444504602,
    "Word Class Participle": 0.9388888888888889,
    "Word Class Adverb": 0.9887785930082003,
    "Word Class Conjunctions": 0.9974916387959866,
    "Word Class Foreign words": 0.8333333333333334,
    "Word Class Unanalyzed word": 0.0,
    "Word Class Abbreviation": 0.875,
    "Word Class Web email or address": 0.0,
    "Word Class Punctuation": 1.0,
    "Word Class Symbol": 0.75,
    "Word Class R Article": 0.967741935483871
  },
  "per_word_class_f1": {
    "Word Class Noun": 0.9959931310818545,
    "Word Class Adjective": 0.9493891797556719,
    "Word Class Pronoun": 0.9872857932559426,
    "Word Class Number": 0.989010989010989,
    "Word Class Verbs": 0.998105548037889,
    "Word Class Participle": 0.9415041782729804,
    "Word Class Adverb": 0.9896328293736502,
    "Word Class Conjunctions": 0.9941666666666665,
    "Word Class Foreign words": 0.8988764044943819,
    "Word Class Unanalyzed word": 0.0,
    "Word Class Abbreviation": 0.8571428571428572,
    "Word Class Web email or address": 0.0,
    "Word Class Punctuation": 0.9996652159357214,
    "Word Class Symbol": 0.8571428571428571,
    "Word Class R Article": 0.9574468085106383
  },
  "per_interval_accuracy": {
    "Subcategories": 0.9853522053982884,
    "Gender": 0.9771788741577918,
    "Number": 0.9914702233250621,
    "Case": 0.9819604433818735,
    "Article": 0.9950381679389313,
    "Proper Noun": 0.9927480916030534,
    "Degree": 0.9885654885654885,
    "Declension": 0.9879839786381842,
    "Mood": 0.9956686518678939,
    "Voice": 0.9994585814834868,
    "Tense": 0.9940443963183541,
    "Person": 0.9898403483309144,
    "Definiteness": 0.978494623655914
  },
  "per_interval_f1": {
    "Subcategories": 0.9676006700567725,
    "Gender": 0.9791953993210294,
    "Number": 0.9894734134499853,
    "Case": 0.9856046350727814,
    "Article": 0.994709529727519,
    "Proper Noun": 0.9907107299280016,
    "Degree": 0.9829538870522476,
    "Declension": 0.978555085822071,
    "Mood": 0.973886529135984,
    "Voice": 0.9965032515784591,
    "Tense": 0.9939986996075989,
    "Person": 0.9785696467988093,
    "Definiteness": 0.974704202366381
  },
  "learning_rate": 1.86e-05
}