{
  "epoch": 8,
  "mode": "multilabel",
  "fold": 9,
  "eval_decoder": "greedy",
  "mbr_threshold": 0.0,
  "train_loss": 0.050779670678903356,
  "val_loss": 0.2426687851548195,
  "train_composite_accuracy": 0.9898119418798245,
  "train_composite_micro_f1": 0.9898119418798245,
  "train_composite_macro_f1": 0.910251166487133,
  "val_composite_accuracy": 0.9716096544538982,
  "val_composite_micro_f1": 0.9716096544538982,
  "val_composite_macro_f1": 0.8763234920364885,
  "per_word_class_accuracy": {
    "Word Class Noun": 0.9973282442748092,
    "Word Class Adjective": 0.9490333919156415,
    "Word Class Pronoun": 0.9812981298129813,
    "Word Class Number": 0.9854014598540146,
    "Word Class Verbs": 0.9989171629669734,
    "Word Class Participle": 0.9666666666666667,
    "Word Class Adverb": 0.9922313336210618,
    "Word Class Conjunctions": 0.9974916387959866,
    "Word Class Foreign words": 0.75,
    "Word Class Unanalyzed word": 0.0,
    "Word Class Abbreviation": 0.9166666666666666,
    "Word Class Web email or address": 0.0,
    "Word Class Punctuation": 1.0,
    "Word Class Symbol": 0.75,
    "Word Class R Article": 0.9731182795698925
  },
  "per_word_class_f1": {
    "Word Class Noun": 0.9959977129788451,
    "Word Class Adjective": 0.9565987599645706,
    "Word Class Pronoun": 0.9867256637168141,
    "Word Class Number": 0.9926470588235294,
    "Word Class Verbs": 0.9981065728969434,
    "Word Class Participle": 0.9508196721311476,
    "Word Class Adverb": 0.9907347554406378,
    "Word Class Conjunctions": 0.9954109303295785,
    "Word Class Foreign words": 0.8571428571428571,
    "Word Class Unanalyzed word": 0.0,
    "Word Class Abbreviation": 0.9166666666666666,
    "Word Class Web email or address": 0.0,
    "Word Class Punctuation": 0.9996652159357214,
    "Word Class Symbol": 0.8571428571428571,
    "Word Class R Article": 0.9576719576719576
  },
  "per_interval_accuracy": {
    "Subcategories": 0.9868334430546412,
    "Gender": 0.9754401217126711,
    "Number": 0.9924007444168734,
    "Case": 0.9784829384916323,
    "Article": 0.9958015267175573,
    "Proper Noun": 0.9931297709923664,
    "Degree": 0.9913374913374914,
    "Declension": 0.986648865153538,
    "Mood": 0.9951272333513806,
    "Voice": 0.9989171629669734,
    "Tense": 0.9956686518678939,
    "Person": 0.9905660377358491,
    "Definiteness": 0.978494623655914
  },
  "per_interval_f1": {
    "Subcategories": 0.971516929758795,
    "Gender": 0.9771784641451831,
    "Number": 0.9905341298323617,
    "Case": 0.9774616226065513,
    "Article": 0.9955252609268175,
    "Proper Noun": 0.9911956054197433,
    "Degree": 0.9884883184291117,
    "Declension": 0.9721401186320291,
    "Mood": 0.8722122672349082,
    "Voice": 0.993051166290444,
    "Tense": 0.9948349265979753,
    "Person": 0.9736104320987702,
    "Definiteness": 0.974704202366381
  },
  "learning_rate": 1.8400000000000003e-05
}