{
  "epoch": 5,
  "mode": "multilabel",
  "fold": 9,
  "eval_decoder": "greedy",
  "mbr_threshold": 0.0,
  "train_loss": 0.09604141510903748,
  "val_loss": 0.22437412589788436,
  "train_composite_accuracy": 0.9820945242556736,
  "train_composite_micro_f1": 0.9820945242556736,
  "train_composite_macro_f1": 0.8414405016237773,
  "val_composite_accuracy": 0.9701362965535203,
  "val_composite_micro_f1": 0.9701362965535203,
  "val_composite_macro_f1": 0.8548988544932722,
  "per_word_class_accuracy": {
    "Word Class Noun": 0.9965648854961832,
    "Word Class Adjective": 0.9525483304042179,
    "Word Class Pronoun": 0.9790979097909791,
    "Word Class Number": 0.9854014598540146,
    "Word Class Verbs": 0.9994585814834868,
    "Word Class Participle": 0.95,
    "Word Class Adverb": 0.9883470004315926,
    "Word Class Conjunctions": 0.9983277591973244,
    "Word Class Foreign words": 0.8125,
    "Word Class Unanalyzed word": 0.0,
    "Word Class Abbreviation": 0.875,
    "Word Class Web email or address": 0.0,
    "Word Class Punctuation": 1.0,
    "Word Class Symbol": 0.25,
    "Word Class R Article": 0.978494623655914
  },
  "per_word_class_f1": {
    "Word Class Noun": 0.9961846623426173,
    "Word Class Adjective": 0.9517120280948201,
    "Word Class Pronoun": 0.9856035437430786,
    "Word Class Number": 0.989010989010989,
    "Word Class Verbs": 0.9986475520692454,
    "Word Class Participle": 0.9473684210526315,
    "Word Class Adverb": 0.9894145603802117,
    "Word Class Conjunctions": 0.9933444259567388,
    "Word Class Foreign words": 0.896551724137931,
    "Word Class Unanalyzed word": 0.0,
    "Word Class Abbreviation": 0.8571428571428572,
    "Word Class Web email or address": 0.0,
    "Word Class Punctuation": 0.9989963198394112,
    "Word Class Symbol": 0.4,
    "Word Class R Article": 0.9578947368421052
  },
  "per_interval_accuracy": {
    "Subcategories": 0.9861751152073732,
    "Gender": 0.975222777657031,
    "Number": 0.9906947890818859,
    "Case": 0.9808737231036732,
    "Article": 0.9946564885496183,
    "Proper Noun": 0.9935114503816794,
    "Degree": 0.9857934857934858,
    "Declension": 0.9893190921228304,
    "Mood": 0.9945858148348673,
    "Voice": 0.9994585814834868,
    "Tense": 0.9956686518678939,
    "Person": 0.988388969521045,
    "Definiteness": 0.978494623655914
  },
  "per_interval_f1": {
    "Subcategories": 0.9677235006889671,
    "Gender": 0.9766411526873394,
    "Number": 0.988449146870321,
    "Case": 0.9822805753010806,
    "Article": 0.9943060277247396,
    "Proper Noun": 0.9916885478303172,
    "Degree": 0.9736575773211295,
    "Declension": 0.980427744998101,
    "Mood": 0.870841580013046,
    "Voice": 0.9965032515784591,
    "Tense": 0.995162514252146,
    "Person": 0.9648741587455769,
    "Definiteness": 0.974704202366381
  },
  "learning_rate": 1.9e-05
}