{
  "epoch": 3,
  "mode": "multilabel",
  "fold": 9,
  "eval_decoder": "greedy",
  "mbr_threshold": 0.0,
  "train_loss": 0.18159413361024473,
  "val_loss": 0.24494725167751313,
  "train_composite_accuracy": 0.9691011768273039,
  "train_composite_micro_f1": 0.9691011768273039,
  "train_composite_macro_f1": 0.7534703184407449,
  "val_composite_accuracy": 0.9656160458452722,
  "val_composite_micro_f1": 0.9656160458452722,
  "val_composite_macro_f1": 0.8186919684505403,
  "per_word_class_accuracy": {
    "Word Class Noun": 0.9958015267175573,
    "Word Class Adjective": 0.9595782073813708,
    "Word Class Pronoun": 0.9801980198019802,
    "Word Class Number": 0.9854014598540146,
    "Word Class Verbs": 0.9978343259339469,
    "Word Class Participle": 0.9166666666666666,
    "Word Class Adverb": 0.9900733707380233,
    "Word Class Conjunctions": 0.9949832775919732,
    "Word Class Foreign words": 0.7291666666666666,
    "Word Class Unanalyzed word": 0.0,
    "Word Class Abbreviation": 0.8333333333333334,
    "Word Class Web email or address": 0.0,
    "Word Class Punctuation": 1.0,
    "Word Class Symbol": 0.25,
    "Word Class R Article": 0.967741935483871
  },
  "per_word_class_f1": {
    "Word Class Noun": 0.995231737554835,
    "Word Class Adjective": 0.9487402258905299,
    "Word Class Pronoun": 0.9850746268656716,
    "Word Class Number": 0.9818181818181817,
    "Word Class Verbs": 0.9975642760487144,
    "Word Class Participle": 0.9295774647887323,
    "Word Class Adverb": 0.9894328229458701,
    "Word Class Conjunctions": 0.9937369519832986,
    "Word Class Foreign words": 0.8235294117647058,
    "Word Class Unanalyzed word": 0.0,
    "Word Class Abbreviation": 0.851063829787234,
    "Word Class Web email or address": 0.0,
    "Word Class Punctuation": 0.9989963198394112,
    "Word Class Symbol": 0.4,
    "Word Class R Article": 0.96
  },
  "per_interval_accuracy": {
    "Subcategories": 0.9850230414746544,
    "Gender": 0.9691371440991089,
    "Number": 0.989454094292804,
    "Case": 0.9789176266029124,
    "Article": 0.9942748091603053,
    "Proper Noun": 0.9904580152671756,
    "Degree": 0.9861399861399861,
    "Declension": 0.9879839786381842,
    "Mood": 0.9935029778018408,
    "Voice": 0.9989171629669734,
    "Tense": 0.9935029778018408,
    "Person": 0.9880261248185777,
    "Definiteness": 0.978494623655914
  },
  "per_interval_f1": {
    "Subcategories": 0.9673873538964473,
    "Gender": 0.9710061206129572,
    "Number": 0.9868858640187005,
    "Case": 0.9784040939089685,
    "Article": 0.9939029980959668,
    "Proper Noun": 0.9877772762210548,
    "Degree": 0.9691504188373479,
    "Declension": 0.9791680002148598,
    "Mood": 0.8692824173301843,
    "Voice": 0.9929612353470222,
    "Tense": 0.9931331466401444,
    "Person": 0.9693870715697375,
    "Definiteness": 0.974704202366381
  },
  "learning_rate": 1.94e-05
}