{
  "epoch": 11,
  "mode": "multilabel",
  "fold": 9,
  "eval_decoder": "greedy",
  "mbr_threshold": 0.0,
  "train_loss": 0.028830133287000213,
  "val_loss": 0.26670236587524415,
  "train_composite_accuracy": 0.9935407603555891,
  "train_composite_micro_f1": 0.9935407603555891,
  "train_composite_macro_f1": 0.9475312944787952,
  "val_composite_accuracy": 0.9742232251345253,
  "val_composite_micro_f1": 0.9742232251345253,
  "val_composite_macro_f1": 0.884367746252496,
  "per_word_class_accuracy": {
    "Word Class Noun": 0.9977099236641221,
    "Word Class Adjective": 0.9560632688927944,
    "Word Class Pronoun": 0.9812981298129813,
    "Word Class Number": 0.9854014598540146,
    "Word Class Verbs": 0.9989171629669734,
    "Word Class Participle": 0.95,
    "Word Class Adverb": 0.9913681484678464,
    "Word Class Conjunctions": 0.9966555183946488,
    "Word Class Foreign words": 0.8333333333333334,
    "Word Class Unanalyzed word": 0.0,
    "Word Class Abbreviation": 0.9166666666666666,
    "Word Class Web email or address": 0.0,
    "Word Class Punctuation": 1.0,
    "Word Class Symbol": 0.75,
    "Word Class R Article": 0.967741935483871
  },
  "per_word_class_f1": {
    "Word Class Noun": 0.9967588179218304,
    "Word Class Adjective": 0.9552238805970148,
    "Word Class Pronoun": 0.9867256637168141,
    "Word Class Number": 0.9926470588235294,
    "Word Class Verbs": 0.997836668469443,
    "Word Class Participle": 0.957983193277311,
    "Word Class Adverb": 0.9898728722258133,
    "Word Class Conjunctions": 0.9945765540258656,
    "Word Class Foreign words": 0.9090909090909091,
    "Word Class Unanalyzed word": 0.0,
    "Word Class Abbreviation": 0.9565217391304348,
    "Word Class Web email or address": 0.0,
    "Word Class Punctuation": 0.9996652159357214,
    "Word Class Symbol": 0.8571428571428571,
    "Word Class R Article": 0.9574468085106383
  },
  "per_interval_accuracy": {
    "Subcategories": 0.9869980250164582,
    "Gender": 0.9767441860465116,
    "Number": 0.9917803970223326,
    "Case": 0.9830471636600739,
    "Article": 0.9969465648854962,
    "Proper Noun": 0.9927480916030534,
    "Degree": 0.9902979902979903,
    "Declension": 0.9839786381842457,
    "Mood": 0.9945858148348673,
    "Voice": 0.9994585814834868,
    "Tense": 0.9956686518678939,
    "Person": 0.9887518142235123,
    "Definiteness": 0.9838709677419355
  },
  "per_interval_f1": {
    "Subcategories": 0.9694143206456979,
    "Gender": 0.9782837271085619,
    "Number": 0.9893785400771078,
    "Case": 0.982574589064267,
    "Article": 0.9967436649057186,
    "Proper Noun": 0.9907192229353394,
    "Degree": 0.986793197829311,
    "Declension": 0.9695943220514359,
    "Mood": 0.9451709164561697,
    "Voice": 0.9965032515784591,
    "Tense": 0.9958295935469668,
    "Person": 0.9715918928756089,
    "Definiteness": 0.9809341579253084
  },
  "learning_rate": 1.7800000000000002e-05
}