{
  "epoch": 1,
  "mode": "multilabel",
  "fold": 9,
  "eval_decoder": "greedy",
  "mbr_threshold": 0.0,
  "train_loss": 1.3380161459399103,
  "val_loss": 0.4379568248987198,
  "train_composite_accuracy": 0.8323517747372595,
  "train_composite_micro_f1": 0.8323517747372596,
  "train_composite_macro_f1": 0.4200629329331077,
  "val_composite_accuracy": 0.9483539453056958,
  "val_composite_micro_f1": 0.948353945305696,
  "val_composite_macro_f1": 0.733160539236516,
  "per_word_class_accuracy": {
    "Word Class Noun": 0.9950381679389313,
    "Word Class Adjective": 0.8875219683655536,
    "Word Class Pronoun": 0.9801980198019802,
    "Word Class Number": 0.9854014598540146,
    "Word Class Verbs": 0.9983757444504602,
    "Word Class Participle": 0.9555555555555556,
    "Word Class Adverb": 0.9861890375485541,
    "Word Class Conjunctions": 0.995819397993311,
    "Word Class Foreign words": 0.0,
    "Word Class Unanalyzed word": 0.0,
    "Word Class Abbreviation": 0.4166666666666667,
    "Word Class Web email or address": 0.0,
    "Word Class Punctuation": 1.0,
    "Word Class Symbol": 0.0,
    "Word Class R Article": 0.9408602150537635
  },
  "per_word_class_f1": {
    "Word Class Noun": 0.9893738140417457,
    "Word Class Adjective": 0.9198542805100183,
    "Word Class Pronoun": 0.9753694581280787,
    "Word Class Number": 0.971223021582734,
    "Word Class Verbs": 0.9954116059379217,
    "Word Class Participle": 0.9052631578947369,
    "Word Class Adverb": 0.9821620459918332,
    "Word Class Conjunctions": 0.9916736053288925,
    "Word Class Foreign words": 0.0,
    "Word Class Unanalyzed word": 0.0,
    "Word Class Abbreviation": 0.5882352941176471,
    "Word Class Web email or address": 0.0,
    "Word Class Punctuation": 0.999330655957162,
    "Word Class Symbol": 0.0,
    "Word Class R Article": 0.9358288770053476
  },
  "per_interval_accuracy": {
    "Subcategories": 0.9738314680710994,
    "Gender": 0.9580525972614649,
    "Number": 0.987437965260546,
    "Case": 0.9726146489893501,
    "Article": 0.9931297709923664,
    "Proper Noun": 0.9854961832061069,
    "Degree": 0.9753984753984754,
    "Declension": 0.9799732977303071,
    "Mood": 0.9935029778018408,
    "Voice": 0.9880887926367081,
    "Tense": 0.9945858148348673,
    "Person": 0.9858490566037735,
    "Definiteness": 0.978494623655914
  },
  "per_interval_f1": {
    "Subcategories": 0.8949373240630096,
    "Gender": 0.9601674165528912,
    "Number": 0.9846980867743819,
    "Case": 0.9638519603450713,
    "Article": 0.9926672674656173,
    "Proper Noun": 0.9814806547619046,
    "Degree": 0.9394636136723481,
    "Declension": 0.9570158529634268,
    "Mood": 0.7468341809259275,
    "Voice": 0.9109778112731353,
    "Tense": 0.9946544615234275,
    "Person": 0.9025626082970133,
    "Definiteness": 0.974704202366381
  },
  "learning_rate": 1.98e-05
}