{
  "epoch": 13,
  "mode": "multilabel",
  "fold": 9,
  "eval_decoder": "greedy",
  "mbr_threshold": 0.0,
  "train_loss": 0.027385984417634002,
  "val_loss": 0.2727830320596695,
  "train_composite_accuracy": 0.9941552545963532,
  "train_composite_micro_f1": 0.9941552545963532,
  "train_composite_macro_f1": 0.9508861060276728,
  "val_composite_accuracy": 0.9729284164859002,
  "val_composite_micro_f1": 0.9729284164859002,
  "val_composite_macro_f1": 0.8765700265525725,
  "per_word_class_accuracy": {
    "Word Class Noun": 0.9969465648854962,
    "Word Class Adjective": 0.9472759226713533,
    "Word Class Pronoun": 0.9757975797579758,
    "Word Class Number": 0.9854014598540146,
    "Word Class Verbs": 0.9994585814834868,
    "Word Class Participle": 0.9555555555555556,
    "Word Class Adverb": 0.9900733707380233,
    "Word Class Conjunctions": 0.9983277591973244,
    "Word Class Foreign words": 0.7916666666666666,
    "Word Class Unanalyzed word": 0.0,
    "Word Class Abbreviation": 0.9166666666666666,
    "Word Class Web email or address": 0.0,
    "Word Class Punctuation": 1.0,
    "Word Class Symbol": 0.75,
    "Word Class R Article": 0.967741935483871
  },
  "per_word_class_f1": {
    "Word Class Noun": 0.9958063286313381,
    "Word Class Adjective": 0.9514563106796117,
    "Word Class Pronoun": 0.9828254847645429,
    "Word Class Number": 0.9926470588235294,
    "Word Class Verbs": 0.9986475520692454,
    "Word Class Participle": 0.9476584022038568,
    "Word Class Adverb": 0.989006251347273,
    "Word Class Conjunctions": 0.9950000000000001,
    "Word Class Foreign words": 0.8837209302325582,
    "Word Class Unanalyzed word": 0.0,
    "Word Class Abbreviation": 0.9166666666666666,
    "Word Class Web email or address": 0.0,
    "Word Class Punctuation": 0.9996652159357214,
    "Word Class Symbol": 0.8571428571428571,
    "Word Class R Article": 0.9523809523809523
  },
  "per_interval_accuracy": {
    "Subcategories": 0.9871626069782752,
    "Gender": 0.977830906324712,
    "Number": 0.9933312655086849,
    "Case": 0.9800043468811128,
    "Article": 0.9954198473282443,
    "Proper Noun": 0.9931297709923664,
    "Degree": 0.988911988911989,
    "Declension": 0.9853137516688919,
    "Mood": 0.9962100703844071,
    "Voice": 0.9994585814834868,
    "Tense": 0.9972929074174337,
    "Person": 0.9887518142235123,
    "Definiteness": 0.978494623655914
  },
  "per_interval_f1": {
    "Subcategories": 0.9689099612275144,
    "Gender": 0.9803774264616341,
    "Number": 0.9917664042916657,
    "Case": 0.9809688936183611,
    "Article": 0.9951154973585778,
    "Proper Noun": 0.9911956054197433,
    "Degree": 0.9821177756033972,
    "Declension": 0.9760201835593113,
    "Mood": 0.9473912911515348,
    "Voice": 0.9965032515784591,
    "Tense": 0.9971577790749135,
    "Person": 0.9652115569497682,
    "Definiteness": 0.974704202366381
  },
  "learning_rate": 1.7400000000000003e-05
}