{
  "epoch": 14,
  "mode": "multilabel",
  "fold": 9,
  "eval_decoder": "greedy",
  "mbr_threshold": 0.0,
  "train_loss": 0.02398780855455936,
  "val_loss": 0.27700573652982713,
  "train_composite_accuracy": 0.9947044917257684,
  "train_composite_micro_f1": 0.9947044917257684,
  "train_composite_macro_f1": 0.9687270299599388,
  "val_composite_accuracy": 0.9730034722222223,
  "val_composite_micro_f1": 0.9730034722222223,
  "val_composite_macro_f1": 0.8722539198577461,
  "per_word_class_accuracy": {
    "Word Class Noun": 0.9973282442748092,
    "Word Class Adjective": 0.9648506151142355,
    "Word Class Pronoun": 0.9845984598459846,
    "Word Class Number": 0.9854014598540146,
    "Word Class Verbs": 0.9994585814834868,
    "Word Class Participle": 0.9444444444444444,
    "Word Class Adverb": 0.9892101855848079,
    "Word Class Conjunctions": 0.9966555183946488,
    "Word Class Foreign words": 0.75,
    "Word Class Unanalyzed word": 0.0,
    "Word Class Abbreviation": 0.875,
    "Word Class Web email or address": 0.0,
    "Word Class Punctuation": 1.0,
    "Word Class Symbol": 0.75,
    "Word Class R Article": 0.967741935483871
  },
  "per_word_class_f1": {
    "Word Class Noun": 0.9959977129788451,
    "Word Class Adjective": 0.9547826086956522,
    "Word Class Pronoun": 0.9873138444567017,
    "Word Class Number": 0.989010989010989,
    "Word Class Verbs": 0.998917748917749,
    "Word Class Participle": 0.9523809523809524,
    "Word Class Adverb": 0.9904926534140017,
    "Word Class Conjunctions": 0.9945765540258656,
    "Word Class Foreign words": 0.8571428571428571,
    "Word Class Unanalyzed word": 0.0,
    "Word Class Abbreviation": 0.9333333333333333,
    "Word Class Web email or address": 0.0,
    "Word Class Punctuation": 0.9996652159357214,
    "Word Class Symbol": 0.8571428571428571,
    "Word Class R Article": 0.9549071618037136
  },
  "per_interval_accuracy": {
    "Subcategories": 0.9868334430546412,
    "Gender": 0.9802216909367529,
    "Number": 0.9925558312655087,
    "Case": 0.9826124755487937,
    "Article": 0.9965648854961832,
    "Proper Noun": 0.9919847328244275,
    "Degree": 0.988911988911989,
    "Declension": 0.9906542056074766,
    "Mood": 0.9962100703844071,
    "Voice": 0.9994585814834868,
    "Tense": 0.9962100703844071,
    "Person": 0.9920174165457184,
    "Definiteness": 0.978494623655914
  },
  "per_interval_f1": {
    "Subcategories": 0.9688080366486514,
    "Gender": 0.9813518361293947,
    "Number": 0.9907495667880438,
    "Case": 0.9854005034073824,
    "Article": 0.9963358778625954,
    "Proper Noun": 0.989732912025686,
    "Degree": 0.983309106087829,
    "Declension": 0.981070726112176,
    "Mood": 0.9473912911515348,
    "Voice": 0.9965032515784591,
    "Tense": 0.9956669973743145,
    "Person": 0.9819998220165813,
    "Definiteness": 0.974704202366381
  },
  "learning_rate": 1.72e-05
}