{
  "epoch": 6,
  "mode": "multilabel",
  "fold": 9,
  "eval_decoder": "greedy",
  "mbr_threshold": 0.0,
  "train_loss": 0.07572079082514435,
  "val_loss": 0.2392233356833458,
  "train_composite_accuracy": 0.9853905473813691,
  "train_composite_micro_f1": 0.9853905473813691,
  "train_composite_macro_f1": 0.8779502770771024,
  "val_composite_accuracy": 0.9715203612051749,
  "val_composite_micro_f1": 0.9715203612051749,
  "val_composite_macro_f1": 0.8508711148725276,
  "per_word_class_accuracy": {
    "Word Class Noun": 0.9961832061068703,
    "Word Class Adjective": 0.9490333919156415,
    "Word Class Pronoun": 0.9823982398239824,
    "Word Class Number": 0.9854014598540146,
    "Word Class Verbs": 0.9989171629669734,
    "Word Class Participle": 0.9833333333333333,
    "Word Class Adverb": 0.990504963314631,
    "Word Class Conjunctions": 0.9933110367892977,
    "Word Class Foreign words": 0.75,
    "Word Class Unanalyzed word": 0.0,
    "Word Class Abbreviation": 0.875,
    "Word Class Web email or address": 0.0,
    "Word Class Punctuation": 1.0,
    "Word Class Symbol": 0.75,
    "Word Class R Article": 0.956989247311828
  },
  "per_word_class_f1": {
    "Word Class Noun": 0.9956131985504483,
    "Word Class Adjective": 0.9540636042402827,
    "Word Class Pronoun": 0.9861954721148537,
    "Word Class Number": 0.9926470588235294,
    "Word Class Verbs": 0.9983766233766234,
    "Word Class Participle": 0.9593495934959351,
    "Word Class Adverb": 0.9883720930232559,
    "Word Class Conjunctions": 0.9933110367892977,
    "Word Class Foreign words": 0.8372093023255814,
    "Word Class Unanalyzed word": 0.0,
    "Word Class Abbreviation": 0.875,
    "Word Class Web email or address": 0.0,
    "Word Class Punctuation": 0.9996652159357214,
    "Word Class Symbol": 0.8571428571428571,
    "Word Class R Article": 0.9518716577540107
  },
  "per_interval_accuracy": {
    "Subcategories": 0.9869980250164582,
    "Gender": 0.9760921538795914,
    "Number": 0.9919354838709677,
    "Case": 0.9802216909367529,
    "Article": 0.9950381679389313,
    "Proper Noun": 0.9927480916030534,
    "Degree": 0.9885654885654885,
    "Declension": 0.9879839786381842,
    "Mood": 0.9956686518678939,
    "Voice": 0.9994585814834868,
    "Tense": 0.9951272333513806,
    "Person": 0.989477503628447,
    "Definiteness": 0.9731182795698925
  },
  "per_interval_f1": {
    "Subcategories": 0.9685498611999809,
    "Gender": 0.9771653339807554,
    "Number": 0.9898732726873726,
    "Case": 0.9783559252429095,
    "Article": 0.9947116720044207,
    "Proper Noun": 0.9907022074692764,
    "Degree": 0.979929959836737,
    "Declension": 0.978555085822071,
    "Mood": 0.9462736340173501,
    "Voice": 0.9965032515784591,
    "Tense": 0.9943251707079636,
    "Person": 0.9723006057120505,
    "Definiteness": 0.9685332431060735
  },
  "learning_rate": 1.88e-05
}