{
  "epoch": 10,
  "mode": "multilabel",
  "fold": 9,
  "eval_decoder": "greedy",
  "mbr_threshold": 0.0,
  "train_loss": 0.03907814443252406,
  "val_loss": 0.2522906556725502,
  "train_composite_accuracy": 0.9920171008077483,
  "train_composite_micro_f1": 0.9920171008077483,
  "train_composite_macro_f1": 0.9290493193090639,
  "val_composite_accuracy": 0.9721354166666667,
  "val_composite_micro_f1": 0.9721354166666667,
  "val_composite_macro_f1": 0.8679615375580636,
  "per_word_class_accuracy": {
    "Word Class Noun": 0.9977099236641221,
    "Word Class Adjective": 0.961335676625659,
    "Word Class Pronoun": 0.9823982398239824,
    "Word Class Number": 0.9854014598540146,
    "Word Class Verbs": 0.9989171629669734,
    "Word Class Participle": 0.9555555555555556,
    "Word Class Adverb": 0.9896417781614156,
    "Word Class Conjunctions": 0.995819397993311,
    "Word Class Foreign words": 0.7708333333333334,
    "Word Class Unanalyzed word": 0.0,
    "Word Class Abbreviation": 0.9166666666666666,
    "Word Class Web email or address": 0.0,
    "Word Class Punctuation": 1.0,
    "Word Class Symbol": 0.75,
    "Word Class R Article": 0.978494623655914
  },
  "per_word_class_f1": {
    "Word Class Noun": 0.9965688143347311,
    "Word Class Adjective": 0.9562937062937062,
    "Word Class Pronoun": 0.9878318584070797,
    "Word Class Number": 0.989010989010989,
    "Word Class Verbs": 0.9981065728969434,
    "Word Class Participle": 0.9502762430939227,
    "Word Class Adverb": 0.9904967602591793,
    "Word Class Conjunctions": 0.9937421777221527,
    "Word Class Foreign words": 0.8705882352941177,
    "Word Class Unanalyzed word": 0.0,
    "Word Class Abbreviation": 0.9565217391304348,
    "Word Class Web email or address": 0.0,
    "Word Class Punctuation": 0.9996652159357214,
    "Word Class Symbol": 0.8571428571428571,
    "Word Class R Article": 0.9604221635883905
  },
  "per_interval_accuracy": {
    "Subcategories": 0.9850230414746544,
    "Gender": 0.9800043468811128,
    "Number": 0.9914702233250621,
    "Case": 0.9813084112149533,
    "Article": 0.9969465648854962,
    "Proper Noun": 0.9931297709923664,
    "Degree": 0.9902979902979903,
    "Declension": 0.9893190921228304,
    "Mood": 0.9945858148348673,
    "Voice": 0.9994585814834868,
    "Tense": 0.9945858148348673,
    "Person": 0.9887518142235123,
    "Definiteness": 0.9838709677419355
  },
  "per_interval_f1": {
    "Subcategories": 0.9680546945959493,
    "Gender": 0.9809770212466403,
    "Number": 0.9891444779265773,
    "Case": 0.9813631609638535,
    "Article": 0.9967436649057186,
    "Proper Noun": 0.9912116974617533,
    "Degree": 0.9857588921779414,
    "Declension": 0.9798477161585154,
    "Mood": 0.9451709164561697,
    "Voice": 0.9965032515784591,
    "Tense": 0.9946662093015061,
    "Person": 0.9660499177099928,
    "Definiteness": 0.9809341579253084
  },
  "learning_rate": 1.8e-05
}