{
  "epoch": 4,
  "mode": "multilabel",
  "fold": 9,
  "eval_decoder": "greedy",
  "mbr_threshold": 0.0,
  "train_loss": 0.13057764728039806,
  "val_loss": 0.2312420427799225,
  "train_composite_accuracy": 0.9758940322107237,
  "train_composite_micro_f1": 0.9758940322107237,
  "train_composite_macro_f1": 0.8034045588789593,
  "val_composite_accuracy": 0.9692494788047255,
  "val_composite_micro_f1": 0.9692494788047255,
  "val_composite_macro_f1": 0.8458711045459045,
  "per_word_class_accuracy": {
    "Word Class Noun": 0.9954198473282443,
    "Word Class Adjective": 0.9384885764499121,
    "Word Class Pronoun": 0.9878987898789879,
    "Word Class Number": 0.9854014598540146,
    "Word Class Verbs": 0.9989171629669734,
    "Word Class Participle": 0.95,
    "Word Class Adverb": 0.9892101855848079,
    "Word Class Conjunctions": 0.9983277591973244,
    "Word Class Foreign words": 0.7916666666666666,
    "Word Class Unanalyzed word": 0.0,
    "Word Class Abbreviation": 0.875,
    "Word Class Web email or address": 0.0,
    "Word Class Punctuation": 1.0,
    "Word Class Symbol": 0.25,
    "Word Class R Article": 0.956989247311828
  },
  "per_word_class_f1": {
    "Word Class Noun": 0.9954198473282443,
    "Word Class Adjective": 0.9501779359430605,
    "Word Class Pronoun": 0.9841095890410959,
    "Word Class Number": 0.9782608695652174,
    "Word Class Verbs": 0.9983766233766234,
    "Word Class Participle": 0.9447513812154695,
    "Word Class Adverb": 0.9892101855848079,
    "Word Class Conjunctions": 0.9950000000000001,
    "Word Class Foreign words": 0.8636363636363635,
    "Word Class Unanalyzed word": 0.0,
    "Word Class Abbreviation": 0.8571428571428572,
    "Word Class Web email or address": 0.0,
    "Word Class Punctuation": 0.9989963198394112,
    "Word Class Symbol": 0.4,
    "Word Class R Article": 0.9544235924932977
  },
  "per_interval_accuracy": {
    "Subcategories": 0.9869980250164582,
    "Gender": 0.9719626168224299,
    "Number": 0.9908498759305211,
    "Case": 0.980656379048033,
    "Article": 0.9942748091603053,
    "Proper Noun": 0.9893129770992366,
    "Degree": 0.9857934857934858,
    "Declension": 0.9853137516688919,
    "Mood": 0.9945858148348673,
    "Voice": 0.9989171629669734,
    "Tense": 0.9956686518678939,
    "Person": 0.9920174165457184,
    "Definiteness": 0.978494623655914
  },
  "per_interval_f1": {
    "Subcategories": 0.9703271245575604,
    "Gender": 0.9733839043650988,
    "Number": 0.9885099702690643,
    "Case": 0.9839423155752485,
    "Article": 0.9939005453657415,
    "Proper Noun": 0.9862790690714955,
    "Degree": 0.978752676204805,
    "Declension": 0.9721018914764725,
    "Mood": 0.9124097656073601,
    "Voice": 0.9929612353470222,
    "Tense": 0.9958189904428645,
    "Person": 0.9818290374741987,
    "Definiteness": 0.974704202366381
  },
  "learning_rate": 1.9200000000000003e-05
}