{
  "model": "tnt",
  "fold": 1,
  "ood_data_path": "data/OOD-BRAGD.json",
  "num_sentences": 500,
  "composite_accuracy": 0.7487168959145966,
  "composite_micro_f1": 0.9008274669630728,
  "composite_macro_f1": 0.6366023587253987,
  "word_class_accuracy": 0.9793750771890823,
  "word_class_macro_f1": 0.8937402478937689,
  "per_word_class_accuracy": {
    "Word Class Noun": 0.992462311557789,
    "Word Class Adjective": 0.920863309352518,
    "Word Class Pronoun": 0.9733520336605891,
    "Word Class Number": 0.9858156028368794,
    "Word Class Verbs": 0.988985051140834,
    "Word Class Participle": 0.87,
    "Word Class Adverb": 0.974171813587872,
    "Word Class Conjunctions": 0.986228813559322,
    "Word Class Foreign words": 0.0,
    "Word Class Unanalyzed word": 0.0,
    "Word Class Abbreviation": 1.0,
    "Word Class Web email or address": 0.0,
    "Word Class Punctuation": 1.0,
    "Word Class Symbol": 1.0,
    "Word Class R Article": 0.8860759493670886
  },
  "per_word_class_f1": {
    "Word Class Noun": 0.9903886335144171,
    "Word Class Adjective": 0.938875305623472,
    "Word Class Pronoun": 0.9699510831586303,
    "Word Class Number": 0.9928571428571429,
    "Word Class Verbs": 0.9854958839670718,
    "Word Class Participle": 0.883248730964467,
    "Word Class Adverb": 0.9766394596115958,
    "Word Class Conjunctions": 0.9779411764705882,
    "Word Class Foreign words": 0.0,
    "Word Class Unanalyzed word": 0.0,
    "Word Class Abbreviation": 1.0,
    "Word Class Web email or address": 0.0,
    "Word Class Punctuation": 1.0,
    "Word Class Symbol": 1.0,
    "Word Class R Article": 0.9032258064516129
  }
}