{
  "model": "tnt",
  "fold": 1,
  "val_composite_accuracy": 0.845668485675307,
  "val_composite_micro_f1": 0.920293217036281,
  "val_composite_macro_f1": 0.7032061567936012,
  "per_word_class_accuracy": {
    "Word Class Noun": 0.9959677419354839,
    "Word Class Adjective": 0.9623893805309734,
    "Word Class Pronoun": 0.9830699774266366,
    "Word Class Number": 0.9724137931034482,
    "Word Class Verbs": 0.9825232113599126,
    "Word Class Participle": 0.86,
    "Word Class Adverb": 0.9784810126582278,
    "Word Class Conjunctions": 0.9933333333333333,
    "Word Class Foreign words": 0.7777777777777778,
    "Word Class Unanalyzed word": 0.0,
    "Word Class Abbreviation": 1.0,
    "Word Class Web email or address": 0.0,
    "Word Class Punctuation": 1.0,
    "Word Class Symbol": 1.0,
    "Word Class R Article": 0.8990825688073395
  },
  "per_word_class_f1": {
    "Word Class Noun": 0.9952153110047847,
    "Word Class Adjective": 0.956043956043956,
    "Word Class Pronoun": 0.9731843575418995,
    "Word Class Number": 0.9860139860139859,
    "Word Class Verbs": 0.983866557287394,
    "Word Class Participle": 0.8657718120805369,
    "Word Class Adverb": 0.9845043515177245,
    "Word Class Conjunctions": 0.9863467107985107,
    "Word Class Foreign words": 0.8750000000000001,
    "Word Class Unanalyzed word": 0.0,
    "Word Class Abbreviation": 1.0,
    "Word Class Web email or address": 0.0,
    "Word Class Punctuation": 1.0,
    "Word Class Symbol": 1.0,
    "Word Class R Article": 0.903225806451613
  },
  "per_interval_accuracy": {
    "Subcategories": 0.9641167835589627,
    "Gender": 0.9473272490221643,
    "Number": 0.9659371690787152,
    "Case": 0.9035202086049544,
    "Article": 0.9954637096774194,
    "Proper Noun": 0.9884072580645161,
    "Degree": 0.9780297661233168,
    "Declension": 0.925249169435216,
    "Mood": 0.951392681594757,
    "Voice": 0.9825232113599126,
    "Tense": 0.9524849808847624,
    "Person": 0.9562016930437983,
    "Definiteness": 0.8990825688073395
  },
  "per_interval_f1": {
    "Subcategories": 0.9035990652560854,
    "Gender": 0.7649928113811197,
    "Number": 0.7176545758613542,
    "Case": 0.7760455962414184,
    "Article": 0.6652760887668762,
    "Proper Noun": 0.6595649051856601,
    "Degree": 0.7835040896584475,
    "Declension": 0.7200455323785804,
    "Mood": 0.7620539176456254,
    "Voice": 0.6635730858468677,
    "Tense": 0.7222198544006896,
    "Person": 0.7263936329005907,
    "Definiteness": 0.6219954648526077
  }
}