{
  "epoch": 10,
  "mode": "singlelabel",
  "fold": 8,
  "eval_decoder": "greedy",
  "mbr_threshold": 0.0,
  "train_loss": 0.05486785821356367,
  "val_loss": 0.16962254792451859,
  "train_composite_accuracy": 0.9888433623210349,
  "train_composite_micro_f1": 0.9888433623210349,
  "train_composite_macro_f1": 0.734916496799985,
  "val_composite_accuracy": 0.9730008598452279,
  "val_composite_micro_f1": 0.9730008598452279,
  "val_composite_macro_f1": 0.8494007017659299,
  "per_word_class_accuracy": {
    "Word Class Noun": 0.9977578475336323,
    "Word Class Adjective": 0.9714795008912656,
    "Word Class Pronoun": 0.9943052391799544,
    "Word Class Number": 0.9593023255813954,
    "Word Class Verbs": 0.9978666666666667,
    "Word Class Participle": 0.9296482412060302,
    "Word Class Adverb": 0.9926975945017182,
    "Word Class Conjunctions": 0.9974554707379135,
    "Word Class Foreign words": 0.8333333333333334,
    "Word Class Unanalyzed word": 0.0,
    "Word Class Abbreviation": 0.9565217391304348,
    "Word Class Web email or address": 0.0,
    "Word Class Punctuation": 1.0,
    "Word Class Symbol": 1.0,
    "Word Class R Article": 0.9698275862068966
  },
  "per_word_class_f1": {
    "Word Class Noun": 0.9979443094748646,
    "Word Class Adjective": 0.9671694764862466,
    "Word Class Pronoun": 0.9920454545454546,
    "Word Class Number": 0.9763313609467456,
    "Word Class Verbs": 0.9973347547974413,
    "Word Class Participle": 0.9487179487179487,
    "Word Class Adverb": 0.9929108485499463,
    "Word Class Conjunctions": 0.9966101694915255,
    "Word Class Foreign words": 0.625,
    "Word Class Unanalyzed word": 0.0,
    "Word Class Abbreviation": 0.9777777777777777,
    "Word Class Web email or address": 0.0,
    "Word Class Punctuation": 1.0,
    "Word Class Symbol": 1.0,
    "Word Class R Article": 0.9698275862068966
  },
  "per_interval_accuracy": {
    "Subcategories": 0.9865064999177225,
    "Gender": 0.9785926239932174,
    "Number": 0.9871075382981951,
    "Case": 0.98007630351844,
    "Article": 0.9951420029895366,
    "Proper Noun": 0.9917787742899851,
    "Degree": 0.9892696434752509,
    "Declension": 0.975,
    "Mood": 0.992,
    "Voice": 0.9968,
    "Tense": 0.9914666666666667,
    "Person": 0.9923719578641482,
    "Definiteness": 0.9698275862068966
  },
  "per_interval_f1": {
    "Subcategories": 0.895465280809267,
    "Gender": 0.7851210579565693,
    "Number": 0.739236961205714,
    "Case": 0.8155398827484873,
    "Article": 0.6641668709917458,
    "Proper Noun": 0.6606518971224854,
    "Degree": 0.6526382131408353,
    "Declension": 0.7423513524629495,
    "Mood": 0.7563540900223754,
    "Voice": 0.6617808694646111,
    "Tense": 0.7445129140552084,
    "Person": 0.7926941100711694,
    "Definiteness": 0.6532104863221885
  },
  "learning_rate": 1.8e-05
}