{
  "epoch": 8,
  "mode": "singlelabel",
  "fold": 8,
  "eval_decoder": "greedy",
  "mbr_threshold": 0.0,
  "train_loss": 0.0837305222124165,
  "val_loss": 0.1641107365489006,
  "train_composite_accuracy": 0.9841876661903726,
  "train_composite_micro_f1": 0.9841876661903726,
  "train_composite_macro_f1": 0.6779076674026993,
  "val_composite_accuracy": 0.9733447979363714,
  "val_composite_micro_f1": 0.9733447979363714,
  "val_composite_macro_f1": 0.8358538818972027,
  "per_word_class_accuracy": {
    "Word Class Noun": 0.9973841554559043,
    "Word Class Adjective": 0.9625668449197861,
    "Word Class Pronoun": 0.9931662870159453,
    "Word Class Number": 0.9244186046511628,
    "Word Class Verbs": 0.9973333333333333,
    "Word Class Participle": 0.9346733668341709,
    "Word Class Adverb": 0.9939862542955327,
    "Word Class Conjunctions": 0.9974554707379135,
    "Word Class Foreign words": 0.8333333333333334,
    "Word Class Unanalyzed word": 0.0,
    "Word Class Abbreviation": 0.9565217391304348,
    "Word Class Web email or address": 0.0,
    "Word Class Punctuation": 1.0,
    "Word Class Symbol": 1.0,
    "Word Class R Article": 0.9568965517241379
  },
  "per_word_class_f1": {
    "Word Class Noun": 0.9973841554559043,
    "Word Class Adjective": 0.9642857142857142,
    "Word Class Pronoun": 0.9897843359818389,
    "Word Class Number": 0.9578313253012049,
    "Word Class Verbs": 0.9981318388043768,
    "Word Class Participle": 0.9538461538461539,
    "Word Class Adverb": 0.9920685959271168,
    "Word Class Conjunctions": 0.9953449005501481,
    "Word Class Foreign words": 0.625,
    "Word Class Unanalyzed word": 0.0,
    "Word Class Abbreviation": 0.9777777777777777,
    "Word Class Web email or address": 0.0,
    "Word Class Punctuation": 1.0,
    "Word Class Symbol": 1.0,
    "Word Class R Article": 0.9527896995708154
  },
  "per_interval_accuracy": {
    "Subcategories": 0.9861773901596183,
    "Gender": 0.9807121661721068,
    "Number": 0.9861974821780677,
    "Case": 0.9796523950826621,
    "Article": 0.9947683109118086,
    "Proper Noun": 0.9914050822122571,
    "Degree": 0.9875389408099688,
    "Declension": 0.9697368421052631,
    "Mood": 0.9914666666666667,
    "Voice": 0.9968,
    "Tense": 0.9914666666666667,
    "Person": 0.9920087177624409,
    "Definiteness": 0.9568965517241379
  },
  "per_interval_f1": {
    "Subcategories": 0.8973387805871095,
    "Gender": 0.7867813282965821,
    "Number": 0.7392432259214653,
    "Case": 0.8163725247319004,
    "Article": 0.6640716512587627,
    "Proper Noun": 0.6605597785701217,
    "Degree": 0.6527487703571936,
    "Declension": 0.7406710580485796,
    "Mood": 0.7556206514150439,
    "Voice": 0.6639590259681912,
    "Tense": 0.7447473119725481,
    "Person": 0.7929813844736184,
    "Definiteness": 0.6449604863221884
  },
  "learning_rate": 1.8400000000000003e-05
}