{
  "epoch": 12,
  "mode": "singlelabel",
  "fold": 8,
  "eval_decoder": "greedy",
  "mbr_threshold": 0.0,
  "train_loss": 0.03978962995914479,
  "val_loss": 0.1848076745867729,
  "train_composite_accuracy": 0.9918619945683546,
  "train_composite_micro_f1": 0.9918619945683546,
  "train_composite_macro_f1": 0.7778012854385666,
  "val_composite_accuracy": 0.9730008598452279,
  "val_composite_micro_f1": 0.9730008598452279,
  "val_composite_macro_f1": 0.8662900876111826,
  "per_word_class_accuracy": {
    "Word Class Noun": 0.9966367713004485,
    "Word Class Adjective": 0.964349376114082,
    "Word Class Pronoun": 0.9908883826879271,
    "Word Class Number": 0.9593023255813954,
    "Word Class Verbs": 0.9978666666666667,
    "Word Class Participle": 0.949748743718593,
    "Word Class Adverb": 0.9926975945017182,
    "Word Class Conjunctions": 0.9957591178965225,
    "Word Class Foreign words": 0.8333333333333334,
    "Word Class Unanalyzed word": 0.0,
    "Word Class Abbreviation": 0.9565217391304348,
    "Word Class Web email or address": 0.0,
    "Word Class Punctuation": 1.0,
    "Word Class Symbol": 1.0,
    "Word Class R Article": 0.9741379310344828
  },
  "per_word_class_f1": {
    "Word Class Noun": 0.9970093457943926,
    "Word Class Adjective": 0.9609236234458258,
    "Word Class Pronoun": 0.9897610921501706,
    "Word Class Number": 0.9792284866468843,
    "Word Class Verbs": 0.9981328354227794,
    "Word Class Participle": 0.9545454545454546,
    "Word Class Adverb": 0.9924844320377926,
    "Word Class Conjunctions": 0.9966044142614601,
    "Word Class Foreign words": 0.5882352941176471,
    "Word Class Unanalyzed word": 0.0,
    "Word Class Abbreviation": 0.9565217391304348,
    "Word Class Web email or address": 0.0,
    "Word Class Punctuation": 1.0,
    "Word Class Symbol": 1.0,
    "Word Class R Article": 0.9699570815450644
  },
  "per_interval_accuracy": {
    "Subcategories": 0.9861773901596183,
    "Gender": 0.9781687155574396,
    "Number": 0.9861974821780677,
    "Case": 0.9807121661721068,
    "Article": 0.9947683109118086,
    "Proper Noun": 0.9910313901345291,
    "Degree": 0.9892696434752509,
    "Declension": 0.9723684210526315,
    "Mood": 0.9914666666666667,
    "Voice": 0.9978666666666667,
    "Tense": 0.9909333333333333,
    "Person": 0.9916454776607337,
    "Definiteness": 0.9741379310344828
  },
  "per_interval_f1": {
    "Subcategories": 0.9050719891489971,
    "Gender": 0.7845411199352564,
    "Number": 0.7388479957729246,
    "Case": 0.8182524956156825,
    "Article": 0.6644302735807842,
    "Proper Noun": 0.6605589240133654,
    "Degree": 0.8230400109306083,
    "Declension": 0.740440218806981,
    "Mood": 0.6962743245796335,
    "Voice": 0.6662952646239554,
    "Tense": 0.7438702369275165,
    "Person": 0.7933290754525354,
    "Definiteness": 0.6558752150043591
  },
  "learning_rate": 1.76e-05
}