{
  "epoch": 1,
  "mode": "singlelabel",
  "fold": 8,
  "eval_decoder": "greedy",
  "mbr_threshold": 0.0,
  "train_loss": 2.0940898726253705,
  "val_loss": 0.7082845628261566,
  "train_composite_accuracy": 0.7090379174276332,
  "train_composite_micro_f1": 0.7090379174276332,
  "train_composite_macro_f1": 0.13445763862014903,
  "val_composite_accuracy": 0.8937231298366294,
  "val_composite_micro_f1": 0.8937231298366294,
  "val_composite_macro_f1": 0.3337130526350517,
  "per_word_class_accuracy": {
    "Word Class Noun": 0.9928998505231689,
    "Word Class Adjective": 0.8680926916221033,
    "Word Class Pronoun": 0.9145785876993167,
    "Word Class Number": 0.9127906976744186,
    "Word Class Verbs": 0.9978666666666667,
    "Word Class Participle": 0.9045226130653267,
    "Word Class Adverb": 0.988831615120275,
    "Word Class Conjunctions": 0.998303647158609,
    "Word Class Foreign words": 0.0,
    "Word Class Unanalyzed word": 0.0,
    "Word Class Abbreviation": 0.43478260869565216,
    "Word Class Web email or address": 0.0,
    "Word Class Punctuation": 1.0,
    "Word Class Symbol": 0.0,
    "Word Class R Article": 0.6767241379310345
  },
  "per_word_class_f1": {
    "Word Class Noun": 0.984621085788401,
    "Word Class Adjective": 0.8919413919413919,
    "Word Class Pronoun": 0.9187643020594967,
    "Word Class Number": 0.8795518207282912,
    "Word Class Verbs": 0.996537949400799,
    "Word Class Participle": 0.8955223880597014,
    "Word Class Adverb": 0.9825010670081092,
    "Word Class Conjunctions": 0.9924114671163574,
    "Word Class Foreign words": 0.0,
    "Word Class Unanalyzed word": 0.0,
    "Word Class Abbreviation": 0.6060606060606061,
    "Word Class Web email or address": 0.0,
    "Word Class Punctuation": 1.0,
    "Word Class Symbol": 0.0,
    "Word Class R Article": 0.7584541062801933
  },
  "per_interval_accuracy": {
    "Subcategories": 0.9580385058416983,
    "Gender": 0.9029249682068673,
    "Number": 0.9538904899135446,
    "Case": 0.9097075031793133,
    "Article": 0.9876681614349776,
    "Proper Noun": 0.9779521674140508,
    "Degree": 0.9505019037729318,
    "Declension": 0.8763157894736842,
    "Mood": 0.9845333333333334,
    "Voice": 0.9877333333333334,
    "Tense": 0.9834666666666667,
    "Person": 0.9389756629131856,
    "Definiteness": 0.6422413793103449
  },
  "per_interval_f1": {
    "Subcategories": 0.7914203750701277,
    "Gender": 0.7279037813104596,
    "Number": 0.7089408890382791,
    "Case": 0.7185664948950682,
    "Article": 0.6604668965259711,
    "Proper Noun": 0.6524196298376411,
    "Degree": 0.5225613250340975,
    "Declension": 0.6802099308294447,
    "Mood": 0.5903568318139577,
    "Voice": 0.6183136373718313,
    "Tense": 0.7382264775855029,
    "Person": 0.5639740429449948,
    "Definiteness": 0.3411255411255411
  },
  "learning_rate": 1.98e-05
}