{
  "epoch": 6,
  "mode": "singlelabel",
  "fold": 8,
  "eval_decoder": "greedy",
  "mbr_threshold": 0.0,
  "train_loss": 0.1255412036688589,
  "val_loss": 0.1912163458764553,
  "train_composite_accuracy": 0.9773839151376363,
  "train_composite_micro_f1": 0.9773839151376363,
  "train_composite_macro_f1": 0.6142624213344625,
  "val_composite_accuracy": 0.9687876182287188,
  "val_composite_micro_f1": 0.9687876182287188,
  "val_composite_macro_f1": 0.7952100490536333,
  "per_word_class_accuracy": {
    "Word Class Noun": 0.9970104633781763,
    "Word Class Adjective": 0.9750445632798574,
    "Word Class Pronoun": 0.9908883826879271,
    "Word Class Number": 0.9244186046511628,
    "Word Class Verbs": 0.9978666666666667,
    "Word Class Participle": 0.9296482412060302,
    "Word Class Adverb": 0.9914089347079038,
    "Word Class Conjunctions": 0.9974554707379135,
    "Word Class Foreign words": 0.8333333333333334,
    "Word Class Unanalyzed word": 0.0,
    "Word Class Abbreviation": 0.9565217391304348,
    "Word Class Web email or address": 0.0,
    "Word Class Punctuation": 1.0,
    "Word Class Symbol": 1.0,
    "Word Class R Article": 0.9612068965517241
  },
  "per_word_class_f1": {
    "Word Class Noun": 0.9973831775700934,
    "Word Class Adjective": 0.9655781112091792,
    "Word Class Pronoun": 0.9880749574105621,
    "Word Class Number": 0.9578313253012049,
    "Word Class Verbs": 0.9981328354227794,
    "Word Class Participle": 0.9511568123393317,
    "Word Class Adverb": 0.9924747366157816,
    "Word Class Conjunctions": 0.9961880559085134,
    "Word Class Foreign words": 0.625,
    "Word Class Unanalyzed word": 0.0,
    "Word Class Abbreviation": 0.9361702127659574,
    "Word Class Web email or address": 0.0,
    "Word Class Punctuation": 1.0,
    "Word Class Symbol": 1.0,
    "Word Class R Article": 0.9509594882729212
  },
  "per_interval_accuracy": {
    "Subcategories": 0.983873621852888,
    "Gender": 0.976685036032217,
    "Number": 0.9855907780979827,
    "Case": 0.9794404408647732,
    "Article": 0.9940209267563528,
    "Proper Noun": 0.9899103139013453,
    "Degree": 0.9892696434752509,
    "Declension": 0.9776315789473684,
    "Mood": 0.9914666666666667,
    "Voice": 0.9968,
    "Tense": 0.9909333333333333,
    "Person": 0.9912822375590266,
    "Definiteness": 0.9612068965517241
  },
  "per_interval_f1": {
    "Subcategories": 0.9024772621397165,
    "Gender": 0.7830780064330483,
    "Number": 0.7379723490812642,
    "Case": 0.8163151112726897,
    "Article": 0.6636994813610787,
    "Proper Noun": 0.6592542457920992,
    "Degree": 0.6542978812738437,
    "Declension": 0.7398633964908675,
    "Mood": 0.6958017233324151,
    "Voice": 0.6617808694646111,
    "Tense": 0.7438774584327879,
    "Person": 0.7927424231842519,
    "Definiteness": 0.6477541371158392
  },
  "learning_rate": 1.88e-05
}