{
  "epoch": 13,
  "mode": "singlelabel",
  "fold": 8,
  "eval_decoder": "greedy",
  "mbr_threshold": 0.0,
  "train_loss": 0.03549907443701972,
  "val_loss": 0.1772400751709938,
  "train_composite_accuracy": 0.9929975302099795,
  "train_composite_micro_f1": 0.9929975302099795,
  "train_composite_macro_f1": 0.80158581918282,
  "val_composite_accuracy": 0.9737747205503009,
  "val_composite_micro_f1": 0.9737747205503009,
  "val_composite_macro_f1": 0.8631899662399354,
  "per_word_class_accuracy": {
    "Word Class Noun": 0.9966367713004485,
    "Word Class Adjective": 0.9696969696969697,
    "Word Class Pronoun": 0.9920273348519362,
    "Word Class Number": 0.9593023255813954,
    "Word Class Verbs": 0.9973333333333333,
    "Word Class Participle": 0.9547738693467337,
    "Word Class Adverb": 0.990979381443299,
    "Word Class Conjunctions": 0.998303647158609,
    "Word Class Foreign words": 0.8333333333333334,
    "Word Class Unanalyzed word": 0.0,
    "Word Class Abbreviation": 0.9565217391304348,
    "Word Class Web email or address": 0.0,
    "Word Class Punctuation": 1.0,
    "Word Class Symbol": 1.0,
    "Word Class R Article": 0.9655172413793104
  },
  "per_word_class_f1": {
    "Word Class Noun": 0.9970093457943926,
    "Word Class Adjective": 0.9645390070921986,
    "Word Class Pronoun": 0.9869688385269122,
    "Word Class Number": 0.9792284866468843,
    "Word Class Verbs": 0.998398291510945,
    "Word Class Participle": 0.9644670050761421,
    "Word Class Adverb": 0.9922580645161291,
    "Word Class Conjunctions": 0.996191282268303,
    "Word Class Foreign words": 0.625,
    "Word Class Unanalyzed word": 0.0,
    "Word Class Abbreviation": 0.9565217391304348,
    "Word Class Web email or address": 0.0,
    "Word Class Punctuation": 1.0,
    "Word Class Symbol": 1.0,
    "Word Class R Article": 0.9676025917926565
  },
  "per_interval_accuracy": {
    "Subcategories": 0.9863419450386703,
    "Gender": 0.9815599830436625,
    "Number": 0.98771424237828,
    "Case": 0.9809241203899958,
    "Article": 0.9943946188340808,
    "Proper Noun": 0.9914050822122571,
    "Degree": 0.9889235029421946,
    "Declension": 0.975,
    "Mood": 0.992,
    "Voice": 0.9973333333333333,
    "Tense": 0.9914666666666667,
    "Person": 0.9916454776607337,
    "Definiteness": 0.9655172413793104
  },
  "per_interval_f1": {
    "Subcategories": 0.904106540153186,
    "Gender": 0.7868840924314142,
    "Number": 0.7402271283068816,
    "Case": 0.8187964958079514,
    "Article": 0.6641548426353375,
    "Proper Noun": 0.6608662068005672,
    "Degree": 0.8243854344261689,
    "Declension": 0.7414282915360502,
    "Mood": 0.7566037420419389,
    "Voice": 0.6662022847589858,
    "Tense": 0.7444588949912536,
    "Person": 0.7929235911983125,
    "Definiteness": 0.6505037934088026
  },
  "learning_rate": 1.7400000000000003e-05
}