{
  "epoch": 14,
  "mode": "singlelabel",
  "fold": 8,
  "eval_decoder": "greedy",
  "mbr_threshold": 0.0,
  "train_loss": 0.029714467898323004,
  "val_loss": 0.19134787246584892,
  "train_composite_accuracy": 0.9937829423621034,
  "train_composite_micro_f1": 0.9937829423621034,
  "train_composite_macro_f1": 0.8193334636100099,
  "val_composite_accuracy": 0.9735167669819432,
  "val_composite_micro_f1": 0.9735167669819432,
  "val_composite_macro_f1": 0.8727891964941535,
  "per_word_class_accuracy": {
    "Word Class Noun": 0.9992526158445441,
    "Word Class Adjective": 0.9572192513368984,
    "Word Class Pronoun": 0.9920273348519362,
    "Word Class Number": 0.9767441860465116,
    "Word Class Verbs": 0.9973333333333333,
    "Word Class Participle": 0.9597989949748744,
    "Word Class Adverb": 0.9914089347079038,
    "Word Class Conjunctions": 0.998303647158609,
    "Word Class Foreign words": 0.6666666666666666,
    "Word Class Unanalyzed word": 0.0,
    "Word Class Abbreviation": 0.9565217391304348,
    "Word Class Web email or address": 0.0,
    "Word Class Punctuation": 1.0,
    "Word Class Symbol": 1.0,
    "Word Class R Article": 0.9655172413793104
  },
  "per_word_class_f1": {
    "Word Class Noun": 0.9973890339425587,
    "Word Class Adjective": 0.9615040286481648,
    "Word Class Pronoun": 0.9892106757524134,
    "Word Class Number": 0.9853372434017595,
    "Word Class Verbs": 0.9981318388043768,
    "Word Class Participle": 0.9550000000000001,
    "Word Class Adverb": 0.9926881720430109,
    "Word Class Conjunctions": 0.9953488372093022,
    "Word Class Foreign words": 0.8,
    "Word Class Unanalyzed word": 0.0,
    "Word Class Abbreviation": 0.9777777777777777,
    "Word Class Web email or address": 0.0,
    "Word Class Punctuation": 1.0,
    "Word Class Symbol": 1.0,
    "Word Class R Article": 0.9739130434782608
  },
  "per_interval_accuracy": {
    "Subcategories": 0.9865064999177225,
    "Gender": 0.9807121661721068,
    "Number": 0.9893826785985136,
    "Case": 0.9815599830436625,
    "Article": 0.9966367713004485,
    "Proper Noun": 0.9928998505231689,
    "Degree": 0.9865005192107996,
    "Declension": 0.9723684210526315,
    "Mood": 0.9925333333333334,
    "Voice": 0.9973333333333333,
    "Tense": 0.992,
    "Person": 0.9923719578641482,
    "Definiteness": 0.9655172413793104
  },
  "per_interval_f1": {
    "Subcategories": 0.8973977259985473,
    "Gender": 0.7867528863712934,
    "Number": 0.7413528615013396,
    "Case": 0.8188237643746065,
    "Article": 0.6644644414724695,
    "Proper Noun": 0.6612501248838142,
    "Degree": 0.8217136596510356,
    "Declension": 0.7411601150527325,
    "Mood": 0.7569334601621598,
    "Voice": 0.6662022847589858,
    "Tense": 0.744815541883167,
    "Person": 0.7932823731732608,
    "Definiteness": 0.6505037934088026
  },
  "learning_rate": 1.72e-05
}