{
  "epoch": 4,
  "mode": "singlelabel",
  "fold": 8,
  "eval_decoder": "greedy",
  "mbr_threshold": 0.0,
  "train_loss": 0.2319866382832784,
  "val_loss": 0.22096594721078872,
  "train_composite_accuracy": 0.9618743908324423,
  "train_composite_micro_f1": 0.9618743908324423,
  "train_composite_macro_f1": 0.5102007307650903,
  "val_composite_accuracy": 0.9628546861564918,
  "val_composite_micro_f1": 0.9628546861564918,
  "val_composite_macro_f1": 0.6884874213235704,
  "per_word_class_accuracy": {
    "Word Class Noun": 0.9973841554559043,
    "Word Class Adjective": 0.9500891265597148,
    "Word Class Pronoun": 0.9874715261958997,
    "Word Class Number": 0.9127906976744186,
    "Word Class Verbs": 0.9978666666666667,
    "Word Class Participle": 0.9296482412060302,
    "Word Class Adverb": 0.9922680412371134,
    "Word Class Conjunctions": 0.996607294317218,
    "Word Class Foreign words": 0.8333333333333334,
    "Word Class Unanalyzed word": 0.0,
    "Word Class Abbreviation": 0.8260869565217391,
    "Word Class Web email or address": 0.0,
    "Word Class Punctuation": 1.0,
    "Word Class Symbol": 1.0,
    "Word Class R Article": 0.9568965517241379
  },
  "per_word_class_f1": {
    "Word Class Noun": 0.9973841554559043,
    "Word Class Adjective": 0.9560538116591928,
    "Word Class Pronoun": 0.9841089670828603,
    "Word Class Number": 0.9457831325301204,
    "Word Class Verbs": 0.9981328354227794,
    "Word Class Participle": 0.9390862944162437,
    "Word Class Adverb": 0.9909909909909911,
    "Word Class Conjunctions": 0.9961848240779991,
    "Word Class Foreign words": 0.625,
    "Word Class Unanalyzed word": 0.0,
    "Word Class Abbreviation": 0.8837209302325583,
    "Word Class Web email or address": 0.0,
    "Word Class Punctuation": 1.0,
    "Word Class Symbol": 1.0,
    "Word Class R Article": 0.9367088607594937
  },
  "per_interval_accuracy": {
    "Subcategories": 0.9820635181833142,
    "Gender": 0.9694785926239932,
    "Number": 0.9830122857576217,
    "Case": 0.9724459516744384,
    "Article": 0.9947683109118086,
    "Proper Noun": 0.9906576980568012,
    "Degree": 0.9840775354794047,
    "Declension": 0.9657894736842105,
    "Mood": 0.992,
    "Voice": 0.9952,
    "Tense": 0.9914666666666667,
    "Person": 0.9891027969487831,
    "Definiteness": 0.9568965517241379
  },
  "per_interval_f1": {
    "Subcategories": 0.8936729735685537,
    "Gender": 0.7784567896985687,
    "Number": 0.7361416145892183,
    "Case": 0.8065048308620518,
    "Article": 0.6639845078506789,
    "Proper Noun": 0.6598068598068598,
    "Degree": 0.641092218144255,
    "Declension": 0.7406379912880733,
    "Mood": 0.5968599771511306,
    "Voice": 0.6549384636187406,
    "Tense": 0.7445074317831406,
    "Person": 0.7807165125927868,
    "Definiteness": 0.6449604863221884
  },
  "learning_rate": 1.9200000000000003e-05
}