{
  "epoch": 7,
  "mode": "singlelabel",
  "fold": 8,
  "eval_decoder": "greedy",
  "mbr_threshold": 0.0,
  "train_loss": 0.10041736685731915,
  "val_loss": 0.18682920485734938,
  "train_composite_accuracy": 0.9819165949071227,
  "train_composite_micro_f1": 0.9819165949071227,
  "train_composite_macro_f1": 0.6489172634719509,
  "val_composite_accuracy": 0.969561478933792,
  "val_composite_micro_f1": 0.969561478933792,
  "val_composite_macro_f1": 0.8110347053706877,
  "per_word_class_accuracy": {
    "Word Class Noun": 0.9973841554559043,
    "Word Class Adjective": 0.966131907308378,
    "Word Class Pronoun": 0.9908883826879271,
    "Word Class Number": 0.9244186046511628,
    "Word Class Verbs": 0.9973333333333333,
    "Word Class Participle": 0.9346733668341709,
    "Word Class Adverb": 0.9922680412371134,
    "Word Class Conjunctions": 0.9974554707379135,
    "Word Class Foreign words": 0.8333333333333334,
    "Word Class Unanalyzed word": 0.0,
    "Word Class Abbreviation": 0.8260869565217391,
    "Word Class Web email or address": 0.0,
    "Word Class Punctuation": 1.0,
    "Word Class Symbol": 1.0,
    "Word Class R Article": 0.9655172413793104
  },
  "per_word_class_f1": {
    "Word Class Noun": 0.9970115801270079,
    "Word Class Adjective": 0.9626998223801065,
    "Word Class Pronoun": 0.9891984081864695,
    "Word Class Number": 0.9492537313432835,
    "Word Class Verbs": 0.9981318388043768,
    "Word Class Participle": 0.9489795918367346,
    "Word Class Adverb": 0.9920549710113807,
    "Word Class Conjunctions": 0.997032640949555,
    "Word Class Foreign words": 0.625,
    "Word Class Unanalyzed word": 0.0,
    "Word Class Abbreviation": 0.8837209302325583,
    "Word Class Web email or address": 0.0,
    "Word Class Punctuation": 1.0,
    "Word Class Symbol": 1.0,
    "Word Class R Article": 0.9531914893617022
  },
  "per_interval_accuracy": {
    "Subcategories": 0.98403817673194,
    "Gender": 0.9775328529037728,
    "Number": 0.9846807219778553,
    "Case": 0.9779567613395507,
    "Article": 0.9951420029895366,
    "Proper Noun": 0.992152466367713,
    "Degree": 0.9885773624091381,
    "Declension": 0.9723684210526315,
    "Mood": 0.9914666666666667,
    "Voice": 0.9957333333333334,
    "Tense": 0.9909333333333333,
    "Person": 0.9909189974573193,
    "Definiteness": 0.9655172413793104
  },
  "per_interval_f1": {
    "Subcategories": 0.90381602808272,
    "Gender": 0.7841360609365087,
    "Number": 0.7375697207800729,
    "Case": 0.8155934142091641,
    "Article": 0.6643470817973071,
    "Proper Noun": 0.661030126877879,
    "Degree": 0.6552068910784599,
    "Declension": 0.7414156958470418,
    "Mood": 0.7556206514150439,
    "Voice": 0.6594722496780184,
    "Tense": 0.7442800222529218,
    "Person": 0.792622167577121,
    "Definiteness": 0.6505037934088026
  },
  "learning_rate": 1.86e-05
}