{
  "epoch": 3,
  "mode": "singlelabel",
  "fold": 8,
  "eval_decoder": "greedy",
  "mbr_threshold": 0.0,
  "train_loss": 0.3421489840381531,
  "val_loss": 0.2810947969555855,
  "train_composite_accuracy": 0.9449075957871628,
  "train_composite_micro_f1": 0.9449075957871628,
  "train_composite_macro_f1": 0.4243148232210864,
  "val_composite_accuracy": 0.9505588993981083,
  "val_composite_micro_f1": 0.9505588993981083,
  "val_composite_macro_f1": 0.5931015175433576,
  "per_word_class_accuracy": {
    "Word Class Noun": 0.9973841554559043,
    "Word Class Adjective": 0.9144385026737968,
    "Word Class Pronoun": 0.989749430523918,
    "Word Class Number": 0.8837209302325582,
    "Word Class Verbs": 0.9978666666666667,
    "Word Class Participle": 0.8994974874371859,
    "Word Class Adverb": 0.9922680412371134,
    "Word Class Conjunctions": 0.996607294317218,
    "Word Class Foreign words": 0.8333333333333334,
    "Word Class Unanalyzed word": 0.0,
    "Word Class Abbreviation": 0.6956521739130435,
    "Word Class Web email or address": 0.0,
    "Word Class Punctuation": 1.0,
    "Word Class Symbol": 0.0,
    "Word Class R Article": 0.8922413793103449
  },
  "per_word_class_f1": {
    "Word Class Noun": 0.9964532387530334,
    "Word Class Adjective": 0.9369863013698629,
    "Word Class Pronoun": 0.9725797425853385,
    "Word Class Number": 0.912912912912913,
    "Word Class Verbs": 0.9968034096963239,
    "Word Class Participle": 0.9298701298701298,
    "Word Class Adverb": 0.988235294117647,
    "Word Class Conjunctions": 0.9940778341793571,
    "Word Class Foreign words": 0.625,
    "Word Class Unanalyzed word": 0.0,
    "Word Class Abbreviation": 0.7804878048780488,
    "Word Class Web email or address": 0.0,
    "Word Class Punctuation": 1.0,
    "Word Class Symbol": 0.0,
    "Word Class R Article": 0.9098901098901098
  },
  "per_interval_accuracy": {
    "Subcategories": 0.9794306401184795,
    "Gender": 0.953582026282323,
    "Number": 0.9752768087365388,
    "Case": 0.96015260703688,
    "Article": 0.9951420029895366,
    "Proper Noun": 0.9906576980568012,
    "Degree": 0.9806161301488404,
    "Declension": 0.9315789473684211,
    "Mood": 0.9909333333333333,
    "Voice": 0.9936,
    "Tense": 0.9893333333333333,
    "Person": 0.9887395568470759,
    "Definiteness": 0.8922413793103449
  },
  "per_interval_f1": {
    "Subcategories": 0.8896360818946369,
    "Gender": 0.7666066349190939,
    "Number": 0.7290753020904164,
    "Case": 0.7927024956753389,
    "Article": 0.6643466308958434,
    "Proper Noun": 0.6598008892079039,
    "Degree": 0.6355911821177406,
    "Declension": 0.7212671246369913,
    "Mood": 0.5962056172022577,
    "Voice": 0.6475369199104608,
    "Tense": 0.7424589052751047,
    "Person": 0.7764031639914807,
    "Definiteness": 0.5969604863221885
  },
  "learning_rate": 1.94e-05
}