{
  "epoch": 9,
  "mode": "singlelabel",
  "fold": 8,
  "eval_decoder": "greedy",
  "mbr_threshold": 0.0,
  "train_loss": 0.0678088106906375,
  "val_loss": 0.187243227660656,
  "train_composite_accuracy": 0.9866953073989609,
  "train_composite_micro_f1": 0.9866953073989609,
  "train_composite_macro_f1": 0.705525167519506,
  "val_composite_accuracy": 0.9705932932072227,
  "val_composite_micro_f1": 0.9705932932072227,
  "val_composite_macro_f1": 0.8413061677862264,
  "per_word_class_accuracy": {
    "Word Class Noun": 0.9981315396113603,
    "Word Class Adjective": 0.9768270944741533,
    "Word Class Pronoun": 0.9908883826879271,
    "Word Class Number": 0.9302325581395349,
    "Word Class Verbs": 0.9978666666666667,
    "Word Class Participle": 0.9447236180904522,
    "Word Class Adverb": 0.9892611683848798,
    "Word Class Conjunctions": 0.9974554707379135,
    "Word Class Foreign words": 0.8333333333333334,
    "Word Class Unanalyzed word": 0.0,
    "Word Class Abbreviation": 0.9565217391304348,
    "Word Class Web email or address": 0.0,
    "Word Class Punctuation": 1.0,
    "Word Class Symbol": 1.0,
    "Word Class R Article": 0.978448275862069
  },
  "per_word_class_f1": {
    "Word Class Noun": 0.9975723622782446,
    "Word Class Adjective": 0.9681978798586574,
    "Word Class Pronoun": 0.9891984081864695,
    "Word Class Number": 0.960960960960961,
    "Word Class Verbs": 0.9986655991459834,
    "Word Class Participle": 0.9567430025445293,
    "Word Class Adverb": 0.9924585218702866,
    "Word Class Conjunctions": 0.9949238578680203,
    "Word Class Foreign words": 0.625,
    "Word Class Unanalyzed word": 0.0,
    "Word Class Abbreviation": 0.9777777777777777,
    "Word Class Web email or address": 0.0,
    "Word Class Punctuation": 1.0,
    "Word Class Symbol": 1.0,
    "Word Class R Article": 0.959830866807611
  },
  "per_interval_accuracy": {
    "Subcategories": 0.9842027316109923,
    "Gender": 0.9792284866468842,
    "Number": 0.9871075382981951,
    "Case": 0.9796523950826621,
    "Article": 0.9955156950672646,
    "Proper Noun": 0.9910313901345291,
    "Degree": 0.9871928002769125,
    "Declension": 0.9815789473684211,
    "Mood": 0.992,
    "Voice": 0.9968,
    "Tense": 0.992,
    "Person": 0.9916454776607337,
    "Definiteness": 0.978448275862069
  },
  "per_interval_f1": {
    "Subcategories": 0.8971276851254266,
    "Gender": 0.7844691858531169,
    "Number": 0.7389753104697907,
    "Case": 0.8131317098358232,
    "Article": 0.6642626276917242,
    "Proper Noun": 0.659819644142526,
    "Degree": 0.6548636413717693,
    "Declension": 0.7426404476124447,
    "Mood": 0.7556958089245085,
    "Voice": 0.6617808694646111,
    "Tense": 0.7448695561106112,
    "Person": 0.7926330248259543,
    "Definiteness": 0.65849894786065
  },
  "learning_rate": 1.8200000000000002e-05
}