{
  "epoch": 2,
  "mode": "singlelabel",
  "fold": 8,
  "eval_decoder": "greedy",
  "mbr_threshold": 0.0,
  "train_loss": 0.5996258289185847,
  "val_loss": 0.3660425841808319,
  "train_composite_accuracy": 0.911011856884658,
  "train_composite_micro_f1": 0.911011856884658,
  "train_composite_macro_f1": 0.31581938387621594,
  "val_composite_accuracy": 0.9369733447979364,
  "val_composite_micro_f1": 0.9369733447979364,
  "val_composite_macro_f1": 0.4878657182880544,
  "per_word_class_accuracy": {
    "Word Class Noun": 0.9958893871449925,
    "Word Class Adjective": 0.8912655971479501,
    "Word Class Pronoun": 0.9783599088838268,
    "Word Class Number": 0.9069767441860465,
    "Word Class Verbs": 0.9968,
    "Word Class Participle": 0.914572864321608,
    "Word Class Adverb": 0.9918384879725086,
    "Word Class Conjunctions": 0.9957591178965225,
    "Word Class Foreign words": 0.8333333333333334,
    "Word Class Unanalyzed word": 0.0,
    "Word Class Abbreviation": 0.7391304347826086,
    "Word Class Web email or address": 0.0,
    "Word Class Punctuation": 1.0,
    "Word Class Symbol": 0.0,
    "Word Class R Article": 0.7887931034482759
  },
  "per_word_class_f1": {
    "Word Class Noun": 0.9942174967356836,
    "Word Class Adjective": 0.9199632014719411,
    "Word Class Pronoun": 0.9571030640668524,
    "Word Class Number": 0.9176470588235294,
    "Word Class Verbs": 0.9978643886812599,
    "Word Class Participle": 0.9381443298969071,
    "Word Class Adverb": 0.9850682593856657,
    "Word Class Conjunctions": 0.9936521371138384,
    "Word Class Foreign words": 0.5882352941176471,
    "Word Class Unanalyzed word": 0.0,
    "Word Class Abbreviation": 0.8095238095238095,
    "Word Class Web email or address": 0.0,
    "Word Class Punctuation": 1.0,
    "Word Class Symbol": 0.0,
    "Word Class R Article": 0.8413793103448277
  },
  "per_interval_accuracy": {
    "Subcategories": 0.9754813230212276,
    "Gender": 0.9357778719796523,
    "Number": 0.9704231760958593,
    "Case": 0.947223399745655,
    "Article": 0.9914050822122571,
    "Proper Noun": 0.9891629297458894,
    "Degree": 0.9747317410868813,
    "Declension": 0.9223684210526316,
    "Mood": 0.9904,
    "Voice": 0.992,
    "Tense": 0.9893333333333333,
    "Person": 0.9807482746095169,
    "Definiteness": 0.7629310344827587
  },
  "per_interval_f1": {
    "Subcategories": 0.8698987940355859,
    "Gender": 0.7532585764008022,
    "Number": 0.7252653614963864,
    "Case": 0.770622510480122,
    "Article": 0.6620515412659359,
    "Proper Noun": 0.6595864993774133,
    "Degree": 0.6195983201374053,
    "Declension": 0.727525362105827,
    "Mood": 0.5962046690287257,
    "Voice": 0.6448684561397536,
    "Tense": 0.7426933389546533,
    "Person": 0.7702569485516714,
    "Definiteness": 0.441044776119403
  },
  "learning_rate": 1.9600000000000002e-05
}