{
  "epoch": 5,
  "mode": "singlelabel",
  "fold": 8,
  "eval_decoder": "greedy",
  "mbr_threshold": 0.0,
  "train_loss": 0.16557122566879576,
  "val_loss": 0.20812526792287828,
  "train_composite_accuracy": 0.9718860300727689,
  "train_composite_micro_f1": 0.9718860300727689,
  "train_composite_macro_f1": 0.5677268611923505,
  "val_composite_accuracy": 0.9637145313843508,
  "val_composite_micro_f1": 0.9637145313843508,
  "val_composite_macro_f1": 0.7527785133859646,
  "per_word_class_accuracy": {
    "Word Class Noun": 0.9977578475336323,
    "Word Class Adjective": 0.966131907308378,
    "Word Class Pronoun": 0.9874715261958997,
    "Word Class Number": 0.9127906976744186,
    "Word Class Verbs": 0.9968,
    "Word Class Participle": 0.9195979899497487,
    "Word Class Adverb": 0.9862542955326461,
    "Word Class Conjunctions": 0.9991518235793045,
    "Word Class Foreign words": 0.8333333333333334,
    "Word Class Unanalyzed word": 0.0,
    "Word Class Abbreviation": 0.8260869565217391,
    "Word Class Web email or address": 0.0,
    "Word Class Punctuation": 1.0,
    "Word Class Symbol": 1.0,
    "Word Class R Article": 0.9827586206896551
  },
  "per_word_class_f1": {
    "Word Class Noun": 0.9973851326111319,
    "Word Class Adjective": 0.95929203539823,
    "Word Class Pronoun": 0.9863481228668942,
    "Word Class Number": 0.942942942942943,
    "Word Class Verbs": 0.9973319103521878,
    "Word Class Participle": 0.9457364341085271,
    "Word Class Adverb": 0.9900819318671841,
    "Word Class Conjunctions": 0.9932546374367623,
    "Word Class Foreign words": 0.625,
    "Word Class Unanalyzed word": 0.0,
    "Word Class Abbreviation": 0.8837209302325583,
    "Word Class Web email or address": 0.0,
    "Word Class Punctuation": 1.0,
    "Word Class Symbol": 1.0,
    "Word Class R Article": 0.9519832985386222
  },
  "per_interval_accuracy": {
    "Subcategories": 0.9802534145137404,
    "Gender": 0.9720220432386605,
    "Number": 0.9822539056575156,
    "Case": 0.9752013565069945,
    "Article": 0.9955156950672646,
    "Proper Noun": 0.9906576980568012,
    "Degree": 0.9813084112149533,
    "Declension": 0.9657894736842105,
    "Mood": 0.9877333333333334,
    "Voice": 0.9946666666666667,
    "Tense": 0.9888,
    "Person": 0.9876498365419543,
    "Definiteness": 0.9827586206896551
  },
  "per_interval_f1": {
    "Subcategories": 0.8993759899900134,
    "Gender": 0.7795119056944667,
    "Number": 0.734814843704555,
    "Case": 0.8097353313454466,
    "Article": 0.6643584851613042,
    "Proper Noun": 0.6595304031692678,
    "Degree": 0.6429497587893623,
    "Declension": 0.7351051642748329,
    "Mood": 0.6912246711727785,
    "Voice": 0.6569667487203532,
    "Tense": 0.7426980339738156,
    "Person": 0.780422047591945,
    "Definiteness": 0.6610826237267685
  },
  "learning_rate": 1.9e-05
}