{
  "epoch": 11,
  "mode": "singlelabel",
  "fold": 8,
  "eval_decoder": "greedy",
  "mbr_threshold": 0.0,
  "train_loss": 0.04607618150533092,
  "val_loss": 0.1705454595386982,
  "train_composite_accuracy": 0.9909157148670004,
  "train_composite_micro_f1": 0.9909157148670004,
  "train_composite_macro_f1": 0.7650160533279399,
  "val_composite_accuracy": 0.9747205503009458,
  "val_composite_micro_f1": 0.9747205503009458,
  "val_composite_macro_f1": 0.8589977038785733,
  "per_word_class_accuracy": {
    "Word Class Noun": 0.9966367713004485,
    "Word Class Adjective": 0.9750445632798574,
    "Word Class Pronoun": 0.9920273348519362,
    "Word Class Number": 0.9593023255813954,
    "Word Class Verbs": 0.9968,
    "Word Class Participle": 0.9246231155778895,
    "Word Class Adverb": 0.9944158075601375,
    "Word Class Conjunctions": 0.996607294317218,
    "Word Class Foreign words": 0.8333333333333334,
    "Word Class Unanalyzed word": 0.0,
    "Word Class Abbreviation": 0.8695652173913043,
    "Word Class Web email or address": 0.0,
    "Word Class Punctuation": 1.0,
    "Word Class Symbol": 1.0,
    "Word Class R Article": 0.9741379310344828
  },
  "per_word_class_f1": {
    "Word Class Noun": 0.9970093457943926,
    "Word Class Adjective": 0.9630281690140846,
    "Word Class Pronoun": 0.9914627205463858,
    "Word Class Number": 0.9734513274336284,
    "Word Class Verbs": 0.9981308411214954,
    "Word Class Participle": 0.9583333333333334,
    "Word Class Adverb": 0.992923010937165,
    "Word Class Conjunctions": 0.996607294317218,
    "Word Class Foreign words": 0.5882352941176471,
    "Word Class Unanalyzed word": 0.0,
    "Word Class Abbreviation": 0.909090909090909,
    "Word Class Web email or address": 0.0,
    "Word Class Punctuation": 1.0,
    "Word Class Symbol": 1.0,
    "Word Class R Article": 0.9720430107526882
  },
  "per_interval_accuracy": {
    "Subcategories": 0.9866710547967747,
    "Gender": 0.9815599830436625,
    "Number": 0.9869558622781738,
    "Case": 0.9819838914794404,
    "Article": 0.9947683109118086,
    "Proper Noun": 0.9917787742899851,
    "Degree": 0.991000346140533,
    "Declension": 0.975,
    "Mood": 0.9914666666666667,
    "Voice": 0.9968,
    "Tense": 0.9909333333333333,
    "Person": 0.9916454776607337,
    "Definiteness": 0.9741379310344828
  },
  "per_interval_f1": {
    "Subcategories": 0.8960547691011883,
    "Gender": 0.7876024187564928,
    "Number": 0.7399452626415233,
    "Case": 0.8189264308134008,
    "Article": 0.6644302735807842,
    "Proper Noun": 0.6611737396760332,
    "Degree": 0.8210589268871145,
    "Declension": 0.7421284016111602,
    "Mood": 0.7556904022770354,
    "Voice": 0.6640517471245772,
    "Tense": 0.7443970159446971,
    "Person": 0.7929194252824099,
    "Definiteness": 0.6558752150043591
  },
  "learning_rate": 1.7800000000000002e-05
}