{
  "mode": "singlelabel",
  "fold": 8,
  "eval_decoder": "greedy",
  "mbr_threshold": 0.0,
  "temperature": 1.0,
  "ood_data_path": "data/OOD-BRAGD.json",
  "num_sentences": 500,
  "composite_accuracy": 0.9585258187044451,
  "composite_micro_f1": 0.9585258187044451,
  "composite_macro_f1": 0.7777257387483296,
  "word_class_accuracy": 0.9886048660301817,
  "word_class_macro_f1": 0.9462474540233774,
  "per_word_class_accuracy": {
    "Word Class Noun": 0.9921602787456446,
    "Word Class Adjective": 0.9549248747913188,
    "Word Class Pronoun": 0.9904109589041096,
    "Word Class Number": 1.0,
    "Word Class Verbs": 0.9971469329529244,
    "Word Class Participle": 0.8791946308724832,
    "Word Class Adverb": 0.9928453494771602,
    "Word Class Conjunctions": 0.9925847457627118,
    "Word Class Foreign words": 0.6,
    "Word Class Unanalyzed word": 0.0,
    "Word Class Abbreviation": 1.0,
    "Word Class Web email or address": 0.0,
    "Word Class Punctuation": 1.0,
    "Word Class Symbol": 0.9230769230769231,
    "Word Class R Article": 0.98125
  },
  "per_word_class_f1": {
    "Word Class Noun": 0.9932417702201874,
    "Word Class Adjective": 0.9517470881863561,
    "Word Class Pronoun": 0.9910897875257025,
    "Word Class Number": 1.0,
    "Word Class Verbs": 0.9964362081254454,
    "Word Class Participle": 0.9323843416370107,
    "Word Class Adverb": 0.9866010391030899,
    "Word Class Conjunctions": 0.9931107578166402,
    "Word Class Foreign words": 0.7499999999999999,
    "Word Class Unanalyzed word": 0.0,
    "Word Class Abbreviation": 0.7428571428571429,
    "Word Class Web email or address": 0.0,
    "Word Class Punctuation": 1.0,
    "Word Class Symbol": 0.9600000000000001,
    "Word Class R Article": 0.98125
  },
  "per_interval_accuracy": {
    "Subcategories": 0.9878072763028515,
    "Gender": 0.9568345323741008,
    "Number": 0.9818736539842068,
    "Case": 0.9726618705035971,
    "Article": 0.9895470383275261,
    "Proper Noun": 0.9738675958188153,
    "Degree": 0.9830298013245033,
    "Declension": 0.9598930481283422,
    "Mood": 0.9942938659058488,
    "Voice": 0.9971469329529244,
    "Tense": 0.9935805991440799,
    "Person": 0.9906191369606003,
    "Definiteness": 0.98125
  },
  "per_interval_f1": {
    "Subcategories": 0.8936524286685307,
    "Gender": 0.7697082030833283,
    "Number": 0.7369449650203788,
    "Case": 0.8047996729089203,
    "Article": 0.6623562732919255,
    "Proper Noun": 0.6474642776358633,
    "Degree": 0.649618435078275,
    "Declension": 0.7383881294226763,
    "Mood": 0.7651155728874116,
    "Voice": 0.6661713719663199,
    "Tense": 0.7458959386572849,
    "Person": 0.7881334859243934,
    "Definiteness": 0.6600670690811535
  }
}