{
  "best_epoch": 8,
  "total_epochs_trained": 8,
  "mode": "multilabel",
  "fold": 7,
  "optimizer": "adamw",
  "eval_decoder": "greedy",
  "mbr_threshold": 0.0,
  "train_loss": 0.09487877349644422,
  "val_loss": 0.2679675966501236,
  "train_composite_accuracy": 0.9856466607098724,
  "train_composite_micro_f1": 0.9856466607098724,
  "train_composite_macro_f1": 0.8663452894603784,
  "val_composite_accuracy": 0.973987955838073,
  "val_composite_micro_f1": 0.973987955838073,
  "val_composite_macro_f1": 0.87342089628556,
  "per_word_class_accuracy": {
    "Word Class Noun": 0.9977678571428571,
    "Word Class Adjective": 0.9564541213063764,
    "Word Class Pronoun": 0.9876265466816648,
    "Word Class Number": 0.9920634920634921,
    "Word Class Verbs": 0.9979220779220779,
    "Word Class Participle": 0.978494623655914,
    "Word Class Adverb": 0.9838776353865234,
    "Word Class Conjunctions": 0.9976114649681529,
    "Word Class Foreign words": 0.4,
    "Word Class Unanalyzed word": 0.0,
    "Word Class Abbreviation": 1.0,
    "Word Class Web email or address": 0.0,
    "Word Class Punctuation": 1.0,
    "Word Class Symbol": 1.0,
    "Word Class R Article": 0.9672131147540983
  },
  "per_word_class_f1": {
    "Word Class Noun": 0.9966555183946487,
    "Word Class Adjective": 0.9542280837858806,
    "Word Class Pronoun": 0.9859629421673217,
    "Word Class Number": 0.9842519685039369,
    "Word Class Verbs": 0.9979220779220779,
    "Word Class Participle": 0.9578947368421052,
    "Word Class Adverb": 0.9885773624091381,
    "Word Class Conjunctions": 0.9944444444444445,
    "Word Class Foreign words": 0.5454545454545455,
    "Word Class Unanalyzed word": 0.0,
    "Word Class Abbreviation": 1.0,
    "Word Class Web email or address": 0.0,
    "Word Class Punctuation": 1.0,
    "Word Class Symbol": 1.0,
    "Word Class R Article": 0.9652351738241309
  },
  "per_interval_accuracy": {
    "Subcategories": 0.9851745576279293,
    "Gender": 0.9811557788944724,
    "Number": 0.9926876585584241,
    "Case": 0.9849246231155779,
    "Article": 0.9955357142857143,
    "Proper Noun": 0.9944196428571429,
    "Degree": 0.984323971260614,
    "Declension": 0.9927623642943305,
    "Mood": 0.9942857142857143,
    "Voice": 0.9989610389610389,
    "Tense": 0.9932467532467533,
    "Person": 0.9907604832977968,
    "Definiteness": 0.9836065573770492
  },
  "per_interval_f1": {
    "Subcategories": 0.9675353721197565,
    "Gender": 0.9823243124574361,
    "Number": 0.9911864025311049,
    "Case": 0.9836281817216632,
    "Article": 0.9951018504120666,
    "Proper Noun": 0.9928577691688388,
    "Degree": 0.7781734429724378,
    "Declension": 0.9930215762390538,
    "Mood": 0.9092512338365677,
    "Voice": 0.9944636180615474,
    "Tense": 0.9931774697475518,
    "Person": 0.9560051076604462,
    "Definiteness": 0.9827622748145531
  },
  "learning_rate": 1.8400000000000003e-05,
  "base_learning_rate": 2e-05,
  "warmup_ratio": 0.0
}