{
  "epoch": 9,
  "mode": "multilabel",
  "fold": 7,
  "eval_decoder": "greedy",
  "mbr_threshold": 0.0,
  "train_loss": 0.08437793167223924,
  "val_loss": 0.2655144274234772,
  "train_composite_accuracy": 0.9869682999857421,
  "train_composite_micro_f1": 0.9869682999857421,
  "train_composite_macro_f1": 0.8694631902122979,
  "val_composite_accuracy": 0.9733344478809663,
  "val_composite_micro_f1": 0.9733344478809663,
  "val_composite_macro_f1": 0.8720760864197066,
  "per_word_class_accuracy": {
    "Word Class Noun": 0.9966517857142857,
    "Word Class Adjective": 0.968895800933126,
    "Word Class Pronoun": 0.9898762654668166,
    "Word Class Number": 0.9841269841269841,
    "Word Class Verbs": 0.9974025974025974,
    "Word Class Participle": 0.946236559139785,
    "Word Class Adverb": 0.9867713931376602,
    "Word Class Conjunctions": 0.9968152866242038,
    "Word Class Foreign words": 0.4,
    "Word Class Unanalyzed word": 0.0,
    "Word Class Abbreviation": 0.9523809523809523,
    "Word Class Web email or address": 0.0,
    "Word Class Punctuation": 1.0,
    "Word Class Symbol": 1.0,
    "Word Class R Article": 0.9672131147540983
  },
  "per_word_class_f1": {
    "Word Class Noun": 0.9960959286112661,
    "Word Class Adjective": 0.9584615384615385,
    "Word Class Pronoun": 0.9871003925967471,
    "Word Class Number": 0.9763779527559054,
    "Word Class Verbs": 0.9976617303195636,
    "Word Class Participle": 0.9565217391304348,
    "Word Class Adverb": 0.9902509852727649,
    "Word Class Conjunctions": 0.9948351211760033,
    "Word Class Foreign words": 0.5217391304347827,
    "Word Class Unanalyzed word": 0.0,
    "Word Class Abbreviation": 0.975609756097561,
    "Word Class Web email or address": 0.0,
    "Word Class Punctuation": 1.0,
    "Word Class Symbol": 1.0,
    "Word Class R Article": 0.9652351738241309
  },
  "per_interval_accuracy": {
    "Subcategories": 0.9851745576279293,
    "Gender": 0.9813651591289783,
    "Number": 0.9925384271004327,
    "Case": 0.9845058626465661,
    "Article": 0.9955357142857143,
    "Proper Noun": 0.9947916666666666,
    "Degree": 0.9869366427171783,
    "Declension": 0.9891435464414958,
    "Mood": 0.9953246753246753,
    "Voice": 0.9989610389610389,
    "Tense": 0.9937662337662337,
    "Person": 0.9925373134328358,
    "Definiteness": 0.9836065573770492
  },
  "per_interval_f1": {
    "Subcategories": 0.9688860940803269,
    "Gender": 0.9821055837247579,
    "Number": 0.9911856816273943,
    "Case": 0.9845524913845232,
    "Article": 0.9951018504120666,
    "Proper Noun": 0.993348698443222,
    "Degree": 0.7800667005090439,
    "Declension": 0.9847430540330242,
    "Mood": 0.9094442111354978,
    "Voice": 0.9944636180615474,
    "Tense": 0.9936408694760649,
    "Person": 0.966045274102723,
    "Definiteness": 0.9827622748145531
  },
  "learning_rate": 1.8200000000000002e-05
}