{
  "epoch": 7,
  "mode": "multilabel",
  "fold": 7,
  "eval_decoder": "greedy",
  "mbr_threshold": 0.0,
  "train_loss": 0.11691474101439747,
  "val_loss": 0.26844749599695206,
  "train_composite_accuracy": 0.9829971757053605,
  "train_composite_micro_f1": 0.9829971757053605,
  "train_composite_macro_f1": 0.8435323391884597,
  "val_composite_accuracy": 0.9709866220735786,
  "val_composite_micro_f1": 0.9709866220735786,
  "val_composite_macro_f1": 0.8713767656102769,
  "per_word_class_accuracy": {
    "Word Class Noun": 0.9973958333333334,
    "Word Class Adjective": 0.9673405909797823,
    "Word Class Pronoun": 0.9898762654668166,
    "Word Class Number": 0.9841269841269841,
    "Word Class Verbs": 0.9974025974025974,
    "Word Class Participle": 0.9408602150537635,
    "Word Class Adverb": 0.9805704836709384,
    "Word Class Conjunctions": 0.9976114649681529,
    "Word Class Foreign words": 0.4666666666666667,
    "Word Class Unanalyzed word": 0.0,
    "Word Class Abbreviation": 1.0,
    "Word Class Web email or address": 0.0,
    "Word Class Punctuation": 1.0,
    "Word Class Symbol": 1.0,
    "Word Class R Article": 0.9713114754098361
  },
  "per_word_class_f1": {
    "Word Class Noun": 0.9962839093273876,
    "Word Class Adjective": 0.9510703363914373,
    "Word Class Pronoun": 0.9848908785674314,
    "Word Class Number": 0.9880478087649401,
    "Word Class Verbs": 0.9976617303195636,
    "Word Class Participle": 0.9485094850948509,
    "Word Class Adverb": 0.9877160108265668,
    "Word Class Conjunctions": 0.9940499801666006,
    "Word Class Foreign words": 0.608695652173913,
    "Word Class Unanalyzed word": 0.0,
    "Word Class Abbreviation": 1.0,
    "Word Class Web email or address": 0.0,
    "Word Class Punctuation": 1.0,
    "Word Class Symbol": 1.0,
    "Word Class R Article": 0.9693251533742332
  },
  "per_interval_accuracy": {
    "Subcategories": 0.9843774908337318,
    "Gender": 0.9807370184254607,
    "Number": 0.9916430383524847,
    "Case": 0.9826214405360134,
    "Article": 0.9955357142857143,
    "Proper Noun": 0.9944196428571429,
    "Degree": 0.9817112998040496,
    "Declension": 0.9903498190591074,
    "Mood": 0.9942857142857143,
    "Voice": 0.9989610389610389,
    "Tense": 0.9922077922077922,
    "Person": 0.990405117270789,
    "Definiteness": 0.9877049180327869
  },
  "per_interval_f1": {
    "Subcategories": 0.9672253887927238,
    "Gender": 0.9818936970481686,
    "Number": 0.9901963145013456,
    "Case": 0.9823375121841342,
    "Article": 0.9951018504120666,
    "Proper Noun": 0.9928641197072237,
    "Degree": 0.7721009808983623,
    "Declension": 0.98858574137136,
    "Mood": 0.9092512338365677,
    "Voice": 0.9944636180615474,
    "Tense": 0.9922465878044818,
    "Person": 0.9570894890506044,
    "Definiteness": 0.9870467696554652
  },
  "learning_rate": 1.86e-05
}