{
  "epoch": 10,
  "mode": "multilabel",
  "fold": 7,
  "eval_decoder": "greedy",
  "mbr_threshold": 0.0,
  "train_loss": 0.06804004350603929,
  "val_loss": 0.27199558466672896,
  "train_composite_accuracy": 0.9893723205034364,
  "train_composite_micro_f1": 0.9893723205034364,
  "train_composite_macro_f1": 0.8998041841693349,
  "val_composite_accuracy": 0.9721595184349134,
  "val_composite_micro_f1": 0.9721595184349134,
  "val_composite_macro_f1": 0.8558932884824137,
  "per_word_class_accuracy": {
    "Word Class Noun": 0.9970238095238095,
    "Word Class Adjective": 0.9595645412130638,
    "Word Class Pronoun": 0.9887514060742407,
    "Word Class Number": 0.9841269841269841,
    "Word Class Verbs": 0.9979220779220779,
    "Word Class Participle": 0.9247311827956989,
    "Word Class Adverb": 0.9863579991732121,
    "Word Class Conjunctions": 0.9976114649681529,
    "Word Class Foreign words": 0.4,
    "Word Class Unanalyzed word": 0.0,
    "Word Class Abbreviation": 1.0,
    "Word Class Web email or address": 0.0,
    "Word Class Punctuation": 1.0,
    "Word Class Symbol": 1.0,
    "Word Class R Article": 0.9631147540983607
  },
  "per_word_class_f1": {
    "Word Class Noun": 0.9955423476968797,
    "Word Class Adjective": 0.9565891472868217,
    "Word Class Pronoun": 0.9854260089686099,
    "Word Class Number": 0.9763779527559054,
    "Word Class Verbs": 0.9979220779220779,
    "Word Class Participle": 0.9476584022038568,
    "Word Class Adverb": 0.9892205638474296,
    "Word Class Conjunctions": 0.9940499801666006,
    "Word Class Foreign words": 0.5454545454545455,
    "Word Class Unanalyzed word": 0.0,
    "Word Class Abbreviation": 0.9767441860465117,
    "Word Class Web email or address": 0.0,
    "Word Class Punctuation": 1.0,
    "Word Class Symbol": 1.0,
    "Word Class R Article": 0.9611451942740287
  },
  "per_interval_accuracy": {
    "Subcategories": 0.9854933843456082,
    "Gender": 0.9796901172529313,
    "Number": 0.9920907327264588,
    "Case": 0.9826214405360134,
    "Article": 0.9947916666666666,
    "Proper Noun": 0.9947916666666666,
    "Degree": 0.984977139124755,
    "Declension": 0.9879372738238842,
    "Mood": 0.9953246753246753,
    "Voice": 0.9989610389610389,
    "Tense": 0.9937662337662337,
    "Person": 0.9914712153518124,
    "Definiteness": 0.9836065573770492
  },
  "per_interval_f1": {
    "Subcategories": 0.9699910845304492,
    "Gender": 0.9807098841616062,
    "Number": 0.9905311337386279,
    "Case": 0.9805826767554555,
    "Article": 0.994285492147411,
    "Proper Noun": 0.9933190121966375,
    "Degree": 0.7783637759713811,
    "Declension": 0.9835237633864518,
    "Mood": 0.9094442111354978,
    "Voice": 0.9944636180615474,
    "Tense": 0.9936408694760649,
    "Person": 0.955502831304019,
    "Definiteness": 0.9827622748145531
  },
  "learning_rate": 1.8e-05
}