{
  "epoch": 1,
  "mode": "multilabel",
  "fold": 7,
  "eval_decoder": "greedy",
  "mbr_threshold": 0.0,
  "train_loss": 3.1551591412989852,
  "val_loss": 0.7689106822013855,
  "train_composite_accuracy": 0.7145788589533673,
  "train_composite_micro_f1": 0.7145788589533671,
  "train_composite_macro_f1": 0.26003609580137604,
  "val_composite_accuracy": 0.9219105382865808,
  "val_composite_micro_f1": 0.9219105382865806,
  "val_composite_macro_f1": 0.6555072295533463,
  "per_word_class_accuracy": {
    "Word Class Noun": 0.9959077380952381,
    "Word Class Adjective": 0.9206842923794712,
    "Word Class Pronoun": 0.984251968503937,
    "Word Class Number": 0.9444444444444444,
    "Word Class Verbs": 0.9968831168831169,
    "Word Class Participle": 0.9139784946236559,
    "Word Class Adverb": 0.9789169078131459,
    "Word Class Conjunctions": 0.9936305732484076,
    "Word Class Foreign words": 0.0,
    "Word Class Unanalyzed word": 0.0,
    "Word Class Abbreviation": 0.0,
    "Word Class Web email or address": 0.0,
    "Word Class Punctuation": 1.0,
    "Word Class Symbol": 0.0,
    "Word Class R Article": 0.9467213114754098
  },
  "per_word_class_f1": {
    "Word Class Noun": 0.9912979077948528,
    "Word Class Adjective": 0.9286274509803921,
    "Word Class Pronoun": 0.9727626459143969,
    "Word Class Number": 0.9635627530364373,
    "Word Class Verbs": 0.9955901426718546,
    "Word Class Participle": 0.8970976253298152,
    "Word Class Adverb": 0.9829804898298049,
    "Word Class Conjunctions": 0.9904761904761905,
    "Word Class Foreign words": 0.0,
    "Word Class Unanalyzed word": 0.0,
    "Word Class Abbreviation": 0.0,
    "Word Class Web email or address": 0.0,
    "Word Class Punctuation": 0.9990406140070355,
    "Word Class Symbol": 0.0,
    "Word Class R Article": 0.9371196754563895
  },
  "per_interval_accuracy": {
    "Subcategories": 0.9609437270843296,
    "Gender": 0.9457705192629816,
    "Number": 0.9794060587971944,
    "Case": 0.945142378559464,
    "Article": 0.9884672619047619,
    "Proper Noun": 0.9854910714285714,
    "Degree": 0.9588504245591117,
    "Declension": 0.9565741857659831,
    "Mood": 0.9937662337662337,
    "Voice": 0.9506493506493506,
    "Tense": 0.9896103896103896,
    "Person": 0.9793887704335466,
    "Definiteness": 0.9918032786885246
  },
  "per_interval_f1": {
    "Subcategories": 0.7973085609534536,
    "Gender": 0.9463655616192198,
    "Number": 0.9746063000358598,
    "Case": 0.8488683838776161,
    "Article": 0.9873495185854804,
    "Proper Noun": 0.9814467112387815,
    "Degree": 0.6796388108633545,
    "Declension": 0.9206560600481636,
    "Mood": 0.740830499622106,
    "Voice": 0.48735019973368837,
    "Tense": 0.9891111151356733,
    "Person": 0.7252248587362472,
    "Definiteness": 0.9913475177304965
  },
  "learning_rate": 1.98e-05
}