{
  "epoch": 5,
  "mode": "multilabel",
  "fold": 7,
  "eval_decoder": "greedy",
  "mbr_threshold": 0.0,
  "train_loss": 0.18496248083734096,
  "val_loss": 0.26244669407606125,
  "train_composite_accuracy": 0.974626922491244,
  "train_composite_micro_f1": 0.974626922491244,
  "train_composite_macro_f1": 0.7623223789127629,
  "val_composite_accuracy": 0.9702904008703657,
  "val_composite_micro_f1": 0.9702904008703657,
  "val_composite_macro_f1": 0.8587084986287621,
  "per_word_class_accuracy": {
    "Word Class Noun": 0.9985119047619048,
    "Word Class Adjective": 0.9455676516329704,
    "Word Class Pronoun": 0.9876265466816648,
    "Word Class Number": 0.9761904761904762,
    "Word Class Verbs": 0.9984415584415585,
    "Word Class Participle": 0.9623655913978495,
    "Word Class Adverb": 0.9822240595287309,
    "Word Class Conjunctions": 1.0,
    "Word Class Foreign words": 0.26666666666666666,
    "Word Class Unanalyzed word": 0.0,
    "Word Class Abbreviation": 1.0,
    "Word Class Web email or address": 0.0,
    "Word Class Punctuation": 1.0,
    "Word Class Symbol": 1.0,
    "Word Class R Article": 0.9754098360655737
  },
  "per_word_class_f1": {
    "Word Class Noun": 0.9962880475129918,
    "Word Class Adjective": 0.9522317932654658,
    "Word Class Pronoun": 0.9843049327354261,
    "Word Class Number": 0.9840000000000001,
    "Word Class Verbs": 0.9974052932018681,
    "Word Class Participle": 0.9496021220159152,
    "Word Class Adverb": 0.988352745424293,
    "Word Class Conjunctions": 0.9921011058451817,
    "Word Class Foreign words": 0.4210526315789474,
    "Word Class Unanalyzed word": 0.0,
    "Word Class Abbreviation": 1.0,
    "Word Class Web email or address": 0.0,
    "Word Class Punctuation": 1.0,
    "Word Class Symbol": 1.0,
    "Word Class R Article": 0.9655172413793104
  },
  "per_interval_accuracy": {
    "Subcategories": 0.9835804240395345,
    "Gender": 0.9780150753768844,
    "Number": 0.9905984181465453,
    "Case": 0.981574539363484,
    "Article": 0.9959077380952381,
    "Proper Noun": 0.9933035714285714,
    "Degree": 0.9810581319399085,
    "Declension": 0.9831121833534379,
    "Mood": 0.9958441558441559,
    "Voice": 0.9979220779220779,
    "Tense": 0.9953246753246753,
    "Person": 0.9914712153518124,
    "Definiteness": 0.9918032786885246
  },
  "per_interval_f1": {
    "Subcategories": 0.9668128107802059,
    "Gender": 0.9784158059651317,
    "Number": 0.9890108626661201,
    "Case": 0.9799464750779794,
    "Article": 0.9955089376969909,
    "Proper Noun": 0.991379156745261,
    "Degree": 0.7705922901198824,
    "Declension": 0.9721500005796591,
    "Mood": 0.910443600223765,
    "Voice": 0.988815552482657,
    "Tense": 0.9952433796725483,
    "Person": 0.9639518438467871,
    "Definiteness": 0.9913475177304965
  },
  "learning_rate": 1.9e-05
}