{
  "epoch": 3,
  "mode": "multilabel",
  "fold": 7,
  "eval_decoder": "greedy",
  "mbr_threshold": 0.0,
  "train_loss": 0.3739444261424927,
  "val_loss": 0.3268126755952835,
  "train_composite_accuracy": 0.9572211402604346,
  "train_composite_micro_f1": 0.9572211402604346,
  "train_composite_macro_f1": 0.665263431173866,
  "val_composite_accuracy": 0.9650812259253057,
  "val_composite_micro_f1": 0.9650812259253057,
  "val_composite_macro_f1": 0.812395131249747,
  "per_word_class_accuracy": {
    "Word Class Noun": 0.9966517857142857,
    "Word Class Adjective": 0.9533437013996889,
    "Word Class Pronoun": 0.9865016872890888,
    "Word Class Number": 0.9841269841269841,
    "Word Class Verbs": 0.9979220779220779,
    "Word Class Participle": 0.9139784946236559,
    "Word Class Adverb": 0.9830508474576272,
    "Word Class Conjunctions": 0.9952229299363057,
    "Word Class Foreign words": 0.06666666666666667,
    "Word Class Unanalyzed word": 0.0,
    "Word Class Abbreviation": 0.9523809523809523,
    "Word Class Web email or address": 0.0,
    "Word Class Punctuation": 1.0,
    "Word Class Symbol": 0.0,
    "Word Class R Article": 0.9754098360655737
  },
  "per_word_class_f1": {
    "Word Class Noun": 0.9951708766716196,
    "Word Class Adjective": 0.9459876543209876,
    "Word Class Pronoun": 0.9787946428571429,
    "Word Class Number": 0.9880478087649401,
    "Word Class Verbs": 0.9979220779220779,
    "Word Class Participle": 0.9239130434782609,
    "Word Class Adverb": 0.9871315898713159,
    "Word Class Conjunctions": 0.9940357852882704,
    "Word Class Foreign words": 0.125,
    "Word Class Unanalyzed word": 0.0,
    "Word Class Abbreviation": 0.9302325581395349,
    "Word Class Web email or address": 0.0,
    "Word Class Punctuation": 1.0,
    "Word Class Symbol": 0.0,
    "Word Class R Article": 0.9655172413793104
  },
  "per_interval_accuracy": {
    "Subcategories": 0.9816674637334608,
    "Gender": 0.9736180904522613,
    "Number": 0.990449186688554,
    "Case": 0.980108877721943,
    "Article": 0.9929315476190477,
    "Proper Noun": 0.9925595238095238,
    "Degree": 0.980078380143697,
    "Declension": 0.9903498190591074,
    "Mood": 0.9932467532467533,
    "Voice": 0.9953246753246753,
    "Tense": 0.9922077922077922,
    "Person": 0.9896943852167733,
    "Definiteness": 0.9918032786885246
  },
  "per_interval_f1": {
    "Subcategories": 0.8949677357164993,
    "Gender": 0.9751429491079695,
    "Number": 0.9884603241216224,
    "Case": 0.9787932536223675,
    "Article": 0.9922502346310054,
    "Proper Noun": 0.9904897159439487,
    "Degree": 0.7679916535379745,
    "Declension": 0.9841681298572126,
    "Mood": 0.7401043697122651,
    "Voice": 0.9741826748984072,
    "Tense": 0.9920584107242766,
    "Person": 0.9450738410943424,
    "Definiteness": 0.9913475177304965
  },
  "learning_rate": 1.94e-05
}