{
  "epoch": 2,
  "mode": "multilabel",
  "fold": 7,
  "eval_decoder": "greedy",
  "mbr_threshold": 0.0,
  "train_loss": 0.6738687418130114,
  "val_loss": 0.406783664226532,
  "train_composite_accuracy": 0.9275763074766444,
  "train_composite_micro_f1": 0.9275763074766444,
  "train_composite_macro_f1": 0.5523521061435173,
  "val_composite_accuracy": 0.9544654088050315,
  "val_composite_micro_f1": 0.9544654088050315,
  "val_composite_macro_f1": 0.7635877978621346,
  "per_word_class_accuracy": {
    "Word Class Noun": 0.9959077380952381,
    "Word Class Adjective": 0.9409020217729394,
    "Word Class Pronoun": 0.9808773903262092,
    "Word Class Number": 0.9523809523809523,
    "Word Class Verbs": 0.9984415584415585,
    "Word Class Participle": 0.8924731182795699,
    "Word Class Adverb": 0.9867713931376602,
    "Word Class Conjunctions": 0.9928343949044586,
    "Word Class Foreign words": 0.2,
    "Word Class Unanalyzed word": 0.0,
    "Word Class Abbreviation": 0.6666666666666666,
    "Word Class Web email or address": 0.0,
    "Word Class Punctuation": 1.0,
    "Word Class Symbol": 0.0,
    "Word Class R Article": 0.9672131147540983
  },
  "per_word_class_f1": {
    "Word Class Noun": 0.9938741414516429,
    "Word Class Adjective": 0.9416342412451363,
    "Word Class Pronoun": 0.9770308123249299,
    "Word Class Number": 0.97165991902834,
    "Word Class Verbs": 0.9974052932018681,
    "Word Class Participle": 0.9146005509641872,
    "Word Class Adverb": 0.985752632665703,
    "Word Class Conjunctions": 0.9936254980079681,
    "Word Class Foreign words": 0.33333333333333337,
    "Word Class Unanalyzed word": 0.0,
    "Word Class Abbreviation": 0.7567567567567567,
    "Word Class Web email or address": 0.0,
    "Word Class Punctuation": 1.0,
    "Word Class Symbol": 0.0,
    "Word Class R Article": 0.9496981891348089
  },
  "per_interval_accuracy": {
    "Subcategories": 0.9754503427387216,
    "Gender": 0.961892797319933,
    "Number": 0.9865691687807789,
    "Case": 0.974036850921273,
    "Article": 0.9906994047619048,
    "Proper Noun": 0.9899553571428571,
    "Degree": 0.9774657086871326,
    "Declension": 0.9879372738238842,
    "Mood": 0.9942857142857143,
    "Voice": 0.9864935064935065,
    "Tense": 0.9942857142857143,
    "Person": 0.9872068230277186,
    "Definiteness": 0.9918032786885246
  },
  "per_interval_f1": {
    "Subcategories": 0.8760084130081652,
    "Gender": 0.964427077297522,
    "Number": 0.984548243205051,
    "Case": 0.9666070061796477,
    "Article": 0.9898078645974812,
    "Proper Noun": 0.9872119963653145,
    "Degree": 0.7588187807570715,
    "Declension": 0.9815577913220895,
    "Mood": 0.7426751792130655,
    "Voice": 0.9181579739152048,
    "Tense": 0.9943122225267018,
    "Person": 0.9214748363456192,
    "Definiteness": 0.9913475177304965
  },
  "learning_rate": 1.9600000000000002e-05
}