{
  "epoch": 6,
  "mode": "multilabel",
  "fold": 7,
  "eval_decoder": "greedy",
  "mbr_threshold": 0.0,
  "train_loss": 0.14818768316047506,
  "val_loss": 0.2844122931361198,
  "train_composite_accuracy": 0.9798519815072012,
  "train_composite_micro_f1": 0.9798519815072012,
  "train_composite_macro_f1": 0.8122414286452567,
  "val_composite_accuracy": 0.9686793400887698,
  "val_composite_micro_f1": 0.9686793400887698,
  "val_composite_macro_f1": 0.8635673124784998,
  "per_word_class_accuracy": {
    "Word Class Noun": 0.9966517857142857,
    "Word Class Adjective": 0.9393468118195957,
    "Word Class Pronoun": 0.9910011248593926,
    "Word Class Number": 0.9920634920634921,
    "Word Class Verbs": 0.9979220779220779,
    "Word Class Participle": 0.946236559139785,
    "Word Class Adverb": 0.9830508474576272,
    "Word Class Conjunctions": 0.9976114649681529,
    "Word Class Foreign words": 0.4,
    "Word Class Unanalyzed word": 0.0,
    "Word Class Abbreviation": 0.9047619047619048,
    "Word Class Web email or address": 0.0,
    "Word Class Punctuation": 1.0,
    "Word Class Symbol": 1.0,
    "Word Class R Article": 0.9426229508196722
  },
  "per_word_class_f1": {
    "Word Class Noun": 0.9951708766716196,
    "Word Class Adjective": 0.9467084639498432,
    "Word Class Pronoun": 0.9832589285714285,
    "Word Class Number": 0.9765625,
    "Word Class Verbs": 0.9976629446896911,
    "Word Class Participle": 0.9411764705882354,
    "Word Class Adverb": 0.9863127333056824,
    "Word Class Conjunctions": 0.9912974683544303,
    "Word Class Foreign words": 0.5217391304347827,
    "Word Class Unanalyzed word": 0.0,
    "Word Class Abbreviation": 0.9500000000000001,
    "Word Class Web email or address": 0.0,
    "Word Class Punctuation": 1.0,
    "Word Class Symbol": 1.0,
    "Word Class R Article": 0.9623430962343097
  },
  "per_interval_accuracy": {
    "Subcategories": 0.9850151442690898,
    "Gender": 0.9731993299832495,
    "Number": 0.9901507237725713,
    "Case": 0.9809463986599665,
    "Article": 0.9947916666666666,
    "Proper Noun": 0.9929315476190477,
    "Degree": 0.9797517962116263,
    "Declension": 0.9831121833534379,
    "Mood": 0.9948051948051948,
    "Voice": 0.9989610389610389,
    "Tense": 0.9932467532467533,
    "Person": 0.9914712153518124,
    "Definiteness": 0.9877049180327869
  },
  "per_interval_f1": {
    "Subcategories": 0.9681388095978322,
    "Gender": 0.9745739287126474,
    "Number": 0.988225062425148,
    "Case": 0.9798837894444631,
    "Article": 0.9942827104862553,
    "Proper Noun": 0.9909851883637054,
    "Degree": 0.7727739501071433,
    "Declension": 0.9744067787852954,
    "Mood": 0.909048374602928,
    "Voice": 0.9944636180615474,
    "Tense": 0.9931819553678046,
    "Person": 0.956129086583896,
    "Definiteness": 0.9870467696554652
  },
  "learning_rate": 1.88e-05
}