{
  "epoch": 11,
  "mode": "multilabel",
  "fold": 7,
  "eval_decoder": "greedy",
  "mbr_threshold": 0.0,
  "train_loss": 0.05946153195729422,
  "val_loss": 0.26914270520210265,
  "train_composite_accuracy": 0.9904603544111359,
  "train_composite_micro_f1": 0.9904603544111359,
  "train_composite_macro_f1": 0.8816254078540258,
  "val_composite_accuracy": 0.9730724201371467,
  "val_composite_micro_f1": 0.9730724201371467,
  "val_composite_macro_f1": 0.8674155307257722,
  "per_word_class_accuracy": {
    "Word Class Noun": 0.9962797619047619,
    "Word Class Adjective": 0.9642301710730948,
    "Word Class Pronoun": 0.9887514060742407,
    "Word Class Number": 0.9920634920634921,
    "Word Class Verbs": 0.9968831168831169,
    "Word Class Participle": 0.9301075268817204,
    "Word Class Adverb": 0.9884249689954526,
    "Word Class Conjunctions": 0.9960191082802548,
    "Word Class Foreign words": 0.4,
    "Word Class Unanalyzed word": 0.0,
    "Word Class Abbreviation": 1.0,
    "Word Class Web email or address": 0.0,
    "Word Class Punctuation": 1.0,
    "Word Class Symbol": 1.0,
    "Word Class R Article": 0.9631147540983607
  },
  "per_word_class_f1": {
    "Word Class Noun": 0.9960944764738702,
    "Word Class Adjective": 0.9538461538461539,
    "Word Class Pronoun": 0.9865319865319866,
    "Word Class Number": 0.9803921568627451,
    "Word Class Verbs": 0.9976605146867689,
    "Word Class Participle": 0.9453551912568307,
    "Word Class Adverb": 0.9900621118012423,
    "Word Class Conjunctions": 0.9952267303102625,
    "Word Class Foreign words": 0.5454545454545455,
    "Word Class Unanalyzed word": 0.0,
    "Word Class Abbreviation": 0.9767441860465117,
    "Word Class Web email or address": 0.0,
    "Word Class Punctuation": 1.0,
    "Word Class Symbol": 1.0,
    "Word Class R Article": 0.9631147540983607
  },
  "per_interval_accuracy": {
    "Subcategories": 0.9867686912163239,
    "Gender": 0.981574539363484,
    "Number": 0.9910461125205193,
    "Case": 0.9840871021775545,
    "Article": 0.9947916666666666,
    "Proper Noun": 0.9936755952380952,
    "Degree": 0.9859568909209667,
    "Declension": 0.9879372738238842,
    "Mood": 0.9953246753246753,
    "Voice": 0.9989610389610389,
    "Tense": 0.9937662337662337,
    "Person": 0.9911158493248046,
    "Definiteness": 0.9795081967213115
  },
  "per_interval_f1": {
    "Subcategories": 0.9710143472140429,
    "Gender": 0.9823815969469077,
    "Number": 0.9897930562962047,
    "Case": 0.9855834113242826,
    "Article": 0.994285492147411,
    "Proper Noun": 0.991905471724684,
    "Degree": 0.779324530762618,
    "Declension": 0.9856611112535463,
    "Mood": 0.9100478292097671,
    "Voice": 0.9944636180615474,
    "Tense": 0.9936408694760649,
    "Person": 0.9554343832741985,
    "Definiteness": 0.9784934863468895
  },
  "learning_rate": 1.7800000000000002e-05
}