{
  "epoch": 4,
  "mode": "multilabel",
  "fold": 7,
  "eval_decoder": "greedy",
  "mbr_threshold": 0.0,
  "train_loss": 0.25021746573533205,
  "val_loss": 0.28424690663814545,
  "train_composite_accuracy": 0.9675762715094232,
  "train_composite_micro_f1": 0.9675762715094232,
  "train_composite_macro_f1": 0.7229514780510974,
  "val_composite_accuracy": 0.9663654618473896,
  "val_composite_micro_f1": 0.9663654618473896,
  "val_composite_macro_f1": 0.8397978011405427,
  "per_word_class_accuracy": {
    "Word Class Noun": 0.9966517857142857,
    "Word Class Adjective": 0.9626749611197511,
    "Word Class Pronoun": 0.9853768278965129,
    "Word Class Number": 0.9841269841269841,
    "Word Class Verbs": 0.9979220779220779,
    "Word Class Participle": 0.9354838709677419,
    "Word Class Adverb": 0.9818106655642828,
    "Word Class Conjunctions": 0.9960191082802548,
    "Word Class Foreign words": 0.4,
    "Word Class Unanalyzed word": 0.0,
    "Word Class Abbreviation": 0.9523809523809523,
    "Word Class Web email or address": 0.0,
    "Word Class Punctuation": 1.0,
    "Word Class Symbol": 1.0,
    "Word Class R Article": 0.9836065573770492
  },
  "per_word_class_f1": {
    "Word Class Noun": 0.9962811454072146,
    "Word Class Adjective": 0.9523076923076923,
    "Word Class Pronoun": 0.9826135726303983,
    "Word Class Number": 0.9880478087649401,
    "Word Class Verbs": 0.9979220779220779,
    "Word Class Participle": 0.9405405405405404,
    "Word Class Adverb": 0.9875259875259875,
    "Word Class Conjunctions": 0.9924633082110274,
    "Word Class Foreign words": 0.5217391304347827,
    "Word Class Unanalyzed word": 0.0,
    "Word Class Abbreviation": 0.975609756097561,
    "Word Class Web email or address": 0.0,
    "Word Class Punctuation": 1.0,
    "Word Class Symbol": 1.0,
    "Word Class R Article": 0.9657947686116699
  },
  "per_interval_accuracy": {
    "Subcategories": 0.9827833572453372,
    "Gender": 0.9752931323283082,
    "Number": 0.9888076406506492,
    "Case": 0.9807370184254607,
    "Article": 0.9936755952380952,
    "Proper Noun": 0.9906994047619048,
    "Degree": 0.9804049640757675,
    "Declension": 0.9831121833534379,
    "Mood": 0.9958441558441559,
    "Voice": 0.9963636363636363,
    "Tense": 0.9937662337662337,
    "Person": 0.9900497512437811,
    "Definiteness": 0.9918032786885246
  },
  "per_interval_f1": {
    "Subcategories": 0.9632615269360817,
    "Gender": 0.976191136445127,
    "Number": 0.9873827449299991,
    "Case": 0.9791253139233618,
    "Article": 0.9930626392242956,
    "Proper Noun": 0.9881799663445648,
    "Degree": 0.7672397155531921,
    "Declension": 0.9743606390757152,
    "Mood": 0.910443600223765,
    "Voice": 0.9803279215043921,
    "Tense": 0.9934349189365802,
    "Person": 0.9530801698393088,
    "Definiteness": 0.9913475177304965
  },
  "learning_rate": 1.9200000000000003e-05
}