{
  "model": "tnt",
  "fold": 6,
  "ood_data_path": "data/OOD-BRAGD.json",
  "num_sentences": 500,
  "composite_accuracy": 0.7487168959145966,
  "composite_micro_f1": 0.9007162262286984,
  "composite_macro_f1": 0.6312467458495392,
  "word_class_accuracy": 0.9795011113855273,
  "word_class_macro_f1": 0.9664957169925663,
  "per_word_class_accuracy": {
    "Word Class Noun": 0.9915540540540541,
    "Word Class Adjective": 0.9198113207547169,
    "Word Class Pronoun": 0.9733893557422969,
    "Word Class Number": 0.9859154929577465,
    "Word Class Verbs": 0.9913657770800628,
    "Word Class Participle": 0.8316831683168316,
    "Word Class Adverb": 0.9747048903878583,
    "Word Class Conjunctions": 0.989406779661017,
    "Word Class Foreign words": 0.0,
    "Word Class Unanalyzed word": 0.0,
    "Word Class Abbreviation": 1.0,
    "Word Class Web email or address": 0.0,
    "Word Class Punctuation": 1.0,
    "Word Class Symbol": 1.0,
    "Word Class R Article": 0.8860759493670886
  },
  "per_word_class_f1": {
    "Word Class Noun": 0.99029945170814,
    "Word Class Adjective": 0.9408926417370325,
    "Word Class Pronoun": 0.972027972027972,
    "Word Class Number": 0.9893992932862191,
    "Word Class Verbs": 0.9836448598130842,
    "Word Class Participle": 0.8659793814432989,
    "Word Class Adverb": 0.9771766694843617,
    "Word Class Conjunctions": 0.9810924369747899,
    "Word Class Foreign words": 0.0,
    "Word Class Unanalyzed word": 0.0,
    "Word Class Abbreviation": 1.0,
    "Word Class Web email or address": 0.0,
    "Word Class Punctuation": 1.0,
    "Word Class Symbol": 1.0,
    "Word Class R Article": 0.8974358974358974
  }
}