{
  "model": "tnt",
  "fold": 6,
  "val_composite_accuracy": 0.8490785322928773,
  "val_composite_micro_f1": 0.9243560777225486,
  "val_composite_macro_f1": 0.7101031577088699,
  "per_word_class_accuracy": {
    "Word Class Noun": 0.9945972495088409,
    "Word Class Adjective": 0.9551020408163265,
    "Word Class Pronoun": 0.979381443298969,
    "Word Class Number": 0.9453125,
    "Word Class Verbs": 0.993481803367735,
    "Word Class Participle": 0.9069767441860465,
    "Word Class Adverb": 0.9807527801539777,
    "Word Class Conjunctions": 0.9906759906759907,
    "Word Class Foreign words": 0.8571428571428571,
    "Word Class Unanalyzed word": 0.0,
    "Word Class Abbreviation": 1.0,
    "Word Class Web email or address": 0.0,
    "Word Class Punctuation": 1.0,
    "Word Class Symbol": 1.0,
    "Word Class R Article": 0.9186602870813397
  },
  "per_word_class_f1": {
    "Word Class Noun": 0.9953305480462029,
    "Word Class Adjective": 0.9570552147239264,
    "Word Class Pronoun": 0.9758602978941963,
    "Word Class Number": 0.9718875502008032,
    "Word Class Verbs": 0.9918655097613883,
    "Word Class Participle": 0.9140625,
    "Word Class Adverb": 0.9839090323964814,
    "Word Class Conjunctions": 0.9853168469860896,
    "Word Class Foreign words": 0.8571428571428571,
    "Word Class Unanalyzed word": 0.0,
    "Word Class Abbreviation": 1.0,
    "Word Class Web email or address": 0.0,
    "Word Class Punctuation": 1.0,
    "Word Class Symbol": 1.0,
    "Word Class R Article": 0.9142857142857143
  },
  "per_interval_accuracy": {
    "Subcategories": 0.9645669291338582,
    "Gender": 0.9492680464411913,
    "Number": 0.9691538859210753,
    "Case": 0.9063604240282686,
    "Article": 0.993614931237721,
    "Proper Noun": 0.9862475442043221,
    "Degree": 0.9784299858557284,
    "Declension": 0.9337641357027464,
    "Mood": 0.9608908202064096,
    "Voice": 0.993481803367735,
    "Tense": 0.9608908202064096,
    "Person": 0.960156527926005,
    "Definiteness": 0.9186602870813397
  },
  "per_interval_f1": {
    "Subcategories": 0.8945418416832073,
    "Gender": 0.7665077594833173,
    "Number": 0.7211167415112247,
    "Case": 0.7778333186167276,
    "Article": 0.6643030513339182,
    "Proper Noun": 0.6588812214191271,
    "Degree": 0.7844998358799904,
    "Declension": 0.723208535387476,
    "Mood": 0.7033160870783197,
    "Voice": 0.6655424395727937,
    "Tense": 0.7248181714339667,
    "Person": 0.7425513879151804,
    "Definiteness": 0.6216330769067752
  }
}