{
  "epoch": 11,
  "mode": "singlelabel",
  "fold": 5,
  "eval_decoder": "greedy",
  "mbr_threshold": 0.0,
  "train_loss": 0.04526681849106691,
  "val_loss": 0.19733182936906815,
  "train_composite_accuracy": 0.9909453028167016,
  "train_composite_micro_f1": 0.9909453028167016,
  "train_composite_macro_f1": 0.7723888030555289,
  "val_composite_accuracy": 0.9678030303030303,
  "val_composite_micro_f1": 0.9678030303030303,
  "val_composite_macro_f1": 0.8405632940754352,
  "per_word_class_accuracy": {
    "Word Class Noun": 0.9931087289433385,
    "Word Class Adjective": 0.9440559440559441,
    "Word Class Pronoun": 0.989451476793249,
    "Word Class Number": 0.9922480620155039,
    "Word Class Verbs": 0.9983748645720477,
    "Word Class Participle": 0.9502762430939227,
    "Word Class Adverb": 0.991180176396472,
    "Word Class Conjunctions": 0.9965811965811966,
    "Word Class Foreign words": 0.9285714285714286,
    "Word Class Unanalyzed word": 0.0,
    "Word Class Abbreviation": 1.0,
    "Word Class Web email or address": 1.0,
    "Word Class Punctuation": 1.0,
    "Word Class Symbol": 1.0,
    "Word Class R Article": 0.9801980198019802
  },
  "per_word_class_f1": {
    "Word Class Noun": 0.9936793717678605,
    "Word Class Adjective": 0.9565987599645703,
    "Word Class Pronoun": 0.9873684210526316,
    "Word Class Number": 0.9961089494163424,
    "Word Class Verbs": 0.9981045220687789,
    "Word Class Participle": 0.9502762430939227,
    "Word Class Adverb": 0.9901405496119152,
    "Word Class Conjunctions": 0.994456289978678,
    "Word Class Foreign words": 0.896551724137931,
    "Word Class Unanalyzed word": 0.0,
    "Word Class Abbreviation": 0.9811320754716981,
    "Word Class Web email or address": 1.0,
    "Word Class Punctuation": 1.0,
    "Word Class Symbol": 1.0,
    "Word Class R Article": 0.9777777777777779
  },
  "per_interval_accuracy": {
    "Subcategories": 0.9860570687418937,
    "Gender": 0.9730835486649441,
    "Number": 0.9861325115562404,
    "Case": 0.975452196382429,
    "Article": 0.9896630934150077,
    "Proper Noun": 0.9888973966309341,
    "Degree": 0.9837453437182526,
    "Declension": 0.953519256308101,
    "Mood": 0.9897074756229686,
    "Voice": 0.9983748645720477,
    "Tense": 0.9891657638136512,
    "Person": 0.9874731567644953,
    "Definiteness": 0.9801980198019802
  },
  "per_interval_f1": {
    "Subcategories": 0.9094218087683302,
    "Gender": 0.7808781107435039,
    "Number": 0.7383643634606138,
    "Case": 0.8135749063391348,
    "Article": 0.6622824254528665,
    "Proper Noun": 0.6606413605860356,
    "Degree": 0.6460590949374135,
    "Declension": 0.7198113442996722,
    "Mood": 0.764645129213191,
    "Voice": 0.6663853727144867,
    "Tense": 0.7426559112246334,
    "Person": 0.7848816000237718,
    "Definiteness": 0.6549707602339181
  },
  "learning_rate": 1.7800000000000002e-05
}