{
  "epoch": 12,
  "mode": "singlelabel",
  "fold": 5,
  "eval_decoder": "greedy",
  "mbr_threshold": 0.0,
  "train_loss": 0.040318296406841043,
  "val_loss": 0.19494766369462013,
  "train_composite_accuracy": 0.9919009187158793,
  "train_composite_micro_f1": 0.9919009187158793,
  "train_composite_macro_f1": 0.7902409101906721,
  "val_composite_accuracy": 0.9704717630853994,
  "val_composite_micro_f1": 0.9704717630853994,
  "val_composite_macro_f1": 0.8634583109065509,
  "per_word_class_accuracy": {
    "Word Class Noun": 0.9957886676875957,
    "Word Class Adjective": 0.958041958041958,
    "Word Class Pronoun": 0.9883966244725738,
    "Word Class Number": 0.9922480620155039,
    "Word Class Verbs": 0.9978331527627302,
    "Word Class Participle": 0.9447513812154696,
    "Word Class Adverb": 0.9882402351952961,
    "Word Class Conjunctions": 0.9957264957264957,
    "Word Class Foreign words": 0.9285714285714286,
    "Word Class Unanalyzed word": 0.0,
    "Word Class Abbreviation": 1.0,
    "Word Class Web email or address": 1.0,
    "Word Class Punctuation": 1.0,
    "Word Class Symbol": 1.0,
    "Word Class R Article": 0.9851485148514851
  },
  "per_word_class_f1": {
    "Word Class Noun": 0.9954075774971296,
    "Word Class Adjective": 0.960560911481157,
    "Word Class Pronoun": 0.9873551106427819,
    "Word Class Number": 0.9961089494163424,
    "Word Class Verbs": 0.9983739837398373,
    "Word Class Participle": 0.9473684210526315,
    "Word Class Adverb": 0.9896950578338591,
    "Word Class Conjunctions": 0.9940273037542662,
    "Word Class Foreign words": 0.912280701754386,
    "Word Class Unanalyzed word": 0.0,
    "Word Class Abbreviation": 1.0,
    "Word Class Web email or address": 1.0,
    "Word Class Punctuation": 1.0,
    "Word Class Symbol": 1.0,
    "Word Class R Article": 0.9731051344743277
  },
  "per_interval_accuracy": {
    "Subcategories": 0.9863813229571985,
    "Gender": 0.9791128337639966,
    "Number": 0.9870570107858243,
    "Case": 0.9765288544358312,
    "Article": 0.9931087289433385,
    "Proper Noun": 0.9911944869831547,
    "Degree": 0.9830680663731798,
    "Declension": 0.9614873837981408,
    "Mood": 0.9902491874322861,
    "Voice": 0.9978331527627302,
    "Tense": 0.9902491874322861,
    "Person": 0.9885468861846815,
    "Definiteness": 0.9851485148514851
  },
  "per_interval_f1": {
    "Subcategories": 0.9049793404341389,
    "Gender": 0.7846309522434185,
    "Number": 0.7391326327296729,
    "Case": 0.8153215949150598,
    "Article": 0.6636223170860336,
    "Proper Noun": 0.6612348896327367,
    "Degree": 0.6459871363935207,
    "Declension": 0.7270616010126554,
    "Mood": 0.7645329074968494,
    "Voice": 0.6662915025323579,
    "Tense": 0.7436509289818539,
    "Person": 0.7904253700766088,
    "Definiteness": 0.6597499495866103
  },
  "learning_rate": 1.76e-05
}