{
  "epoch": 10,
  "mode": "singlelabel",
  "fold": 5,
  "eval_decoder": "greedy",
  "mbr_threshold": 0.0,
  "train_loss": 0.05459543840764457,
  "val_loss": 0.18370113521814346,
  "train_composite_accuracy": 0.98929899423792,
  "train_composite_micro_f1": 0.98929899423792,
  "train_composite_macro_f1": 0.7452292907625147,
  "val_composite_accuracy": 0.9712465564738292,
  "val_composite_micro_f1": 0.9712465564738292,
  "val_composite_macro_f1": 0.8338921062545339,
  "per_word_class_accuracy": {
    "Word Class Noun": 0.9946401225114855,
    "Word Class Adjective": 0.9475524475524476,
    "Word Class Pronoun": 0.9883966244725738,
    "Word Class Number": 0.9922480620155039,
    "Word Class Verbs": 0.9983748645720477,
    "Word Class Participle": 0.9392265193370166,
    "Word Class Adverb": 0.9882402351952961,
    "Word Class Conjunctions": 0.9965811965811966,
    "Word Class Foreign words": 0.9285714285714286,
    "Word Class Unanalyzed word": 0.0,
    "Word Class Abbreviation": 1.0,
    "Word Class Web email or address": 1.0,
    "Word Class Punctuation": 1.0,
    "Word Class Symbol": 1.0,
    "Word Class R Article": 0.9851485148514851
  },
  "per_word_class_f1": {
    "Word Class Noun": 0.9944497607655504,
    "Word Class Adjective": 0.9533861037818822,
    "Word Class Pronoun": 0.9868351764086362,
    "Word Class Number": 0.9961089494163424,
    "Word Class Verbs": 0.9986453535627201,
    "Word Class Participle": 0.9497206703910616,
    "Word Class Adverb": 0.9896950578338591,
    "Word Class Conjunctions": 0.9936088623775032,
    "Word Class Foreign words": 0.8813559322033899,
    "Word Class Unanalyzed word": 0.0,
    "Word Class Abbreviation": 1.0,
    "Word Class Web email or address": 1.0,
    "Word Class Punctuation": 1.0,
    "Word Class Symbol": 1.0,
    "Word Class R Article": 0.9707317073170733
  },
  "per_interval_accuracy": {
    "Subcategories": 0.9875162127107653,
    "Gender": 0.976959517657192,
    "Number": 0.9882896764252697,
    "Case": 0.9784668389319552,
    "Article": 0.9923430321592649,
    "Proper Noun": 0.9919601837672282,
    "Degree": 0.9817135116830342,
    "Declension": 0.9575033200531209,
    "Mood": 0.991332611050921,
    "Voice": 0.9983748645720477,
    "Tense": 0.9907908992416035,
    "Person": 0.9881889763779528,
    "Definiteness": 0.9851485148514851
  },
  "per_interval_f1": {
    "Subcategories": 0.8965636489123415,
    "Gender": 0.7837590742980323,
    "Number": 0.7403709914118147,
    "Case": 0.8156810669291351,
    "Article": 0.6635213040048099,
    "Proper Noun": 0.6624743712438543,
    "Degree": 0.6434116894478464,
    "Declension": 0.7213802217637958,
    "Mood": 0.7656589647145549,
    "Voice": 0.6663853727144867,
    "Tense": 0.7437453447154508,
    "Person": 0.7837097157264779,
    "Definiteness": 0.6597499495866103
  },
  "learning_rate": 1.8e-05
}