{
  "epoch": 6,
  "mode": "singlelabel",
  "fold": 5,
  "eval_decoder": "greedy",
  "mbr_threshold": 0.0,
  "train_loss": 0.12310904194499207,
  "val_loss": 0.1908937945961952,
  "train_composite_accuracy": 0.9781532959286978,
  "train_composite_micro_f1": 0.9781532959286978,
  "train_composite_macro_f1": 0.6177134268404434,
  "val_composite_accuracy": 0.9662534435261708,
  "val_composite_micro_f1": 0.9662534435261708,
  "val_composite_macro_f1": 0.7663186691911621,
  "per_word_class_accuracy": {
    "Word Class Noun": 0.9950229709035222,
    "Word Class Adjective": 0.9283216783216783,
    "Word Class Pronoun": 0.9841772151898734,
    "Word Class Number": 0.9689922480620154,
    "Word Class Verbs": 0.995124593716143,
    "Word Class Participle": 0.9337016574585635,
    "Word Class Adverb": 0.9903401931961361,
    "Word Class Conjunctions": 0.9957264957264957,
    "Word Class Foreign words": 0.9285714285714286,
    "Word Class Unanalyzed word": 0.0,
    "Word Class Abbreviation": 1.0,
    "Word Class Web email or address": 0.0,
    "Word Class Punctuation": 1.0,
    "Word Class Symbol": 1.0,
    "Word Class R Article": 0.9752475247524752
  },
  "per_word_class_f1": {
    "Word Class Noun": 0.9946421737466513,
    "Word Class Adjective": 0.9473684210526316,
    "Word Class Pronoun": 0.9831401475237092,
    "Word Class Number": 0.9842519685039369,
    "Word Class Verbs": 0.9970149253731343,
    "Word Class Participle": 0.9209809264305177,
    "Word Class Adverb": 0.9890939597315437,
    "Word Class Conjunctions": 0.9923339011925042,
    "Word Class Foreign words": 0.8666666666666666,
    "Word Class Unanalyzed word": 0.0,
    "Word Class Abbreviation": 0.9811320754716981,
    "Word Class Web email or address": 0.0,
    "Word Class Punctuation": 1.0,
    "Word Class Symbol": 1.0,
    "Word Class R Article": 0.9586374695863746
  },
  "per_interval_accuracy": {
    "Subcategories": 0.9862191958495461,
    "Gender": 0.970714900947459,
    "Number": 0.9850539291217257,
    "Case": 0.9737295434969854,
    "Article": 0.9927258805513017,
    "Proper Noun": 0.9923430321592649,
    "Degree": 0.9786657636302065,
    "Declension": 0.950863213811421,
    "Mood": 0.9891657638136512,
    "Voice": 0.995124593716143,
    "Tense": 0.9880823401950163,
    "Person": 0.9846098783106657,
    "Definiteness": 0.9752475247524752
  },
  "per_interval_f1": {
    "Subcategories": 0.911022760183848,
    "Gender": 0.7801303239815812,
    "Number": 0.7381407401320317,
    "Case": 0.8101481221717509,
    "Article": 0.6636212509902256,
    "Proper Noun": 0.6625609722481315,
    "Degree": 0.6415788538383753,
    "Declension": 0.7204621861824397,
    "Mood": 0.7928172765356187,
    "Voice": 0.6658213581290505,
    "Tense": 0.7432953852743958,
    "Person": 0.782168437947887,
    "Definiteness": 0.6538011695906433
  },
  "learning_rate": 1.88e-05
}