{
  "epoch": 9,
  "mode": "singlelabel",
  "fold": 5,
  "eval_decoder": "greedy",
  "mbr_threshold": 0.0,
  "train_loss": 0.061907149081320396,
  "val_loss": 0.1920981377363205,
  "train_composite_accuracy": 0.987766224181813,
  "train_composite_micro_f1": 0.987766224181813,
  "train_composite_macro_f1": 0.7115810359468712,
  "val_composite_accuracy": 0.9689221763085399,
  "val_composite_micro_f1": 0.9689221763085399,
  "val_composite_macro_f1": 0.8275283453411109,
  "per_word_class_accuracy": {
    "Word Class Noun": 0.9946401225114855,
    "Word Class Adjective": 0.958041958041958,
    "Word Class Pronoun": 0.9873417721518988,
    "Word Class Number": 0.9844961240310077,
    "Word Class Verbs": 0.9972914409534128,
    "Word Class Participle": 0.9281767955801105,
    "Word Class Adverb": 0.9861402771944561,
    "Word Class Conjunctions": 0.9957264957264957,
    "Word Class Foreign words": 0.9285714285714286,
    "Word Class Unanalyzed word": 0.0,
    "Word Class Abbreviation": 1.0,
    "Word Class Web email or address": 1.0,
    "Word Class Punctuation": 1.0,
    "Word Class Symbol": 1.0,
    "Word Class R Article": 0.995049504950495
  },
  "per_word_class_f1": {
    "Word Class Noun": 0.9942594718714122,
    "Word Class Adjective": 0.952215464813206,
    "Word Class Pronoun": 0.9873417721518988,
    "Word Class Number": 0.9921875,
    "Word Class Verbs": 0.9981024667931689,
    "Word Class Participle": 0.935933147632312,
    "Word Class Adverb": 0.9898819561551433,
    "Word Class Conjunctions": 0.9944515578318396,
    "Word Class Foreign words": 0.8813559322033899,
    "Word Class Unanalyzed word": 0.0,
    "Word Class Abbreviation": 0.9811320754716981,
    "Word Class Web email or address": 1.0,
    "Word Class Punctuation": 1.0,
    "Word Class Symbol": 1.0,
    "Word Class R Article": 0.9710144927536232
  },
  "per_interval_accuracy": {
    "Subcategories": 0.9850843060959793,
    "Gender": 0.9782515073212747,
    "Number": 0.987673343605547,
    "Case": 0.9782515073212747,
    "Article": 0.9911944869831547,
    "Proper Noun": 0.9911944869831547,
    "Degree": 0.9813748730104978,
    "Declension": 0.9654714475431607,
    "Mood": 0.9891657638136512,
    "Voice": 0.9972914409534128,
    "Tense": 0.9880823401950163,
    "Person": 0.9853256979241232,
    "Definiteness": 0.995049504950495
  },
  "per_interval_f1": {
    "Subcategories": 0.9123269534594212,
    "Gender": 0.7840393146518878,
    "Number": 0.7391741195413242,
    "Case": 0.8140020637995719,
    "Article": 0.662685497244958,
    "Proper Noun": 0.6616380805015588,
    "Degree": 0.6420104822340905,
    "Declension": 0.7324817125645439,
    "Mood": 0.7641256175837948,
    "Voice": 0.666197579510273,
    "Tense": 0.7420904221403656,
    "Person": 0.7794415982562894,
    "Definiteness": 0.6638176638176638
  },
  "learning_rate": 1.8200000000000002e-05
}