{
  "epoch": 5,
  "mode": "singlelabel",
  "fold": 5,
  "eval_decoder": "greedy",
  "mbr_threshold": 0.0,
  "train_loss": 0.1649029536967151,
  "val_loss": 0.2196874886751175,
  "train_composite_accuracy": 0.9715964462442402,
  "train_composite_micro_f1": 0.9715964462442402,
  "train_composite_macro_f1": 0.5717190710948621,
  "val_composite_accuracy": 0.9609159779614325,
  "val_composite_micro_f1": 0.9609159779614325,
  "val_composite_macro_f1": 0.7339305579973149,
  "per_word_class_accuracy": {
    "Word Class Noun": 0.9938744257274119,
    "Word Class Adjective": 0.9353146853146853,
    "Word Class Pronoun": 0.9778481012658228,
    "Word Class Number": 0.9689922480620154,
    "Word Class Verbs": 0.9978331527627302,
    "Word Class Participle": 0.9171270718232044,
    "Word Class Adverb": 0.9878202435951281,
    "Word Class Conjunctions": 0.9982905982905983,
    "Word Class Foreign words": 0.9285714285714286,
    "Word Class Unanalyzed word": 0.0,
    "Word Class Abbreviation": 1.0,
    "Word Class Web email or address": 0.0,
    "Word Class Punctuation": 1.0,
    "Word Class Symbol": 1.0,
    "Word Class R Article": 0.9851485148514851
  },
  "per_word_class_f1": {
    "Word Class Noun": 0.9950172479877348,
    "Word Class Adjective": 0.9419014084507041,
    "Word Class Pronoun": 0.9799154334038055,
    "Word Class Number": 0.9842519685039369,
    "Word Class Verbs": 0.9981034949878083,
    "Word Class Participle": 0.9352112676056338,
    "Word Class Adverb": 0.9876128490447198,
    "Word Class Conjunctions": 0.991932059447983,
    "Word Class Foreign words": 0.896551724137931,
    "Word Class Unanalyzed word": 0.0,
    "Word Class Abbreviation": 0.962962962962963,
    "Word Class Web email or address": 0.0,
    "Word Class Punctuation": 1.0,
    "Word Class Symbol": 1.0,
    "Word Class R Article": 0.9590361445783133
  },
  "per_interval_accuracy": {
    "Subcategories": 0.9824902723735408,
    "Gender": 0.9642549526270456,
    "Number": 0.9835130970724191,
    "Case": 0.9698535745047373,
    "Article": 0.9911944869831547,
    "Proper Noun": 0.9900459418070444,
    "Degree": 0.9776498476125973,
    "Declension": 0.949535192563081,
    "Mood": 0.9897074756229686,
    "Voice": 0.9978331527627302,
    "Tense": 0.9880823401950163,
    "Person": 0.9821045096635648,
    "Definiteness": 0.9851485148514851
  },
  "per_interval_f1": {
    "Subcategories": 0.9017080459834502,
    "Gender": 0.7748456853452919,
    "Number": 0.7364291763087029,
    "Case": 0.8056280175834941,
    "Article": 0.6631222709960335,
    "Proper Noun": 0.6611417123666566,
    "Degree": 0.633277398393498,
    "Declension": 0.7142596099043497,
    "Mood": 0.7541672654118587,
    "Voice": 0.6662915025323579,
    "Tense": 0.7422923665590735,
    "Person": 0.7759609434473047,
    "Definiteness": 0.6597499495866103
  },
  "learning_rate": 1.9e-05
}