{
  "epoch": 13,
  "mode": "singlelabel",
  "fold": 5,
  "eval_decoder": "greedy",
  "mbr_threshold": 0.0,
  "train_loss": 0.03505467986138985,
  "val_loss": 0.1992851197719574,
  "train_composite_accuracy": 0.9930363039426252,
  "train_composite_micro_f1": 0.9930363039426252,
  "train_composite_macro_f1": 0.8194877801783615,
  "val_composite_accuracy": 0.9712465564738292,
  "val_composite_micro_f1": 0.9712465564738292,
  "val_composite_macro_f1": 0.8620474324742169,
  "per_word_class_accuracy": {
    "Word Class Noun": 0.9923430321592649,
    "Word Class Adjective": 0.965034965034965,
    "Word Class Pronoun": 0.9915611814345991,
    "Word Class Number": 0.9922480620155039,
    "Word Class Verbs": 0.9983748645720477,
    "Word Class Participle": 0.9281767955801105,
    "Word Class Adverb": 0.9882402351952961,
    "Word Class Conjunctions": 0.9965811965811966,
    "Word Class Foreign words": 0.9285714285714286,
    "Word Class Unanalyzed word": 0.0,
    "Word Class Abbreviation": 1.0,
    "Word Class Web email or address": 1.0,
    "Word Class Punctuation": 1.0,
    "Word Class Symbol": 1.0,
    "Word Class R Article": 0.9752475247524752
  },
  "per_word_class_f1": {
    "Word Class Noun": 0.993674525589419,
    "Word Class Adjective": 0.9558441558441558,
    "Word Class Pronoun": 0.9868766404199475,
    "Word Class Number": 0.9961089494163424,
    "Word Class Verbs": 0.9983748645720477,
    "Word Class Participle": 0.9572649572649573,
    "Word Class Adverb": 0.9899032393773665,
    "Word Class Conjunctions": 0.994456289978678,
    "Word Class Foreign words": 0.896551724137931,
    "Word Class Unanalyzed word": 0.0,
    "Word Class Abbreviation": 1.0,
    "Word Class Web email or address": 1.0,
    "Word Class Punctuation": 1.0,
    "Word Class Symbol": 1.0,
    "Word Class R Article": 0.9752475247524752
  },
  "per_interval_accuracy": {
    "Subcategories": 0.9875162127107653,
    "Gender": 0.9780361757105943,
    "Number": 0.988135593220339,
    "Case": 0.9776055124892334,
    "Article": 0.9892802450229708,
    "Proper Noun": 0.9881316998468607,
    "Degree": 0.984083982390789,
    "Declension": 0.9628154050464808,
    "Mood": 0.9918743228602384,
    "Voice": 0.9983748645720477,
    "Tense": 0.9918743228602384,
    "Person": 0.9903364352183249,
    "Definiteness": 0.9752475247524752
  },
  "per_interval_f1": {
    "Subcategories": 0.9027173885401697,
    "Gender": 0.7843440915911866,
    "Number": 0.7404352106626854,
    "Case": 0.8143850696607166,
    "Article": 0.6624420313679922,
    "Proper Noun": 0.6606126561450463,
    "Degree": 0.6479939081635832,
    "Declension": 0.7296926205113309,
    "Mood": 0.7659838885495549,
    "Voice": 0.6663853727144867,
    "Tense": 0.7446405428561484,
    "Person": 0.7910248774976745,
    "Definiteness": 0.6538011695906433
  },
  "learning_rate": 1.7400000000000003e-05
}