{
  "epoch": 3,
  "mode": "singlelabel",
  "fold": 5,
  "eval_decoder": "greedy",
  "mbr_threshold": 0.0,
  "train_loss": 0.3407533110120758,
  "val_loss": 0.2835439845919609,
  "train_composite_accuracy": 0.9453122782450729,
  "train_composite_micro_f1": 0.9453122782450729,
  "train_composite_macro_f1": 0.4273428224093827,
  "val_composite_accuracy": 0.949896694214876,
  "val_composite_micro_f1": 0.949896694214876,
  "val_composite_macro_f1": 0.6105206288761853,
  "per_word_class_accuracy": {
    "Word Class Noun": 0.9961715160796325,
    "Word Class Adjective": 0.8723776223776224,
    "Word Class Pronoun": 0.9767932489451476,
    "Word Class Number": 0.9069767441860465,
    "Word Class Verbs": 0.9978331527627302,
    "Word Class Participle": 0.9171270718232044,
    "Word Class Adverb": 0.9895002099958001,
    "Word Class Conjunctions": 0.9957264957264957,
    "Word Class Foreign words": 0.6785714285714286,
    "Word Class Unanalyzed word": 0.0,
    "Word Class Abbreviation": 1.0,
    "Word Class Web email or address": 0.0,
    "Word Class Punctuation": 1.0,
    "Word Class Symbol": 0.0,
    "Word Class R Article": 0.900990099009901
  },
  "per_word_class_f1": {
    "Word Class Noun": 0.9952189711225856,
    "Word Class Adjective": 0.9080982711555959,
    "Word Class Pronoun": 0.9650859822824387,
    "Word Class Number": 0.9397590361445783,
    "Word Class Verbs": 0.9975629569455726,
    "Word Class Participle": 0.9431818181818181,
    "Word Class Adverb": 0.9806451612903226,
    "Word Class Conjunctions": 0.9927567106945036,
    "Word Class Foreign words": 0.76,
    "Word Class Unanalyzed word": 0.0,
    "Word Class Abbreviation": 0.9285714285714286,
    "Word Class Web email or address": 0.0,
    "Word Class Punctuation": 0.9996698580389567,
    "Word Class Symbol": 0.0,
    "Word Class R Article": 0.9168765743073047
  },
  "per_interval_accuracy": {
    "Subcategories": 0.9802204928664072,
    "Gender": 0.9468130921619293,
    "Number": 0.9750385208012327,
    "Case": 0.9582256675279931,
    "Article": 0.9927258805513017,
    "Proper Noun": 0.9923430321592649,
    "Degree": 0.9756180155773789,
    "Declension": 0.896414342629482,
    "Mood": 0.9891657638136512,
    "Voice": 0.9967497291440953,
    "Tense": 0.9880823401950163,
    "Person": 0.9824624194702934,
    "Definiteness": 0.8960396039603961
  },
  "per_interval_f1": {
    "Subcategories": 0.887669676239866,
    "Gender": 0.7635187875948872,
    "Number": 0.7306698387173598,
    "Case": 0.7918968254916198,
    "Article": 0.663165774376103,
    "Proper Noun": 0.66198425026335,
    "Degree": 0.6310982686137443,
    "Declension": 0.7089011773174732,
    "Mood": 0.5927486716680515,
    "Voice": 0.6610537319198736,
    "Tense": 0.7419490725827204,
    "Person": 0.7750475943890824,
    "Definiteness": 0.5963084534513107
  },
  "learning_rate": 1.94e-05
}