{
  "epoch": 4,
  "mode": "singlelabel",
  "fold": 5,
  "eval_decoder": "greedy",
  "mbr_threshold": 0.0,
  "train_loss": 0.22525550151213983,
  "val_loss": 0.229658804833889,
  "train_composite_accuracy": 0.9624282105382672,
  "train_composite_micro_f1": 0.9624282105382672,
  "train_composite_macro_f1": 0.5143714028526558,
  "val_composite_accuracy": 0.959366391184573,
  "val_composite_micro_f1": 0.959366391184573,
  "val_composite_macro_f1": 0.6940930624800441,
  "per_word_class_accuracy": {
    "Word Class Noun": 0.9946401225114855,
    "Word Class Adjective": 0.9353146853146853,
    "Word Class Pronoun": 0.9862869198312236,
    "Word Class Number": 0.9689922480620154,
    "Word Class Verbs": 0.9978331527627302,
    "Word Class Participle": 0.9226519337016574,
    "Word Class Adverb": 0.9874002519949601,
    "Word Class Conjunctions": 0.9965811965811966,
    "Word Class Foreign words": 0.8928571428571429,
    "Word Class Unanalyzed word": 0.0,
    "Word Class Abbreviation": 1.0,
    "Word Class Web email or address": 0.0,
    "Word Class Punctuation": 1.0,
    "Word Class Symbol": 0.8333333333333334,
    "Word Class R Article": 0.9504950495049505
  },
  "per_word_class_f1": {
    "Word Class Noun": 0.9948305571510627,
    "Word Class Adjective": 0.9460654288240495,
    "Word Class Pronoun": 0.9780334728033474,
    "Word Class Number": 0.9842519685039369,
    "Word Class Verbs": 0.9978331527627302,
    "Word Class Participle": 0.9277777777777778,
    "Word Class Adverb": 0.9894781144781145,
    "Word Class Conjunctions": 0.9927628778203491,
    "Word Class Foreign words": 0.8928571428571429,
    "Word Class Unanalyzed word": 0.0,
    "Word Class Abbreviation": 0.9285714285714286,
    "Word Class Web email or address": 0.0,
    "Word Class Punctuation": 0.9996698580389567,
    "Word Class Symbol": 0.9090909090909091,
    "Word Class R Article": 0.9458128078817734
  },
  "per_interval_accuracy": {
    "Subcategories": 0.98378728923476,
    "Gender": 0.9627476313522825,
    "Number": 0.9839753466872111,
    "Case": 0.97114556416882,
    "Article": 0.9911944869831547,
    "Proper Noun": 0.9892802450229708,
    "Degree": 0.9756180155773789,
    "Declension": 0.953519256308101,
    "Mood": 0.9902491874322861,
    "Voice": 0.9967497291440953,
    "Tense": 0.9891657638136512,
    "Person": 0.986757337151038,
    "Definiteness": 0.9504950495049505
  },
  "per_interval_f1": {
    "Subcategories": 0.905800332725568,
    "Gender": 0.7724110997678288,
    "Number": 0.7359946356440868,
    "Case": 0.8011637481244858,
    "Article": 0.6627650215557385,
    "Proper Noun": 0.6597836850820816,
    "Degree": 0.6311857290726371,
    "Declension": 0.728372101689223,
    "Mood": 0.592764684237143,
    "Voice": 0.6610537319198736,
    "Tense": 0.7425652701581401,
    "Person": 0.7768131968030743,
    "Definiteness": 0.6379741402435753
  },
  "learning_rate": 1.9200000000000003e-05
}