{
  "epoch": 7,
  "mode": "singlelabel",
  "fold": 5,
  "eval_decoder": "greedy",
  "mbr_threshold": 0.0,
  "train_loss": 0.0979339526152832,
  "val_loss": 0.1792175866663456,
  "train_composite_accuracy": 0.9814269899991485,
  "train_composite_micro_f1": 0.9814269899991485,
  "train_composite_macro_f1": 0.6471130342397449,
  "val_composite_accuracy": 0.9679752066115702,
  "val_composite_micro_f1": 0.9679752066115702,
  "val_composite_macro_f1": 0.7903611057930795,
  "per_word_class_accuracy": {
    "Word Class Noun": 0.9934915773353752,
    "Word Class Adjective": 0.9475524475524476,
    "Word Class Pronoun": 0.989451476793249,
    "Word Class Number": 0.9767441860465116,
    "Word Class Verbs": 0.9983748645720477,
    "Word Class Participle": 0.9281767955801105,
    "Word Class Adverb": 0.9928601427971441,
    "Word Class Conjunctions": 0.994017094017094,
    "Word Class Foreign words": 0.9285714285714286,
    "Word Class Unanalyzed word": 0.0,
    "Word Class Abbreviation": 1.0,
    "Word Class Web email or address": 1.0,
    "Word Class Punctuation": 1.0,
    "Word Class Symbol": 1.0,
    "Word Class R Article": 0.9801980198019802
  },
  "per_word_class_f1": {
    "Word Class Noun": 0.9946339593714066,
    "Word Class Adjective": 0.9559082892416226,
    "Word Class Pronoun": 0.9863301787592009,
    "Word Class Number": 0.988235294117647,
    "Word Class Verbs": 0.9983748645720477,
    "Word Class Participle": 0.9411764705882353,
    "Word Class Adverb": 0.9911949685534591,
    "Word Class Conjunctions": 0.9944420692603677,
    "Word Class Foreign words": 0.896551724137931,
    "Word Class Unanalyzed word": 0.0,
    "Word Class Abbreviation": 0.9454545454545454,
    "Word Class Web email or address": 1.0,
    "Word Class Punctuation": 1.0,
    "Word Class Symbol": 1.0,
    "Word Class R Article": 0.9658536585365853
  },
  "per_interval_accuracy": {
    "Subcategories": 0.9868677042801557,
    "Gender": 0.9713608957795005,
    "Number": 0.985362095531587,
    "Case": 0.9758828596037898,
    "Article": 0.9911944869831547,
    "Proper Noun": 0.9900459418070444,
    "Degree": 0.9847612597358618,
    "Declension": 0.9588313413014609,
    "Mood": 0.991332611050921,
    "Voice": 0.9983748645720477,
    "Tense": 0.991332611050921,
    "Person": 0.9871152469577666,
    "Definiteness": 0.9801980198019802
  },
  "per_interval_f1": {
    "Subcategories": 0.9029979836902503,
    "Gender": 0.7793931400453825,
    "Number": 0.7376492105616549,
    "Case": 0.8097977621249542,
    "Article": 0.663301206193382,
    "Proper Noun": 0.6610487773184762,
    "Degree": 0.6472588174044492,
    "Declension": 0.7247208881992578,
    "Mood": 0.7939669624401693,
    "Voice": 0.6663853727144867,
    "Tense": 0.7445825168964548,
    "Person": 0.7838189745354577,
    "Definiteness": 0.6568014238494788
  },
  "learning_rate": 1.86e-05
}