{
  "epoch": 2,
  "mode": "singlelabel",
  "fold": 5,
  "eval_decoder": "greedy",
  "mbr_threshold": 0.0,
  "train_loss": 0.5913714868446278,
  "val_loss": 0.3904873102903366,
  "train_composite_accuracy": 0.9117332601640632,
  "train_composite_micro_f1": 0.9117332601640632,
  "train_composite_macro_f1": 0.3159095571530235,
  "val_composite_accuracy": 0.9323347107438017,
  "val_composite_micro_f1": 0.9323347107438017,
  "val_composite_macro_f1": 0.4920424666649283,
  "per_word_class_accuracy": {
    "Word Class Noun": 0.9931087289433385,
    "Word Class Adjective": 0.8898601398601399,
    "Word Class Pronoun": 0.9567510548523207,
    "Word Class Number": 0.9302325581395349,
    "Word Class Verbs": 0.9972914409534128,
    "Word Class Participle": 0.9060773480662984,
    "Word Class Adverb": 0.9802603947921041,
    "Word Class Conjunctions": 0.9957264957264957,
    "Word Class Foreign words": 0.42857142857142855,
    "Word Class Unanalyzed word": 0.0,
    "Word Class Abbreviation": 0.9615384615384616,
    "Word Class Web email or address": 0.0,
    "Word Class Punctuation": 1.0,
    "Word Class Symbol": 0.0,
    "Word Class R Article": 0.806930693069307
  },
  "per_word_class_f1": {
    "Word Class Noun": 0.9912113106610623,
    "Word Class Adjective": 0.8945518453427066,
    "Word Class Pronoun": 0.9418483904465214,
    "Word Class Number": 0.9448818897637796,
    "Word Class Verbs": 0.9970213918223666,
    "Word Class Participle": 0.923943661971831,
    "Word Class Adverb": 0.9800545874448877,
    "Word Class Conjunctions": 0.9889643463497454,
    "Word Class Foreign words": 0.5454545454545454,
    "Word Class Unanalyzed word": 0.0,
    "Word Class Abbreviation": 0.8928571428571429,
    "Word Class Web email or address": 0.0,
    "Word Class Punctuation": 0.9996698580389567,
    "Word Class Symbol": 0.0,
    "Word Class R Article": 0.8647214854111406
  },
  "per_interval_accuracy": {
    "Subcategories": 0.9713035019455253,
    "Gender": 0.9364771748492678,
    "Number": 0.9713405238828967,
    "Case": 0.9463824289405685,
    "Article": 0.9888973966309341,
    "Proper Noun": 0.9885145482388974,
    "Degree": 0.9634270233660684,
    "Declension": 0.9096945551128818,
    "Mood": 0.9886240520043337,
    "Voice": 0.9956663055254604,
    "Tense": 0.9864572047670639,
    "Person": 0.9727988546886185,
    "Definiteness": 0.801980198019802
  },
  "per_interval_f1": {
    "Subcategories": 0.8444084603396761,
    "Gender": 0.752883279208019,
    "Number": 0.7255299467125992,
    "Case": 0.768141474830097,
    "Article": 0.6615640653977425,
    "Proper Noun": 0.6599721999969832,
    "Degree": 0.6041945655941411,
    "Declension": 0.7134715784182413,
    "Mood": 0.5926736276026101,
    "Voice": 0.6582831726186898,
    "Tense": 0.740743453399239,
    "Person": 0.7702657977968406,
    "Definiteness": 0.49456505554066527
  },
  "learning_rate": 1.9600000000000002e-05
}