{
  "epoch": 8,
  "mode": "singlelabel",
  "fold": 5,
  "eval_decoder": "greedy",
  "mbr_threshold": 0.0,
  "train_loss": 0.07884420298874986,
  "val_loss": 0.19503675103187562,
  "train_composite_accuracy": 0.9849277611149483,
  "train_composite_micro_f1": 0.9849277611149483,
  "train_composite_macro_f1": 0.6863834847981675,
  "val_composite_accuracy": 0.9676308539944903,
  "val_composite_micro_f1": 0.9676308539944903,
  "val_composite_macro_f1": 0.8114771201866708,
  "per_word_class_accuracy": {
    "Word Class Noun": 0.9931087289433385,
    "Word Class Adjective": 0.9615384615384616,
    "Word Class Pronoun": 0.9852320675105485,
    "Word Class Number": 0.9844961240310077,
    "Word Class Verbs": 0.9978331527627302,
    "Word Class Participle": 0.9392265193370166,
    "Word Class Adverb": 0.9857202855942881,
    "Word Class Conjunctions": 0.9957264957264957,
    "Word Class Foreign words": 0.9285714285714286,
    "Word Class Unanalyzed word": 0.0,
    "Word Class Abbreviation": 1.0,
    "Word Class Web email or address": 1.0,
    "Word Class Punctuation": 1.0,
    "Word Class Symbol": 1.0,
    "Word Class R Article": 0.9801980198019802
  },
  "per_word_class_f1": {
    "Word Class Noun": 0.9938697318007662,
    "Word Class Adjective": 0.9515570934256055,
    "Word Class Pronoun": 0.9847127042698998,
    "Word Class Number": 0.9921875,
    "Word Class Verbs": 0.9983739837398373,
    "Word Class Participle": 0.9392265193370166,
    "Word Class Adverb": 0.9892518440463646,
    "Word Class Conjunctions": 0.9940273037542662,
    "Word Class Foreign words": 0.896551724137931,
    "Word Class Unanalyzed word": 0.0,
    "Word Class Abbreviation": 0.962962962962963,
    "Word Class Web email or address": 1.0,
    "Word Class Punctuation": 1.0,
    "Word Class Symbol": 1.0,
    "Word Class R Article": 0.9705882352941178
  },
  "per_interval_accuracy": {
    "Subcategories": 0.9845979247730221,
    "Gender": 0.9735142118863049,
    "Number": 0.9879815100154083,
    "Case": 0.9782515073212747,
    "Article": 0.9881316998468607,
    "Proper Noun": 0.9896630934150077,
    "Degree": 0.9813748730104978,
    "Declension": 0.9681274900398407,
    "Mood": 0.9897074756229686,
    "Voice": 0.9978331527627302,
    "Tense": 0.9897074756229686,
    "Person": 0.9853256979241232,
    "Definiteness": 0.9801980198019802
  },
  "per_interval_f1": {
    "Subcategories": 0.9016460982870111,
    "Gender": 0.7804240421203285,
    "Number": 0.7393515067800929,
    "Case": 0.8112098652615516,
    "Article": 0.6612496331759743,
    "Proper Noun": 0.6611361927347058,
    "Degree": 0.64365424855275,
    "Declension": 0.7320107227069238,
    "Mood": 0.7925132677597031,
    "Voice": 0.6662915025323579,
    "Tense": 0.7435445730122592,
    "Person": 0.7814300245412543,
    "Definiteness": 0.6585721223895095
  },
  "learning_rate": 1.8400000000000003e-05
}