{
  "epoch": 1,
  "mode": "singlelabel",
  "fold": 5,
  "eval_decoder": "greedy",
  "mbr_threshold": 0.0,
  "train_loss": 2.08047158523765,
  "val_loss": 0.7184719145298004,
  "train_composite_accuracy": 0.7139586152084851,
  "train_composite_micro_f1": 0.7139586152084851,
  "train_composite_macro_f1": 0.13675478310861444,
  "val_composite_accuracy": 0.8903236914600551,
  "val_composite_micro_f1": 0.8903236914600551,
  "val_composite_macro_f1": 0.3299710169226153,
  "per_word_class_accuracy": {
    "Word Class Noun": 0.9919601837672282,
    "Word Class Adjective": 0.8059440559440559,
    "Word Class Pronoun": 0.8829113924050633,
    "Word Class Number": 0.9534883720930233,
    "Word Class Verbs": 0.9956663055254604,
    "Word Class Participle": 0.9060773480662984,
    "Word Class Adverb": 0.9895002099958001,
    "Word Class Conjunctions": 0.9948717948717949,
    "Word Class Foreign words": 0.0,
    "Word Class Unanalyzed word": 0.0,
    "Word Class Abbreviation": 0.5769230769230769,
    "Word Class Web email or address": 0.0,
    "Word Class Punctuation": 1.0,
    "Word Class Symbol": 0.0,
    "Word Class R Article": 0.693069306930693
  },
  "per_word_class_f1": {
    "Word Class Noun": 0.9784743202416918,
    "Word Class Adjective": 0.8458715596330275,
    "Word Class Pronoun": 0.9029126213592233,
    "Word Class Number": 0.8913043478260869,
    "Word Class Verbs": 0.9951272333513805,
    "Word Class Participle": 0.9010989010989011,
    "Word Class Adverb": 0.9735537190082646,
    "Word Class Conjunctions": 0.9897959183673469,
    "Word Class Foreign words": 0.0,
    "Word Class Unanalyzed word": 0.0,
    "Word Class Abbreviation": 0.7142857142857143,
    "Word Class Web email or address": 0.0,
    "Word Class Punctuation": 0.9996698580389567,
    "Word Class Symbol": 0.0,
    "Word Class R Article": 0.7777777777777777
  },
  "per_interval_accuracy": {
    "Subcategories": 0.9580090791180286,
    "Gender": 0.8910422049956934,
    "Number": 0.9488443759630201,
    "Case": 0.9000861326442722,
    "Article": 0.9827718223583461,
    "Proper Noun": 0.9831546707503829,
    "Degree": 0.9485269217744666,
    "Declension": 0.8247011952191236,
    "Mood": 0.9842903575297941,
    "Voice": 0.9859154929577465,
    "Tense": 0.9826652221018418,
    "Person": 0.9158911954187545,
    "Definiteness": 0.6881188118811881
  },
  "per_interval_f1": {
    "Subcategories": 0.7893686594112422,
    "Gender": 0.7203522168918847,
    "Number": 0.7074901741582568,
    "Case": 0.7034239264822651,
    "Article": 0.6576305735220283,
    "Proper Noun": 0.6571386782571416,
    "Degree": 0.52914145200595,
    "Declension": 0.6220788458668978,
    "Mood": 0.5901214144242033,
    "Voice": 0.6125135302304004,
    "Tense": 0.7391075967706932,
    "Person": 0.5780348376825435,
    "Definiteness": 0.35606758832565283
  },
  "learning_rate": 1.98e-05
}