{
  "mode": "singlelabel",
  "fold": 5,
  "eval_decoder": "greedy",
  "mbr_threshold": 0.0,
  "temperature": 1.0,
  "ood_data_path": "data/OOD-BRAGD.json",
  "num_sentences": 500,
  "composite_accuracy": 0.9580125243814803,
  "composite_micro_f1": 0.9580125243814803,
  "composite_macro_f1": 0.7694670221652763,
  "word_class_accuracy": 0.9890155014885536,
  "word_class_macro_f1": 0.9514574304593126,
  "per_word_class_accuracy": {
    "Word Class Noun": 0.9934668989547039,
    "Word Class Adjective": 0.9616026711185309,
    "Word Class Pronoun": 0.9863013698630136,
    "Word Class Number": 1.0,
    "Word Class Verbs": 0.9978601997146933,
    "Word Class Participle": 0.9060402684563759,
    "Word Class Adverb": 0.9889928453494772,
    "Word Class Conjunctions": 0.9915254237288136,
    "Word Class Foreign words": 0.65,
    "Word Class Unanalyzed word": 0.0,
    "Word Class Abbreviation": 1.0,
    "Word Class Web email or address": 0.0,
    "Word Class Punctuation": 1.0,
    "Word Class Symbol": 0.9230769230769231,
    "Word Class R Article": 0.99375
  },
  "per_word_class_f1": {
    "Word Class Noun": 0.9938997821350762,
    "Word Class Adjective": 0.9584026622296173,
    "Word Class Pronoun": 0.9883321894303364,
    "Word Class Number": 1.0,
    "Word Class Verbs": 0.9960840156639374,
    "Word Class Participle": 0.9342560553633219,
    "Word Class Adverb": 0.9876339653751031,
    "Word Class Conjunctions": 0.9910005293806247,
    "Word Class Foreign words": 0.7647058823529412,
    "Word Class Unanalyzed word": 0.0,
    "Word Class Abbreviation": 0.787878787878788,
    "Word Class Web email or address": 0.0,
    "Word Class Punctuation": 1.0,
    "Word Class Symbol": 0.9600000000000001,
    "Word Class R Article": 0.9814814814814815
  },
  "per_interval_accuracy": {
    "Subcategories": 0.9850540806293019,
    "Gender": 0.962589928057554,
    "Number": 0.9849246231155779,
    "Case": 0.9743405275779377,
    "Article": 0.9908536585365854,
    "Proper Noun": 0.9751742160278746,
    "Degree": 0.980546357615894,
    "Declension": 0.9679144385026738,
    "Mood": 0.9950071326676176,
    "Voice": 0.9978601997146933,
    "Tense": 0.9957203994293866,
    "Person": 0.9863977485928705,
    "Definiteness": 0.99375
  },
  "per_interval_f1": {
    "Subcategories": 0.9112753802840945,
    "Gender": 0.7736039720421394,
    "Number": 0.7383703703739232,
    "Case": 0.8037312940822434,
    "Article": 0.6626764787489522,
    "Proper Noun": 0.6479192654323632,
    "Degree": 0.6460739000623784,
    "Declension": 0.7392561611800684,
    "Mood": 0.7652080368211512,
    "Voice": 0.6662953335808887,
    "Tense": 0.747124212160658,
    "Person": 0.7716192044700015,
    "Definiteness": 0.6643356643356643
  }
}