{
  "best_epoch": 12,
  "total_epochs_trained": 12,
  "mode": "singlelabel",
  "fold": 0,
  "optimizer": "adamw",
  "eval_decoder": "greedy",
  "mbr_threshold": 0.0,
  "train_loss": 0.04007924861021155,
  "val_loss": 0.18881277069449426,
  "train_composite_accuracy": 0.9918540333389968,
  "train_composite_micro_f1": 0.9918540333389968,
  "train_composite_macro_f1": 0.7975926745032211,
  "val_composite_accuracy": 0.9726352837659481,
  "val_composite_micro_f1": 0.9726352837659481,
  "val_composite_macro_f1": 0.8516744168052188,
  "per_word_class_accuracy": {
    "Word Class Noun": 0.9941451990632318,
    "Word Class Adjective": 0.959731543624161,
    "Word Class Pronoun": 0.9887514060742407,
    "Word Class Number": 0.96875,
    "Word Class Verbs": 0.9972375690607734,
    "Word Class Participle": 0.9657534246575342,
    "Word Class Adverb": 0.9917319408181027,
    "Word Class Conjunctions": 0.9966101694915255,
    "Word Class Foreign words": 0.875,
    "Word Class Unanalyzed word": 0.0,
    "Word Class Abbreviation": 0.875,
    "Word Class Web email or address": 0.0,
    "Word Class Punctuation": 1.0,
    "Word Class Symbol": 1.0,
    "Word Class R Article": 0.9803921568627451
  },
  "per_word_class_f1": {
    "Word Class Noun": 0.994921875,
    "Word Class Adjective": 0.962962962962963,
    "Word Class Pronoun": 0.9881956155143339,
    "Word Class Number": 0.9841269841269841,
    "Word Class Verbs": 0.9961368653421634,
    "Word Class Participle": 0.9527027027027025,
    "Word Class Adverb": 0.9917319408181027,
    "Word Class Conjunctions": 0.995766299745978,
    "Word Class Foreign words": 0.8888888888888888,
    "Word Class Unanalyzed word": 0.0,
    "Word Class Abbreviation": 0.9180327868852458,
    "Word Class Web email or address": 0.0,
    "Word Class Punctuation": 0.9996564754379939,
    "Word Class Symbol": 1.0,
    "Word Class R Article": 0.9685230024213075
  },
  "per_interval_accuracy": {
    "Subcategories": 0.9868639840372464,
    "Gender": 0.9745446565723064,
    "Number": 0.9891628710538716,
    "Case": 0.9778362958086461,
    "Article": 0.9918032786885246,
    "Proper Noun": 0.9914129586260734,
    "Degree": 0.9844505874222529,
    "Declension": 0.9703504043126685,
    "Mood": 0.9939226519337017,
    "Voice": 0.9972375690607734,
    "Tense": 0.994475138121547,
    "Person": 0.9903668025194516,
    "Definiteness": 0.9803921568627451
  },
  "per_interval_f1": {
    "Subcategories": 0.9077193044711886,
    "Gender": 0.7830508779859956,
    "Number": 0.7422932306964968,
    "Case": 0.808215232140921,
    "Article": 0.6632767230099602,
    "Proper Noun": 0.6622072418525389,
    "Degree": 0.6505783751325557,
    "Declension": 0.7429743316840091,
    "Mood": 0.7960965094210789,
    "Voice": 0.6661900676770566,
    "Tense": 0.7470144430516028,
    "Person": 0.7944642144063445,
    "Definiteness": 0.6605079615738912
  },
  "learning_rate": 1.76e-05,
  "base_learning_rate": 2e-05,
  "warmup_ratio": 0.0
}