{
  "epoch": 13,
  "mode": "singlelabel",
  "fold": 0,
  "eval_decoder": "greedy",
  "mbr_threshold": 0.0,
  "train_loss": 0.03602349162616888,
  "val_loss": 0.24742475003004075,
  "train_composite_accuracy": 0.9927885069188801,
  "train_composite_micro_f1": 0.9927885069188801,
  "train_composite_macro_f1": 0.8138645862294361,
  "val_composite_accuracy": 0.9681478222613287,
  "val_composite_micro_f1": 0.9681478222613288,
  "val_composite_macro_f1": 0.8367530833170997,
  "per_word_class_accuracy": {
    "Word Class Noun": 0.9968774395003903,
    "Word Class Adjective": 0.9614093959731543,
    "Word Class Pronoun": 0.9910011248593926,
    "Word Class Number": 0.96875,
    "Word Class Verbs": 0.9977900552486187,
    "Word Class Participle": 0.9726027397260274,
    "Word Class Adverb": 0.9904264577893821,
    "Word Class Conjunctions": 0.9983050847457627,
    "Word Class Foreign words": 0.71875,
    "Word Class Unanalyzed word": 0.0,
    "Word Class Abbreviation": 0.84375,
    "Word Class Web email or address": 0.0,
    "Word Class Punctuation": 1.0,
    "Word Class Symbol": 1.0,
    "Word Class R Article": 0.9607843137254902
  },
  "per_word_class_f1": {
    "Word Class Noun": 0.9951295538671342,
    "Word Class Adjective": 0.9646464646464646,
    "Word Class Pronoun": 0.9871148459383754,
    "Word Class Number": 0.9841269841269841,
    "Word Class Verbs": 0.9966887417218543,
    "Word Class Participle": 0.9498327759197325,
    "Word Class Adverb": 0.992153443766347,
    "Word Class Conjunctions": 0.9974597798475868,
    "Word Class Foreign words": 0.8214285714285714,
    "Word Class Unanalyzed word": 0.0,
    "Word Class Abbreviation": 0.9152542372881356,
    "Word Class Web email or address": 0.0,
    "Word Class Punctuation": 1.0,
    "Word Class Symbol": 1.0,
    "Word Class R Article": 0.9584352078239609
  },
  "per_interval_accuracy": {
    "Subcategories": 0.9861988693049552,
    "Gender": 0.9738863287250384,
    "Number": 0.9897911104130673,
    "Case": 0.978055738424402,
    "Article": 0.9921935987509758,
    "Proper Noun": 0.9863387978142076,
    "Degree": 0.9841050449205252,
    "Declension": 0.9757412398921833,
    "Mood": 0.9933701657458563,
    "Voice": 0.9977900552486187,
    "Tense": 0.994475138121547,
    "Person": 0.9918488329010745,
    "Definiteness": 0.9607843137254902
  },
  "per_interval_f1": {
    "Subcategories": 0.9149775199630058,
    "Gender": 0.7818332491575667,
    "Number": 0.7419764038849671,
    "Case": 0.810461972900836,
    "Article": 0.6624473951796955,
    "Proper Noun": 0.6564789866618305,
    "Degree": 0.6487936760184906,
    "Declension": 0.7432200519363216,
    "Mood": 0.7948601028291747,
    "Voice": 0.6662854964741757,
    "Tense": 0.7467724087627272,
    "Person": 0.7950864655363045,
    "Definiteness": 0.6512508451656525
  },
  "learning_rate": 1.7400000000000003e-05
}