{
  "epoch": 5,
  "mode": "singlelabel",
  "fold": 0,
  "eval_decoder": "greedy",
  "mbr_threshold": 0.0,
  "train_loss": 0.16547454041164514,
  "val_loss": 0.20180294737219812,
  "train_composite_accuracy": 0.9715127145041627,
  "train_composite_micro_f1": 0.9715127145041627,
  "train_composite_macro_f1": 0.5752464345328773,
  "val_composite_accuracy": 0.9648042234931808,
  "val_composite_micro_f1": 0.9648042234931808,
  "val_composite_macro_f1": 0.7501072059843007,
  "per_word_class_accuracy": {
    "Word Class Noun": 0.9960967993754879,
    "Word Class Adjective": 0.9563758389261745,
    "Word Class Pronoun": 0.9865016872890888,
    "Word Class Number": 0.9375,
    "Word Class Verbs": 0.9966850828729282,
    "Word Class Participle": 0.9315068493150684,
    "Word Class Adverb": 0.9912967798085291,
    "Word Class Conjunctions": 0.9966101694915255,
    "Word Class Foreign words": 0.96875,
    "Word Class Unanalyzed word": 0.0,
    "Word Class Abbreviation": 0.84375,
    "Word Class Web email or address": 0.0,
    "Word Class Punctuation": 1.0,
    "Word Class Symbol": 1.0,
    "Word Class R Article": 0.9558823529411765
  },
  "per_word_class_f1": {
    "Word Class Noun": 0.9947378678620152,
    "Word Class Adjective": 0.9612141652613828,
    "Word Class Pronoun": 0.9826330532212886,
    "Word Class Number": 0.9646302250803859,
    "Word Class Verbs": 0.9977876106194692,
    "Word Class Participle": 0.9444444444444444,
    "Word Class Adverb": 0.9910811398738307,
    "Word Class Conjunctions": 0.995766299745978,
    "Word Class Foreign words": 0.96875,
    "Word Class Unanalyzed word": 0.0,
    "Word Class Abbreviation": 0.8999999999999999,
    "Word Class Web email or address": 0.0,
    "Word Class Punctuation": 0.9996564754379939,
    "Word Class Symbol": 1.0,
    "Word Class R Article": 0.9352517985611511
  },
  "per_interval_accuracy": {
    "Subcategories": 0.9842035251080812,
    "Gender": 0.9697169190256748,
    "Number": 0.9864928537772891,
    "Case": 0.9719113451832346,
    "Article": 0.9941451990632318,
    "Proper Noun": 0.9933645589383294,
    "Degree": 0.9813407049067036,
    "Declension": 0.9649595687331537,
    "Mood": 0.9895027624309393,
    "Voice": 0.9966850828729282,
    "Tense": 0.9906077348066298,
    "Person": 0.9855502037791775,
    "Definiteness": 0.9558823529411765
  },
  "per_interval_f1": {
    "Subcategories": 0.9056811025966631,
    "Gender": 0.779249037809356,
    "Number": 0.7395623157571293,
    "Case": 0.8055233437053487,
    "Article": 0.664233205746011,
    "Proper Noun": 0.6629960864533367,
    "Degree": 0.6381117659061958,
    "Declension": 0.7357975622681505,
    "Mood": 0.7268527901933257,
    "Voice": 0.666094584286804,
    "Tense": 0.744675561447784,
    "Person": 0.7714563069558162,
    "Definiteness": 0.6488562091503268
  },
  "learning_rate": 1.9e-05
}