{
  "epoch": 10,
  "mode": "singlelabel",
  "fold": 0,
  "eval_decoder": "greedy",
  "mbr_threshold": 0.0,
  "train_loss": 0.054196347281868194,
  "val_loss": 0.1754230737686157,
  "train_composite_accuracy": 0.9892205168865983,
  "train_composite_micro_f1": 0.9892205168865983,
  "train_composite_macro_f1": 0.7511095991275443,
  "val_composite_accuracy": 0.9710514738231413,
  "val_composite_micro_f1": 0.9710514738231413,
  "val_composite_macro_f1": 0.8347381740190406,
  "per_word_class_accuracy": {
    "Word Class Noun": 0.9976580796252927,
    "Word Class Adjective": 0.9697986577181208,
    "Word Class Pronoun": 0.9876265466816648,
    "Word Class Number": 0.96875,
    "Word Class Verbs": 0.9961325966850829,
    "Word Class Participle": 0.9383561643835616,
    "Word Class Adverb": 0.9908616187989556,
    "Word Class Conjunctions": 0.9957627118644068,
    "Word Class Foreign words": 0.875,
    "Word Class Unanalyzed word": 0.0,
    "Word Class Abbreviation": 0.84375,
    "Word Class Web email or address": 0.0,
    "Word Class Punctuation": 1.0,
    "Word Class Symbol": 1.0,
    "Word Class R Article": 0.9607843137254902
  },
  "per_word_class_f1": {
    "Word Class Noun": 0.9955209347614411,
    "Word Class Adjective": 0.9633333333333334,
    "Word Class Pronoun": 0.9854096520763188,
    "Word Class Number": 0.9841269841269841,
    "Word Class Verbs": 0.9969588056400331,
    "Word Class Participle": 0.9614035087719297,
    "Word Class Adverb": 0.991508817766166,
    "Word Class Conjunctions": 0.9953409572215164,
    "Word Class Foreign words": 0.9180327868852458,
    "Word Class Unanalyzed word": 0.0,
    "Word Class Abbreviation": 0.8999999999999999,
    "Word Class Web email or address": 0.0,
    "Word Class Punctuation": 1.0,
    "Word Class Symbol": 1.0,
    "Word Class R Article": 0.9584352078239609
  },
  "per_interval_accuracy": {
    "Subcategories": 0.985367475889591,
    "Gender": 0.9743252139565504,
    "Number": 0.9894769907334694,
    "Case": 0.978494623655914,
    "Article": 0.9941451990632318,
    "Proper Noun": 0.9953161592505855,
    "Degree": 0.9861782999308915,
    "Declension": 0.9743935309973046,
    "Mood": 0.9900552486187846,
    "Voice": 0.9961325966850829,
    "Tense": 0.9906077348066298,
    "Person": 0.9881437569470174,
    "Definiteness": 0.9607843137254902
  },
  "per_interval_f1": {
    "Subcategories": 0.9064008291982717,
    "Gender": 0.7819933497660146,
    "Number": 0.7417473795979144,
    "Case": 0.8091763374848232,
    "Article": 0.6635062071865266,
    "Proper Noun": 0.6636978163792044,
    "Degree": 0.6497423006521496,
    "Declension": 0.740545311531206,
    "Mood": 0.7942027528997898,
    "Voice": 0.6659990462565569,
    "Tense": 0.7449138490534777,
    "Person": 0.7936485142322619,
    "Definiteness": 0.6512508451656525
  },
  "learning_rate": 1.8e-05
}