{
  "epoch": 1,
  "mode": "singlelabel",
  "fold": 0,
  "eval_decoder": "greedy",
  "mbr_threshold": 0.0,
  "train_loss": 2.093464755595511,
  "val_loss": 0.7051152467727662,
  "train_composite_accuracy": 0.710992807385173,
  "train_composite_micro_f1": 0.710992807385173,
  "train_composite_macro_f1": 0.13868386951601736,
  "val_composite_accuracy": 0.8929168499780027,
  "val_composite_micro_f1": 0.8929168499780027,
  "val_composite_macro_f1": 0.33544004606059313,
  "per_word_class_accuracy": {
    "Word Class Noun": 0.9902419984387197,
    "Word Class Adjective": 0.8557046979865772,
    "Word Class Pronoun": 0.9077615298087739,
    "Word Class Number": 0.91875,
    "Word Class Verbs": 0.9955801104972376,
    "Word Class Participle": 0.9041095890410958,
    "Word Class Adverb": 0.9904264577893821,
    "Word Class Conjunctions": 0.9949152542372881,
    "Word Class Foreign words": 0.0,
    "Word Class Unanalyzed word": 0.0,
    "Word Class Abbreviation": 0.5,
    "Word Class Web email or address": 0.0,
    "Word Class Punctuation": 1.0,
    "Word Class Symbol": 0.0,
    "Word Class R Article": 0.6127450980392157
  },
  "per_word_class_f1": {
    "Word Class Noun": 0.9784033937524103,
    "Word Class Adjective": 0.8831168831168831,
    "Word Class Pronoun": 0.9103214890016921,
    "Word Class Number": 0.8698224852071006,
    "Word Class Verbs": 0.9953051643192489,
    "Word Class Participle": 0.9263157894736842,
    "Word Class Adverb": 0.9749411008781323,
    "Word Class Conjunctions": 0.9932318104906936,
    "Word Class Foreign words": 0.0,
    "Word Class Unanalyzed word": 0.0,
    "Word Class Abbreviation": 0.6666666666666666,
    "Word Class Web email or address": 0.0,
    "Word Class Punctuation": 1.0,
    "Word Class Symbol": 0.0,
    "Word Class R Article": 0.7183908045977012
  },
  "per_interval_accuracy": {
    "Subcategories": 0.9607582307948122,
    "Gender": 0.8964230853631775,
    "Number": 0.9541385267787027,
    "Case": 0.8922536756638139,
    "Article": 0.9855581576893052,
    "Proper Noun": 0.983216237314598,
    "Degree": 0.9481686247408431,
    "Declension": 0.8530997304582211,
    "Mood": 0.987292817679558,
    "Voice": 0.9867403314917127,
    "Tense": 0.9878453038674033,
    "Person": 0.9425713227121156,
    "Definiteness": 0.5882352941176471
  },
  "per_interval_f1": {
    "Subcategories": 0.8068686406240406,
    "Gender": 0.7255544370592066,
    "Number": 0.7131417665629881,
    "Case": 0.7059164264090209,
    "Article": 0.6599703681046957,
    "Proper Noun": 0.6578091484136173,
    "Degree": 0.526211992577725,
    "Declension": 0.6626027130428975,
    "Mood": 0.5930186721605757,
    "Voice": 0.612099882688118,
    "Tense": 0.743026261753082,
    "Person": 0.6593869100086097,
    "Definiteness": 0.3430886075949367
  },
  "learning_rate": 1.98e-05
}