{
  "epoch": 14,
  "mode": "singlelabel",
  "fold": 0,
  "eval_decoder": "greedy",
  "mbr_threshold": 0.0,
  "train_loss": 0.03058986978322739,
  "val_loss": 0.1874558225274086,
  "train_composite_accuracy": 0.9937041022446245,
  "train_composite_micro_f1": 0.9937041022446245,
  "train_composite_macro_f1": 0.8391422455291864,
  "val_composite_accuracy": 0.9721953365596129,
  "val_composite_micro_f1": 0.9721953365596129,
  "val_composite_macro_f1": 0.8410343211087513,
  "per_word_class_accuracy": {
    "Word Class Noun": 0.9968774395003903,
    "Word Class Adjective": 0.9731543624161074,
    "Word Class Pronoun": 0.9865016872890888,
    "Word Class Number": 0.96875,
    "Word Class Verbs": 0.9977900552486187,
    "Word Class Participle": 0.958904109589041,
    "Word Class Adverb": 0.9921671018276762,
    "Word Class Conjunctions": 0.9957627118644068,
    "Word Class Foreign words": 0.84375,
    "Word Class Unanalyzed word": 0.0,
    "Word Class Abbreviation": 0.84375,
    "Word Class Web email or address": 0.0,
    "Word Class Punctuation": 1.0,
    "Word Class Symbol": 1.0,
    "Word Class R Article": 0.9656862745098039
  },
  "per_word_class_f1": {
    "Word Class Noun": 0.9953234606391271,
    "Word Class Adjective": 0.9682804674457429,
    "Word Class Pronoun": 0.9859471613265881,
    "Word Class Number": 0.9841269841269841,
    "Word Class Verbs": 0.9975144987572493,
    "Word Class Participle": 0.9621993127147767,
    "Word Class Adverb": 0.992815153494448,
    "Word Class Conjunctions": 0.9957627118644068,
    "Word Class Foreign words": 0.8999999999999999,
    "Word Class Unanalyzed word": 0.0,
    "Word Class Abbreviation": 0.9152542372881356,
    "Word Class Web email or address": 0.0,
    "Word Class Punctuation": 1.0,
    "Word Class Symbol": 1.0,
    "Word Class R Article": 0.9609756097560976
  },
  "per_interval_accuracy": {
    "Subcategories": 0.9850349185234453,
    "Gender": 0.9771779679613781,
    "Number": 0.9891628710538716,
    "Case": 0.9813473776607418,
    "Article": 0.9949258391881343,
    "Proper Noun": 0.9949258391881343,
    "Degree": 0.9872149274360746,
    "Declension": 0.9784366576819407,
    "Mood": 0.992817679558011,
    "Voice": 0.9977900552486187,
    "Tense": 0.9933701657458563,
    "Person": 0.9888847721378288,
    "Definiteness": 0.9656862745098039
  },
  "per_interval_f1": {
    "Subcategories": 0.909837812797251,
    "Gender": 0.7840645878205704,
    "Number": 0.7416691843950076,
    "Case": 0.8099299399937946,
    "Article": 0.6644367022833825,
    "Proper Noun": 0.6640518219153962,
    "Degree": 0.6513017116755017,
    "Declension": 0.7434806255011129,
    "Mood": 0.7946990903757225,
    "Voice": 0.6662854964741757,
    "Tense": 0.7457532227193598,
    "Person": 0.7890586836718265,
    "Definiteness": 0.6536126779478915
  },
  "learning_rate": 1.72e-05
}