{
  "epoch": 6,
  "mode": "singlelabel",
  "fold": 0,
  "eval_decoder": "greedy",
  "mbr_threshold": 0.0,
  "train_loss": 0.12580538255310303,
  "val_loss": 0.19467060789465904,
  "train_composite_accuracy": 0.9781484208340413,
  "train_composite_micro_f1": 0.9781484208340413,
  "train_composite_macro_f1": 0.6210830694474159,
  "val_composite_accuracy": 0.9668279806423229,
  "val_composite_micro_f1": 0.9668279806423229,
  "val_composite_macro_f1": 0.7713267250136764,
  "per_word_class_accuracy": {
    "Word Class Noun": 0.9960967993754879,
    "Word Class Adjective": 0.9513422818791947,
    "Word Class Pronoun": 0.9887514060742407,
    "Word Class Number": 0.9375,
    "Word Class Verbs": 0.9972375690607734,
    "Word Class Participle": 0.958904109589041,
    "Word Class Adverb": 0.9878154917319408,
    "Word Class Conjunctions": 0.9966101694915255,
    "Word Class Foreign words": 0.875,
    "Word Class Unanalyzed word": 0.0,
    "Word Class Abbreviation": 0.9375,
    "Word Class Web email or address": 0.0,
    "Word Class Punctuation": 1.0,
    "Word Class Symbol": 1.0,
    "Word Class R Article": 0.9656862745098039
  },
  "per_word_class_f1": {
    "Word Class Noun": 0.9953198127925117,
    "Word Class Adjective": 0.9602032176121931,
    "Word Class Pronoun": 0.9826718837339296,
    "Word Class Number": 0.9646302250803859,
    "Word Class Verbs": 0.9969621651477492,
    "Word Class Participle": 0.9395973154362416,
    "Word Class Adverb": 0.9899694723070213,
    "Word Class Conjunctions": 0.995766299745978,
    "Word Class Foreign words": 0.9180327868852458,
    "Word Class Unanalyzed word": 0.0,
    "Word Class Abbreviation": 0.9523809523809523,
    "Word Class Web email or address": 0.0,
    "Word Class Punctuation": 1.0,
    "Word Class Symbol": 1.0,
    "Word Class R Article": 0.9425837320574163
  },
  "per_interval_accuracy": {
    "Subcategories": 0.9842035251080812,
    "Gender": 0.9703752468729427,
    "Number": 0.9879063923354798,
    "Case": 0.9767390827298661,
    "Article": 0.9933645589383294,
    "Proper Noun": 0.994535519125683,
    "Degree": 0.9775397373876987,
    "Declension": 0.9636118598382749,
    "Mood": 0.9911602209944751,
    "Voice": 0.9972375690607734,
    "Tense": 0.9922651933701657,
    "Person": 0.987402741756206,
    "Definiteness": 0.9656862745098039
  },
  "per_interval_f1": {
    "Subcategories": 0.9075957590948597,
    "Gender": 0.7791956269426471,
    "Number": 0.7406588937176537,
    "Case": 0.807831969135004,
    "Article": 0.6635842196478904,
    "Proper Noun": 0.6640493379987565,
    "Degree": 0.6391889184268359,
    "Declension": 0.7393277681631545,
    "Mood": 0.7276176696593916,
    "Voice": 0.6661900676770566,
    "Tense": 0.7455332787305641,
    "Person": 0.7718606070313582,
    "Definiteness": 0.6536126779478915
  },
  "learning_rate": 1.88e-05
}