{
  "epoch": 4,
  "mode": "singlelabel",
  "fold": 0,
  "eval_decoder": "greedy",
  "mbr_threshold": 0.0,
  "train_loss": 0.23403055272356565,
  "val_loss": 0.24305220395326615,
  "train_composite_accuracy": 0.9617243397330615,
  "train_composite_micro_f1": 0.9617243397330615,
  "train_composite_macro_f1": 0.5141966390172296,
  "val_composite_accuracy": 0.959612846458425,
  "val_composite_micro_f1": 0.959612846458425,
  "val_composite_macro_f1": 0.6923532797138662,
  "per_word_class_accuracy": {
    "Word Class Noun": 0.9957064793130367,
    "Word Class Adjective": 0.9328859060402684,
    "Word Class Pronoun": 0.9887514060742407,
    "Word Class Number": 0.9375,
    "Word Class Verbs": 0.9966850828729282,
    "Word Class Participle": 0.952054794520548,
    "Word Class Adverb": 0.9912967798085291,
    "Word Class Conjunctions": 0.9966101694915255,
    "Word Class Foreign words": 0.71875,
    "Word Class Unanalyzed word": 0.0,
    "Word Class Abbreviation": 0.84375,
    "Word Class Web email or address": 0.0,
    "Word Class Punctuation": 1.0,
    "Word Class Symbol": 1.0,
    "Word Class R Article": 0.9558823529411765
  },
  "per_word_class_f1": {
    "Word Class Noun": 0.9943480802962386,
    "Word Class Adjective": 0.9536878216123499,
    "Word Class Pronoun": 0.9837716843872413,
    "Word Class Number": 0.967741935483871,
    "Word Class Verbs": 0.9953103448275863,
    "Word Class Participle": 0.9360269360269361,
    "Word Class Adverb": 0.9887152777777777,
    "Word Class Conjunctions": 0.995766299745978,
    "Word Class Foreign words": 0.8214285714285714,
    "Word Class Unanalyzed word": 0.0,
    "Word Class Abbreviation": 0.8999999999999999,
    "Word Class Web email or address": 0.0,
    "Word Class Punctuation": 1.0,
    "Word Class Symbol": 1.0,
    "Word Class R Article": 0.9375
  },
  "per_interval_accuracy": {
    "Subcategories": 0.984369803791154,
    "Gender": 0.9622558700899715,
    "Number": 0.982566357782315,
    "Case": 0.967741935483871,
    "Article": 0.990632318501171,
    "Proper Noun": 0.9937548790007806,
    "Degree": 0.9789219073946095,
    "Declension": 0.9460916442048517,
    "Mood": 0.988950276243094,
    "Voice": 0.9955801104972376,
    "Tense": 0.9895027624309393,
    "Person": 0.9848091885883661,
    "Definiteness": 0.9558823529411765
  },
  "per_interval_f1": {
    "Subcategories": 0.9041814050522229,
    "Gender": 0.774989940098925,
    "Number": 0.7372349925945563,
    "Case": 0.8010420506875201,
    "Article": 0.6617826735644821,
    "Proper Noun": 0.6636116641719076,
    "Degree": 0.6337486755802394,
    "Declension": 0.7350923014359274,
    "Mood": 0.5928785993700753,
    "Voice": 0.6601571998449032,
    "Tense": 0.7435197692986029,
    "Person": 0.7574897696783716,
    "Definiteness": 0.6488562091503268
  },
  "learning_rate": 1.9200000000000003e-05
}