{
  "epoch": 2,
  "mode": "singlelabel",
  "fold": 0,
  "eval_decoder": "greedy",
  "mbr_threshold": 0.0,
  "train_loss": 0.5952257920474118,
  "val_loss": 0.38858380913734436,
  "train_composite_accuracy": 0.9115270619773084,
  "train_composite_micro_f1": 0.9115270619773084,
  "train_composite_macro_f1": 0.31446354388295494,
  "val_composite_accuracy": 0.9328640563132424,
  "val_composite_micro_f1": 0.9328640563132424,
  "val_composite_macro_f1": 0.4833249694383997,
  "per_word_class_accuracy": {
    "Word Class Noun": 0.9957064793130367,
    "Word Class Adjective": 0.87248322147651,
    "Word Class Pronoun": 0.9673790776152981,
    "Word Class Number": 0.875,
    "Word Class Verbs": 0.9977900552486187,
    "Word Class Participle": 0.9315068493150684,
    "Word Class Adverb": 0.9886858137510879,
    "Word Class Conjunctions": 0.9949152542372881,
    "Word Class Foreign words": 0.34375,
    "Word Class Unanalyzed word": 0.0,
    "Word Class Abbreviation": 0.71875,
    "Word Class Web email or address": 0.0,
    "Word Class Punctuation": 1.0,
    "Word Class Symbol": 0.0,
    "Word Class R Article": 0.7303921568627451
  },
  "per_word_class_f1": {
    "Word Class Noun": 0.9904872840225198,
    "Word Class Adjective": 0.9122807017543859,
    "Word Class Pronoun": 0.9357997823721437,
    "Word Class Number": 0.9150326797385621,
    "Word Class Verbs": 0.9958643507030603,
    "Word Class Participle": 0.918918918918919,
    "Word Class Adverb": 0.9826989619377163,
    "Word Class Conjunctions": 0.9932318104906936,
    "Word Class Foreign words": 0.5116279069767442,
    "Word Class Unanalyzed word": 0.0,
    "Word Class Abbreviation": 0.8214285714285714,
    "Word Class Web email or address": 0.0,
    "Word Class Punctuation": 1.0,
    "Word Class Symbol": 0.0,
    "Word Class R Article": 0.7967914438502673
  },
  "per_interval_accuracy": {
    "Subcategories": 0.9735616893914201,
    "Gender": 0.9392143954355936,
    "Number": 0.9715721689963877,
    "Case": 0.9418477068246653,
    "Article": 0.9890710382513661,
    "Proper Noun": 0.9914129586260734,
    "Degree": 0.9644091223220456,
    "Declension": 0.9002695417789758,
    "Mood": 0.9900552486187846,
    "Voice": 0.9950276243093923,
    "Tense": 0.9900552486187846,
    "Person": 0.9755464987032234,
    "Definiteness": 0.7058823529411765
  },
  "per_interval_f1": {
    "Subcategories": 0.8766128251170712,
    "Gender": 0.7565205533659178,
    "Number": 0.7270525904204668,
    "Case": 0.7665154197820631,
    "Article": 0.6606368932211629,
    "Proper Noun": 0.6616915463703253,
    "Degree": 0.6054047318560284,
    "Declension": 0.7097061385529821,
    "Mood": 0.5936523500195519,
    "Voice": 0.6513170150143437,
    "Tense": 0.7430797829270088,
    "Person": 0.7462735890957489,
    "Definiteness": 0.4521091811414392
  },
  "learning_rate": 1.9600000000000002e-05
}