{
  "epoch": 7,
  "mode": "singlelabel",
  "fold": 0,
  "eval_decoder": "greedy",
  "mbr_threshold": 0.0,
  "train_loss": 0.09918382156537263,
  "val_loss": 0.1939522497355938,
  "train_composite_accuracy": 0.9819146325347832,
  "train_composite_micro_f1": 0.9819146325347832,
  "train_composite_macro_f1": 0.6561262200201685,
  "val_composite_accuracy": 0.9670039595248571,
  "val_composite_micro_f1": 0.9670039595248571,
  "val_composite_macro_f1": 0.7993015501740758,
  "per_word_class_accuracy": {
    "Word Class Noun": 0.9949258391881343,
    "Word Class Adjective": 0.9496644295302014,
    "Word Class Pronoun": 0.9898762654668166,
    "Word Class Number": 0.9375,
    "Word Class Verbs": 0.9972375690607734,
    "Word Class Participle": 0.958904109589041,
    "Word Class Adverb": 0.9865100087032201,
    "Word Class Conjunctions": 0.9966101694915255,
    "Word Class Foreign words": 0.90625,
    "Word Class Unanalyzed word": 0.0,
    "Word Class Abbreviation": 0.84375,
    "Word Class Web email or address": 0.0,
    "Word Class Punctuation": 1.0,
    "Word Class Symbol": 1.0,
    "Word Class R Article": 0.9656862745098039
  },
  "per_word_class_f1": {
    "Word Class Noun": 0.9937621832358675,
    "Word Class Adjective": 0.956081081081081,
    "Word Class Pronoun": 0.9848908785674314,
    "Word Class Number": 0.9646302250803859,
    "Word Class Verbs": 0.9972375690607734,
    "Word Class Participle": 0.9364548494983277,
    "Word Class Adverb": 0.9895242252291576,
    "Word Class Conjunctions": 0.9953449005501481,
    "Word Class Foreign words": 0.8787878787878787,
    "Word Class Unanalyzed word": 0.0,
    "Word Class Abbreviation": 0.8852459016393444,
    "Word Class Web email or address": 0.0,
    "Word Class Punctuation": 0.9996564754379939,
    "Word Class Symbol": 1.0,
    "Word Class R Article": 0.9516908212560387
  },
  "per_interval_accuracy": {
    "Subcategories": 0.9832058530096441,
    "Gender": 0.9714724599517226,
    "Number": 0.9868069734568871,
    "Case": 0.9749835418038183,
    "Article": 0.992583918813427,
    "Proper Noun": 0.9929742388758782,
    "Degree": 0.9785763648928818,
    "Declension": 0.967654986522911,
    "Mood": 0.992817679558011,
    "Voice": 0.9972375690607734,
    "Tense": 0.9933701657458563,
    "Person": 0.9896257873286403,
    "Definiteness": 0.9656862745098039
  },
  "per_interval_f1": {
    "Subcategories": 0.9135874843468652,
    "Gender": 0.7800598631559964,
    "Number": 0.7400303514880403,
    "Case": 0.8100526437723129,
    "Article": 0.663562199673723,
    "Proper Noun": 0.6625489860585102,
    "Degree": 0.6452146205694446,
    "Declension": 0.7415204678362574,
    "Mood": 0.795400193361376,
    "Voice": 0.6661900676770566,
    "Tense": 0.7462745447235422,
    "Person": 0.7844705087825198,
    "Definiteness": 0.6536126779478915
  },
  "learning_rate": 1.86e-05
}