{
  "epoch": 15,
  "mode": "singlelabel",
  "fold": 0,
  "eval_decoder": "greedy",
  "mbr_threshold": 0.0,
  "train_loss": 0.026474928589784466,
  "val_loss": 0.19444180577993392,
  "train_composite_accuracy": 0.9946574540786468,
  "train_composite_micro_f1": 0.9946574540786468,
  "train_composite_macro_f1": 0.8550140834335082,
  "val_composite_accuracy": 0.9722833260008799,
  "val_composite_micro_f1": 0.9722833260008799,
  "val_composite_macro_f1": 0.8632156235248978,
  "per_word_class_accuracy": {
    "Word Class Noun": 0.9964871194379391,
    "Word Class Adjective": 0.9580536912751678,
    "Word Class Pronoun": 0.9932508436445444,
    "Word Class Number": 0.96875,
    "Word Class Verbs": 0.9983425414364641,
    "Word Class Participle": 0.9794520547945206,
    "Word Class Adverb": 0.9926022628372497,
    "Word Class Conjunctions": 0.9966101694915255,
    "Word Class Foreign words": 0.78125,
    "Word Class Unanalyzed word": 0.0,
    "Word Class Abbreviation": 0.875,
    "Word Class Web email or address": 0.0,
    "Word Class Punctuation": 1.0,
    "Word Class Symbol": 1.0,
    "Word Class R Article": 0.9607843137254902
  },
  "per_word_class_f1": {
    "Word Class Noun": 0.9957098283931357,
    "Word Class Adjective": 0.9669771380186282,
    "Word Class Pronoun": 0.9882484611080021,
    "Word Class Number": 0.9779179810725551,
    "Word Class Verbs": 0.9975158708252829,
    "Word Class Participle": 0.9565217391304349,
    "Word Class Adverb": 0.9919547727766905,
    "Word Class Conjunctions": 0.9966101694915255,
    "Word Class Foreign words": 0.8620689655172413,
    "Word Class Unanalyzed word": 0.0,
    "Word Class Abbreviation": 0.9333333333333333,
    "Word Class Web email or address": 0.0,
    "Word Class Punctuation": 1.0,
    "Word Class Symbol": 1.0,
    "Word Class R Article": 0.9655172413793103
  },
  "per_interval_accuracy": {
    "Subcategories": 0.9870302627203192,
    "Gender": 0.9749835418038183,
    "Number": 0.9894769907334694,
    "Case": 0.9811279350449857,
    "Article": 0.9949258391881343,
    "Proper Noun": 0.994535519125683,
    "Degree": 0.9841050449205252,
    "Declension": 0.9716981132075472,
    "Mood": 0.9933701657458563,
    "Voice": 0.9983425414364641,
    "Tense": 0.9939226519337017,
    "Person": 0.9918488329010745,
    "Definiteness": 0.9607843137254902
  },
  "per_interval_f1": {
    "Subcategories": 0.9087875774393932,
    "Gender": 0.7826955818648988,
    "Number": 0.7418175532007841,
    "Case": 0.8133509804889837,
    "Article": 0.6645373559177131,
    "Proper Noun": 0.6639648587489632,
    "Degree": 0.6484457481940377,
    "Declension": 0.7395631433601082,
    "Mood": 0.7947687229330362,
    "Voice": 0.6663808707249691,
    "Tense": 0.7456036753733272,
    "Person": 0.7944932491701335,
    "Definiteness": 0.6512508451656525
  },
  "learning_rate": 1.7e-05
}