{
  "epoch": 11,
  "mode": "singlelabel",
  "fold": 0,
  "eval_decoder": "greedy",
  "mbr_threshold": 0.0,
  "train_loss": 0.04936230631838004,
  "val_loss": 0.18963940888643266,
  "train_composite_accuracy": 0.9899850861792301,
  "train_composite_micro_f1": 0.9899850861792301,
  "train_composite_macro_f1": 0.7685967341897166,
  "val_composite_accuracy": 0.9701715794104707,
  "val_composite_micro_f1": 0.9701715794104707,
  "val_composite_macro_f1": 0.8242930695274487,
  "per_word_class_accuracy": {
    "Word Class Noun": 0.9941451990632318,
    "Word Class Adjective": 0.9496644295302014,
    "Word Class Pronoun": 0.9865016872890888,
    "Word Class Number": 0.96875,
    "Word Class Verbs": 0.9972375690607734,
    "Word Class Participle": 0.958904109589041,
    "Word Class Adverb": 0.9908616187989556,
    "Word Class Conjunctions": 0.997457627118644,
    "Word Class Foreign words": 0.84375,
    "Word Class Unanalyzed word": 0.0,
    "Word Class Abbreviation": 0.90625,
    "Word Class Web email or address": 0.0,
    "Word Class Punctuation": 1.0,
    "Word Class Symbol": 1.0,
    "Word Class R Article": 0.9803921568627451
  },
  "per_word_class_f1": {
    "Word Class Noun": 0.994921875,
    "Word Class Adjective": 0.9568892645815723,
    "Word Class Pronoun": 0.9870568373663478,
    "Word Class Number": 0.9810126582278481,
    "Word Class Verbs": 0.9969621651477492,
    "Word Class Participle": 0.955631399317406,
    "Word Class Adverb": 0.9891398783666377,
    "Word Class Conjunctions": 0.9949281487743026,
    "Word Class Foreign words": 0.8852459016393444,
    "Word Class Unanalyzed word": 0.0,
    "Word Class Abbreviation": 0.9354838709677419,
    "Word Class Web email or address": 0.0,
    "Word Class Punctuation": 1.0,
    "Word Class Symbol": 1.0,
    "Word Class R Article": 0.9638554216867469
  },
  "per_interval_accuracy": {
    "Subcategories": 0.9863651479880279,
    "Gender": 0.9723502304147466,
    "Number": 0.9857075545782943,
    "Case": 0.9741057713407943,
    "Article": 0.9918032786885246,
    "Proper Noun": 0.9921935987509758,
    "Degree": 0.9837595024187975,
    "Declension": 0.9609164420485176,
    "Mood": 0.9900552486187846,
    "Voice": 0.9972375690607734,
    "Tense": 0.9917127071823204,
    "Person": 0.9877732493516117,
    "Definiteness": 0.9803921568627451
  },
  "per_interval_f1": {
    "Subcategories": 0.9082637769229552,
    "Gender": 0.7815799490379641,
    "Number": 0.7395674625489289,
    "Case": 0.8080956163657436,
    "Article": 0.6633580831928988,
    "Proper Noun": 0.6630883069959382,
    "Degree": 0.6515973746814046,
    "Declension": 0.7355497559454799,
    "Mood": 0.7641163966882933,
    "Voice": 0.6661900676770566,
    "Tense": 0.7451621289468708,
    "Person": 0.7882941620878772,
    "Definiteness": 0.6605079615738912
  },
  "learning_rate": 1.7800000000000002e-05
}