{
  "epoch": 8,
  "mode": "singlelabel",
  "fold": 0,
  "eval_decoder": "greedy",
  "mbr_threshold": 0.0,
  "train_loss": 0.07770316775215809,
  "val_loss": 0.187236899882555,
  "train_composite_accuracy": 0.9855392573294822,
  "train_composite_micro_f1": 0.9855392573294822,
  "train_composite_macro_f1": 0.6923533703286967,
  "val_composite_accuracy": 0.9691157061152662,
  "val_composite_micro_f1": 0.9691157061152662,
  "val_composite_macro_f1": 0.8174859401017066,
  "per_word_class_accuracy": {
    "Word Class Noun": 0.9976580796252927,
    "Word Class Adjective": 0.9546979865771812,
    "Word Class Pronoun": 0.9932508436445444,
    "Word Class Number": 0.94375,
    "Word Class Verbs": 0.9966850828729282,
    "Word Class Participle": 0.9657534246575342,
    "Word Class Adverb": 0.9882506527415144,
    "Word Class Conjunctions": 0.9966101694915255,
    "Word Class Foreign words": 0.875,
    "Word Class Unanalyzed word": 0.0,
    "Word Class Abbreviation": 0.875,
    "Word Class Web email or address": 0.0,
    "Word Class Punctuation": 1.0,
    "Word Class Symbol": 1.0,
    "Word Class R Article": 0.9607843137254902
  },
  "per_word_class_f1": {
    "Word Class Noun": 0.9957148422282821,
    "Word Class Adjective": 0.9611486486486487,
    "Word Class Pronoun": 0.9854910714285715,
    "Word Class Number": 0.9710610932475884,
    "Word Class Verbs": 0.9972360420121614,
    "Word Class Participle": 0.962457337883959,
    "Word Class Adverb": 0.9899738448125545,
    "Word Class Conjunctions": 0.9949238578680203,
    "Word Class Foreign words": 0.9180327868852458,
    "Word Class Unanalyzed word": 0.0,
    "Word Class Abbreviation": 0.9333333333333333,
    "Word Class Web email or address": 0.0,
    "Word Class Punctuation": 1.0,
    "Word Class Symbol": 1.0,
    "Word Class R Article": 0.9491525423728813
  },
  "per_interval_accuracy": {
    "Subcategories": 0.9842035251080812,
    "Gender": 0.9732280008777705,
    "Number": 0.9882205120150778,
    "Case": 0.9778362958086461,
    "Article": 0.9960967993754879,
    "Proper Noun": 0.9937548790007806,
    "Degree": 0.9803040774015204,
    "Declension": 0.9649595687331537,
    "Mood": 0.9917127071823204,
    "Voice": 0.9966850828729282,
    "Tense": 0.9922651933701657,
    "Person": 0.9903668025194516,
    "Definiteness": 0.9607843137254902
  },
  "per_interval_f1": {
    "Subcategories": 0.9078487015228347,
    "Gender": 0.7808982678250658,
    "Number": 0.7408297151817741,
    "Case": 0.8096365537167491,
    "Article": 0.6649237316119686,
    "Proper Noun": 0.6624897827983652,
    "Degree": 0.6455477379101375,
    "Declension": 0.7355680868838764,
    "Mood": 0.7949708514527005,
    "Voice": 0.666094584286804,
    "Tense": 0.7457762098698253,
    "Person": 0.7892095615886056,
    "Definiteness": 0.6512508451656525
  },
  "learning_rate": 1.8400000000000003e-05
}