{
  "epoch": 3,
  "mode": "singlelabel",
  "fold": 0,
  "eval_decoder": "greedy",
  "mbr_threshold": 0.0,
  "train_loss": 0.34075115476850165,
  "val_loss": 0.27614414095878603,
  "train_composite_accuracy": 0.9450925978365521,
  "train_composite_micro_f1": 0.9450925978365521,
  "train_composite_macro_f1": 0.42507139626954327,
  "val_composite_accuracy": 0.9516937967443907,
  "val_composite_micro_f1": 0.9516937967443907,
  "val_composite_macro_f1": 0.623080828492512,
  "per_word_class_accuracy": {
    "Word Class Noun": 0.9964871194379391,
    "Word Class Adjective": 0.9429530201342282,
    "Word Class Pronoun": 0.9865016872890888,
    "Word Class Number": 0.925,
    "Word Class Verbs": 0.9961325966850829,
    "Word Class Participle": 0.9178082191780822,
    "Word Class Adverb": 0.9873803307223673,
    "Word Class Conjunctions": 0.9966101694915255,
    "Word Class Foreign words": 0.84375,
    "Word Class Unanalyzed word": 0.0,
    "Word Class Abbreviation": 0.8125,
    "Word Class Web email or address": 0.0,
    "Word Class Punctuation": 1.0,
    "Word Class Symbol": 0.0,
    "Word Class R Article": 0.8970588235294118
  },
  "per_word_class_f1": {
    "Word Class Noun": 0.9935785172212492,
    "Word Class Adjective": 0.9509306260575296,
    "Word Class Pronoun": 0.9733629300776914,
    "Word Class Number": 0.9548387096774195,
    "Word Class Verbs": 0.995857497928749,
    "Word Class Participle": 0.9469964664310954,
    "Word Class Adverb": 0.988240418118467,
    "Word Class Conjunctions": 0.9940828402366865,
    "Word Class Foreign words": 0.8999999999999999,
    "Word Class Unanalyzed word": 0.0,
    "Word Class Abbreviation": 0.8813559322033898,
    "Word Class Web email or address": 0.0,
    "Word Class Punctuation": 1.0,
    "Word Class Symbol": 0.0,
    "Word Class R Article": 0.9037037037037037
  },
  "per_interval_accuracy": {
    "Subcategories": 0.9797140006651147,
    "Gender": 0.956111476848804,
    "Number": 0.9787969216271399,
    "Case": 0.9576475751590959,
    "Article": 0.9941451990632318,
    "Proper Noun": 0.9949258391881343,
    "Degree": 0.9761575673807878,
    "Declension": 0.9501347708894878,
    "Mood": 0.9895027624309393,
    "Voice": 0.9955801104972376,
    "Tense": 0.9900552486187846,
    "Person": 0.9836976658021489,
    "Definiteness": 0.8921568627450981
  },
  "per_interval_f1": {
    "Subcategories": 0.8978627783252696,
    "Gender": 0.7680135363478368,
    "Number": 0.7327003436621159,
    "Case": 0.7903968228119637,
    "Article": 0.6639696881375692,
    "Proper Noun": 0.664134259447377,
    "Degree": 0.6304101515423749,
    "Declension": 0.7345982783357246,
    "Mood": 0.5941287185579183,
    "Voice": 0.6631023330912216,
    "Tense": 0.7442592270701371,
    "Person": 0.7572067836216734,
    "Definiteness": 0.6131122773536896
  },
  "learning_rate": 1.94e-05
}