{
  "epoch": 9,
  "mode": "singlelabel",
  "fold": 0,
  "eval_decoder": "greedy",
  "mbr_threshold": 0.0,
  "train_loss": 0.06674300965865236,
  "val_loss": 0.1875855006277561,
  "train_composite_accuracy": 0.9874837175058051,
  "train_composite_micro_f1": 0.9874837175058051,
  "train_composite_macro_f1": 0.7267692336748915,
  "val_composite_accuracy": 0.9693796744390674,
  "val_composite_micro_f1": 0.9693796744390674,
  "val_composite_macro_f1": 0.8242748781464746,
  "per_word_class_accuracy": {
    "Word Class Noun": 0.9964871194379391,
    "Word Class Adjective": 0.9664429530201343,
    "Word Class Pronoun": 0.9876265466816648,
    "Word Class Number": 0.95,
    "Word Class Verbs": 0.9977900552486187,
    "Word Class Participle": 0.952054794520548,
    "Word Class Adverb": 0.9882506527415144,
    "Word Class Conjunctions": 0.9966101694915255,
    "Word Class Foreign words": 0.78125,
    "Word Class Unanalyzed word": 0.0,
    "Word Class Abbreviation": 0.875,
    "Word Class Web email or address": 0.0,
    "Word Class Punctuation": 1.0,
    "Word Class Symbol": 1.0,
    "Word Class R Article": 0.9607843137254902
  },
  "per_word_class_f1": {
    "Word Class Noun": 0.9953216374269007,
    "Word Class Adjective": 0.9648241206030151,
    "Word Class Pronoun": 0.9821029082774049,
    "Word Class Number": 0.9712460063897763,
    "Word Class Verbs": 0.996138996138996,
    "Word Class Participle": 0.9652777777777778,
    "Word Class Adverb": 0.9901896664486592,
    "Word Class Conjunctions": 0.9953449005501481,
    "Word Class Foreign words": 0.8620689655172413,
    "Word Class Unanalyzed word": 0.0,
    "Word Class Abbreviation": 0.9333333333333333,
    "Word Class Web email or address": 0.0,
    "Word Class Punctuation": 1.0,
    "Word Class Symbol": 1.0,
    "Word Class R Article": 0.953771289537713
  },
  "per_interval_accuracy": {
    "Subcategories": 0.9847023611572996,
    "Gender": 0.9730085582620145,
    "Number": 0.9886916915344747,
    "Case": 0.9754224270353302,
    "Article": 0.9941451990632318,
    "Proper Noun": 0.9937548790007806,
    "Degree": 0.9830684174153421,
    "Declension": 0.9690026954177897,
    "Mood": 0.9917127071823204,
    "Voice": 0.9977900552486187,
    "Tense": 0.9922651933701657,
    "Person": 0.9877732493516117,
    "Definiteness": 0.9607843137254902
  },
  "per_interval_f1": {
    "Subcategories": 0.9096323885081603,
    "Gender": 0.7811598365716275,
    "Number": 0.740875644983611,
    "Case": 0.8104016130759271,
    "Article": 0.6640511575032266,
    "Proper Noun": 0.6632639031820992,
    "Degree": 0.6487303041402124,
    "Declension": 0.732250967432483,
    "Mood": 0.7944366646955502,
    "Voice": 0.6662854964741757,
    "Tense": 0.7452982519450589,
    "Person": 0.7879829583540848,
    "Definiteness": 0.6512508451656525
  },
  "learning_rate": 1.8200000000000002e-05
}