{
  "mode": "singlelabel",
  "fold": 0,
  "eval_decoder": "greedy",
  "mbr_threshold": 0.0,
  "temperature": 1.0,
  "ood_data_path": "data/OOD-BRAGD.json",
  "num_sentences": 500,
  "composite_accuracy": 0.9597577250795606,
  "composite_micro_f1": 0.9597577250795606,
  "composite_macro_f1": 0.8035979472685306,
  "word_class_accuracy": 0.9879889128426239,
  "word_class_macro_f1": 0.9396046388700537,
  "per_word_class_accuracy": {
    "Word Class Noun": 0.9878048780487805,
    "Word Class Adjective": 0.9582637729549248,
    "Word Class Pronoun": 0.9917808219178083,
    "Word Class Number": 1.0,
    "Word Class Verbs": 0.9978601997146933,
    "Word Class Participle": 0.912751677852349,
    "Word Class Adverb": 0.9889928453494772,
    "Word Class Conjunctions": 0.9925847457627118,
    "Word Class Foreign words": 0.65,
    "Word Class Unanalyzed word": 0.0,
    "Word Class Abbreviation": 1.0,
    "Word Class Web email or address": 0.0,
    "Word Class Punctuation": 1.0,
    "Word Class Symbol": 0.9230769230769231,
    "Word Class R Article": 0.9875
  },
  "per_word_class_f1": {
    "Word Class Noun": 0.9908256880733946,
    "Word Class Adjective": 0.9582637729549248,
    "Word Class Pronoun": 0.9924605894448253,
    "Word Class Number": 1.0,
    "Word Class Verbs": 0.9975044563279857,
    "Word Class Participle": 0.9220338983050848,
    "Word Class Adverb": 0.9854675075404442,
    "Word Class Conjunctions": 0.9915343915343916,
    "Word Class Foreign words": 0.6666666666666667,
    "Word Class Unanalyzed word": 0.0,
    "Word Class Abbreviation": 0.7647058823529412,
    "Word Class Web email or address": 0.0,
    "Word Class Punctuation": 1.0,
    "Word Class Symbol": 0.9600000000000001,
    "Word Class R Article": 0.9844236760124611
  },
  "per_interval_accuracy": {
    "Subcategories": 0.9872173058013766,
    "Gender": 0.9601918465227818,
    "Number": 0.9836683417085427,
    "Case": 0.971462829736211,
    "Article": 0.9838850174216028,
    "Proper Noun": 0.9690766550522648,
    "Degree": 0.9809602649006622,
    "Declension": 0.9679144385026738,
    "Mood": 0.9964336661911555,
    "Voice": 0.9978601997146933,
    "Tense": 0.9964336661911555,
    "Person": 0.9924953095684803,
    "Definiteness": 0.9875
  },
  "per_interval_f1": {
    "Subcategories": 0.8933169247808588,
    "Gender": 0.7722704191527948,
    "Number": 0.7382488493265171,
    "Case": 0.8050242617231431,
    "Article": 0.6600183766177501,
    "Proper Noun": 0.644821446420373,
    "Degree": 0.6497195545232819,
    "Declension": 0.7413315203832145,
    "Mood": 0.7663272469559992,
    "Voice": 0.6662953335808887,
    "Tense": 0.7477187962629913,
    "Person": 0.7889221693575348,
    "Definiteness": 0.6619718309859155
  }
}