{
  "epoch": 13,
  "mode": "singlelabel",
  "fold": 6,
  "eval_decoder": "greedy",
  "mbr_threshold": 0.0,
  "train_loss": 0.03647112874097287,
  "val_loss": 0.16361621096730233,
  "train_composite_accuracy": 0.992418844586314,
  "train_composite_micro_f1": 0.992418844586314,
  "train_composite_macro_f1": 0.805596746771388,
  "val_composite_accuracy": 0.9731031047650672,
  "val_composite_micro_f1": 0.9731031047650672,
  "val_composite_macro_f1": 0.8672414913044988,
  "per_word_class_accuracy": {
    "Word Class Noun": 0.9944071588366891,
    "Word Class Adjective": 0.9726688102893891,
    "Word Class Pronoun": 0.9804928131416838,
    "Word Class Number": 0.9805194805194806,
    "Word Class Verbs": 1.0,
    "Word Class Participle": 0.9542857142857143,
    "Word Class Adverb": 0.9889970376639865,
    "Word Class Conjunctions": 0.9961180124223602,
    "Word Class Foreign words": 0.5384615384615384,
    "Word Class Unanalyzed word": 0.0,
    "Word Class Abbreviation": 1.0,
    "Word Class Web email or address": 0.0,
    "Word Class Punctuation": 1.0,
    "Word Class Symbol": 0.6666666666666666,
    "Word Class R Article": 0.9952153110047847
  },
  "per_word_class_f1": {
    "Word Class Noun": 0.9951492537313434,
    "Word Class Adjective": 0.965682362330407,
    "Word Class Pronoun": 0.9850438370293967,
    "Word Class Number": 0.9901639344262295,
    "Word Class Verbs": 0.9984431759211209,
    "Word Class Participle": 0.9681159420289855,
    "Word Class Adverb": 0.9902542372881357,
    "Word Class Conjunctions": 0.9941882991088725,
    "Word Class Foreign words": 0.6666666666666667,
    "Word Class Unanalyzed word": 0.0,
    "Word Class Abbreviation": 1.0,
    "Word Class Web email or address": 0.0,
    "Word Class Punctuation": 1.0,
    "Word Class Symbol": 0.8,
    "Word Class R Article": 0.9651972157772621
  },
  "per_interval_accuracy": {
    "Subcategories": 0.9853536927391711,
    "Gender": 0.9804817275747508,
    "Number": 0.9896142433234422,
    "Case": 0.9786129568106312,
    "Article": 0.9929157345264727,
    "Proper Noun": 0.9921700223713646,
    "Degree": 0.9855946398659966,
    "Declension": 0.973651191969887,
    "Mood": 0.9942827442827443,
    "Voice": 0.9994802494802495,
    "Tense": 0.9948024948024948,
    "Person": 0.9886128364389234,
    "Definiteness": 0.9952153110047847
  },
  "per_interval_f1": {
    "Subcategories": 0.9097007862311638,
    "Gender": 0.7871451722281606,
    "Number": 0.7418532341163906,
    "Case": 0.8170780524339715,
    "Article": 0.6635726609869562,
    "Proper Noun": 0.6634968550800701,
    "Degree": 0.7874723778835614,
    "Declension": 0.733450154773861,
    "Mood": 0.9448324315506809,
    "Voice": 0.9962680704721745,
    "Tense": 0.9951195472958606,
    "Person": 0.7918627508479796,
    "Definiteness": 0.6655443322109988
  },
  "learning_rate": 1.7400000000000003e-05
}