{
  "epoch": 3,
  "mode": "singlelabel",
  "fold": 6,
  "eval_decoder": "greedy",
  "mbr_threshold": 0.0,
  "train_loss": 0.332285956345401,
  "val_loss": 0.2823040336370468,
  "train_composite_accuracy": 0.9467419082091183,
  "train_composite_micro_f1": 0.9467419082091183,
  "train_composite_macro_f1": 0.43094953090914934,
  "val_composite_accuracy": 0.9498588743151254,
  "val_composite_micro_f1": 0.9498588743151254,
  "val_composite_macro_f1": 0.6237025604247646,
  "per_word_class_accuracy": {
    "Word Class Noun": 0.9955257270693513,
    "Word Class Adjective": 0.8954983922829582,
    "Word Class Pronoun": 0.9691991786447639,
    "Word Class Number": 0.9545454545454546,
    "Word Class Verbs": 0.997920997920998,
    "Word Class Participle": 0.9657142857142857,
    "Word Class Adverb": 0.9881506559458316,
    "Word Class Conjunctions": 0.9953416149068323,
    "Word Class Foreign words": 0.46153846153846156,
    "Word Class Unanalyzed word": 0.0,
    "Word Class Abbreviation": 1.0,
    "Word Class Web email or address": 0.0,
    "Word Class Punctuation": 1.0,
    "Word Class Symbol": 0.0,
    "Word Class R Article": 0.9043062200956937
  },
  "per_word_class_f1": {
    "Word Class Noun": 0.9933035714285714,
    "Word Class Adjective": 0.9322175732217574,
    "Word Class Pronoun": 0.9652351738241309,
    "Word Class Number": 0.9767441860465117,
    "Word Class Verbs": 0.9981804003119314,
    "Word Class Participle": 0.952112676056338,
    "Word Class Adverb": 0.9833649189303011,
    "Word Class Conjunctions": 0.9895793130065612,
    "Word Class Foreign words": 0.631578947368421,
    "Word Class Unanalyzed word": 0.0,
    "Word Class Abbreviation": 0.9600000000000001,
    "Word Class Web email or address": 0.0,
    "Word Class Punctuation": 1.0,
    "Word Class Symbol": 0.0,
    "Word Class R Article": 0.9021479713603819
  },
  "per_interval_accuracy": {
    "Subcategories": 0.9774072919912745,
    "Gender": 0.9553571428571429,
    "Number": 0.978486646884273,
    "Case": 0.9568106312292359,
    "Article": 0.9903057419835943,
    "Proper Noun": 0.9906785980611484,
    "Degree": 0.9688442211055276,
    "Declension": 0.9222082810539524,
    "Mood": 0.9922037422037422,
    "Voice": 0.9968814968814969,
    "Tense": 0.9901247401247402,
    "Person": 0.9806763285024155,
    "Definiteness": 0.9043062200956937
  },
  "per_interval_f1": {
    "Subcategories": 0.8658260079183133,
    "Gender": 0.769627822652255,
    "Number": 0.7337487357592894,
    "Case": 0.7928135356050511,
    "Article": 0.6614243921211277,
    "Proper Noun": 0.661564861489525,
    "Degree": 0.7495114495922499,
    "Declension": 0.726616282684598,
    "Mood": 0.5954305844305845,
    "Voice": 0.6612960833848232,
    "Tense": 0.7432624418190135,
    "Person": 0.7802220466610587,
    "Definiteness": 0.6028380615839363
  },
  "learning_rate": 1.94e-05
}