{
  "epoch": 2,
  "mode": "singlelabel",
  "fold": 6,
  "eval_decoder": "greedy",
  "mbr_threshold": 0.0,
  "train_loss": 0.5874352883845785,
  "val_loss": 0.3611776113510132,
  "train_composite_accuracy": 0.913139719364247,
  "train_composite_micro_f1": 0.913139719364247,
  "train_composite_macro_f1": 0.31750495076548574,
  "val_composite_accuracy": 0.9374066080026565,
  "val_composite_micro_f1": 0.9374066080026565,
  "val_composite_macro_f1": 0.5073109654732434,
  "per_word_class_accuracy": {
    "Word Class Noun": 0.9951528709917972,
    "Word Class Adjective": 0.9067524115755627,
    "Word Class Pronoun": 0.9630390143737166,
    "Word Class Number": 0.948051948051948,
    "Word Class Verbs": 0.9968814968814969,
    "Word Class Participle": 0.9428571428571428,
    "Word Class Adverb": 0.9843419382141346,
    "Word Class Conjunctions": 0.9930124223602484,
    "Word Class Foreign words": 0.46153846153846156,
    "Word Class Unanalyzed word": 0.0,
    "Word Class Abbreviation": 0.9444444444444444,
    "Word Class Web email or address": 0.0,
    "Word Class Punctuation": 1.0,
    "Word Class Symbol": 0.0,
    "Word Class R Article": 0.7799043062200957
  },
  "per_word_class_f1": {
    "Word Class Noun": 0.9918246005202526,
    "Word Class Adjective": 0.919315403422983,
    "Word Class Pronoun": 0.9436619718309858,
    "Word Class Number": 0.9733333333333333,
    "Word Class Verbs": 0.9976592977893368,
    "Word Class Participle": 0.9537572254335259,
    "Word Class Adverb": 0.9841337000211551,
    "Word Class Conjunctions": 0.9891724671307038,
    "Word Class Foreign words": 0.631578947368421,
    "Word Class Unanalyzed word": 0.0,
    "Word Class Abbreviation": 0.9444444444444444,
    "Word Class Web email or address": 0.0,
    "Word Class Punctuation": 1.0,
    "Word Class Symbol": 0.0,
    "Word Class R Article": 0.8337595907928389
  },
  "per_interval_accuracy": {
    "Subcategories": 0.9730445621689,
    "Gender": 0.9424833887043189,
    "Number": 0.9737388724035608,
    "Case": 0.9518272425249169,
    "Article": 0.9906785980611484,
    "Proper Noun": 0.9925428784489188,
    "Degree": 0.9668341708542714,
    "Declension": 0.9284818067754078,
    "Mood": 0.9916839916839917,
    "Voice": 0.9953222453222453,
    "Tense": 0.9885654885654885,
    "Person": 0.9775707384403036,
    "Definiteness": 0.7655502392344498
  },
  "per_interval_f1": {
    "Subcategories": 0.8389815381430006,
    "Gender": 0.7570119542439178,
    "Number": 0.7273873085209926,
    "Case": 0.7748433703403789,
    "Article": 0.6618892028497337,
    "Proper Noun": 0.6632074638116742,
    "Degree": 0.7301130669667039,
    "Declension": 0.7260098776352646,
    "Mood": 0.5952639330790591,
    "Voice": 0.6585576799944837,
    "Tense": 0.7417536631203784,
    "Person": 0.7764255576181653,
    "Definiteness": 0.45274805006348634
  },
  "learning_rate": 1.9600000000000002e-05
}