{
  "epoch": 11,
  "mode": "singlelabel",
  "fold": 6,
  "eval_decoder": "greedy",
  "mbr_threshold": 0.0,
  "train_loss": 0.046076402885587196,
  "val_loss": 0.17934855371713637,
  "train_composite_accuracy": 0.991088817320755,
  "train_composite_micro_f1": 0.991088817320755,
  "train_composite_macro_f1": 0.7625425409741231,
  "val_composite_accuracy": 0.9718578781338204,
  "val_composite_micro_f1": 0.9718578781338204,
  "val_composite_macro_f1": 0.8587708910634423,
  "per_word_class_accuracy": {
    "Word Class Noun": 0.9973900074571216,
    "Word Class Adjective": 0.9614147909967846,
    "Word Class Pronoun": 0.9815195071868583,
    "Word Class Number": 0.974025974025974,
    "Word Class Verbs": 0.9984407484407485,
    "Word Class Participle": 0.96,
    "Word Class Adverb": 0.9889970376639865,
    "Word Class Conjunctions": 0.9945652173913043,
    "Word Class Foreign words": 0.5384615384615384,
    "Word Class Unanalyzed word": 0.0,
    "Word Class Abbreviation": 1.0,
    "Word Class Web email or address": 0.0,
    "Word Class Punctuation": 1.0,
    "Word Class Symbol": 0.6666666666666666,
    "Word Class R Article": 0.9904306220095693
  },
  "per_word_class_f1": {
    "Word Class Noun": 0.9955340528470413,
    "Word Class Adjective": 0.964516129032258,
    "Word Class Pronoun": 0.9835390946502058,
    "Word Class Number": 0.9868421052631579,
    "Word Class Verbs": 0.998181345804105,
    "Word Class Participle": 0.9627507163323782,
    "Word Class Adverb": 0.9898348157560356,
    "Word Class Conjunctions": 0.9949514563106796,
    "Word Class Foreign words": 0.6666666666666667,
    "Word Class Unanalyzed word": 0.0,
    "Word Class Abbreviation": 1.0,
    "Word Class Web email or address": 0.0,
    "Word Class Punctuation": 1.0,
    "Word Class Symbol": 0.8,
    "Word Class R Article": 0.9605568445475637
  },
  "per_interval_accuracy": {
    "Subcategories": 0.9845746338423185,
    "Gender": 0.977782392026578,
    "Number": 0.9894658753709199,
    "Case": 0.9781976744186046,
    "Article": 0.9955257270693513,
    "Proper Noun": 0.9947800149142431,
    "Degree": 0.983249581239531,
    "Declension": 0.9661229611041405,
    "Mood": 0.9942827442827443,
    "Voice": 0.997920997920998,
    "Tense": 0.9948024948024948,
    "Person": 0.9889579020013802,
    "Definiteness": 0.9904306220095693
  },
  "per_interval_f1": {
    "Subcategories": 0.9138663366114413,
    "Gender": 0.784640026729779,
    "Number": 0.7418978826600029,
    "Case": 0.8175449805350464,
    "Article": 0.6644215338560303,
    "Proper Noun": 0.6638733454076897,
    "Degree": 0.7821670495053532,
    "Declension": 0.7328955685856854,
    "Mood": 0.7567463559452781,
    "Voice": 0.6639088081935962,
    "Tense": 0.7469141680428241,
    "Person": 0.7923733825494761,
    "Definiteness": 0.6627432117628196
  },
  "learning_rate": 1.7800000000000002e-05
}