{
  "epoch": 4,
  "mode": "singlelabel",
  "fold": 6,
  "eval_decoder": "greedy",
  "mbr_threshold": 0.0,
  "train_loss": 0.22357558884171247,
  "val_loss": 0.22116317600011826,
  "train_composite_accuracy": 0.9630727429912314,
  "train_composite_micro_f1": 0.9630727429912314,
  "train_composite_macro_f1": 0.517234000954567,
  "val_composite_accuracy": 0.9589075211688527,
  "val_composite_micro_f1": 0.9589075211688527,
  "val_composite_macro_f1": 0.6891610277215783,
  "per_word_class_accuracy": {
    "Word Class Noun": 0.993661446681581,
    "Word Class Adjective": 0.9565916398713826,
    "Word Class Pronoun": 0.9774127310061602,
    "Word Class Number": 0.948051948051948,
    "Word Class Verbs": 0.998960498960499,
    "Word Class Participle": 0.96,
    "Word Class Adverb": 0.9868810833685993,
    "Word Class Conjunctions": 0.9953416149068323,
    "Word Class Foreign words": 0.6923076923076923,
    "Word Class Unanalyzed word": 0.0,
    "Word Class Abbreviation": 1.0,
    "Word Class Web email or address": 0.0,
    "Word Class Punctuation": 1.0,
    "Word Class Symbol": 0.6666666666666666,
    "Word Class R Article": 0.9425837320574163
  },
  "per_word_class_f1": {
    "Word Class Noun": 0.9949598655964159,
    "Word Class Adjective": 0.9558232931726908,
    "Word Class Pronoun": 0.9739130434782609,
    "Word Class Number": 0.9733333333333333,
    "Word Class Verbs": 0.9981822903142041,
    "Word Class Participle": 0.9627507163323782,
    "Word Class Adverb": 0.9887640449438202,
    "Word Class Conjunctions": 0.9911093931194433,
    "Word Class Foreign words": 0.8181818181818181,
    "Word Class Unanalyzed word": 0.0,
    "Word Class Abbreviation": 0.9863013698630138,
    "Word Class Web email or address": 0.0,
    "Word Class Punctuation": 1.0,
    "Word Class Symbol": 0.8,
    "Word Class R Article": 0.9270588235294118
  },
  "per_interval_accuracy": {
    "Subcategories": 0.980211904019944,
    "Gender": 0.9667774086378738,
    "Number": 0.986053412462908,
    "Case": 0.9686461794019934,
    "Article": 0.9880686055182699,
    "Proper Noun": 0.9858314690529456,
    "Degree": 0.978894472361809,
    "Declension": 0.9673776662484316,
    "Mood": 0.9948024948024948,
    "Voice": 0.998960498960499,
    "Tense": 0.9937629937629938,
    "Person": 0.9858523119392685,
    "Definiteness": 0.9425837320574163
  },
  "per_interval_f1": {
    "Subcategories": 0.8754058327961936,
    "Gender": 0.776325129720586,
    "Number": 0.7384831040665056,
    "Case": 0.8019972774016731,
    "Article": 0.6606806710789582,
    "Proper Noun": 0.6586352318437555,
    "Degree": 0.7640095933316997,
    "Declension": 0.7337613040718397,
    "Mood": 0.7566516228732659,
    "Voice": 0.6664867781975176,
    "Tense": 0.7455454834513439,
    "Person": 0.7832785893696874,
    "Definiteness": 0.631905188480112
  },
  "learning_rate": 1.9200000000000003e-05
}