{
  "epoch": 6,
  "mode": "singlelabel",
  "fold": 6,
  "eval_decoder": "greedy",
  "mbr_threshold": 0.0,
  "train_loss": 0.12515517362438175,
  "val_loss": 0.18288194090127946,
  "train_composite_accuracy": 0.9777600440809037,
  "train_composite_micro_f1": 0.9777600440809037,
  "train_composite_macro_f1": 0.6180977234754279,
  "val_composite_accuracy": 0.9670430018263324,
  "val_composite_micro_f1": 0.9670430018263324,
  "val_composite_macro_f1": 0.7814256738928889,
  "per_word_class_accuracy": {
    "Word Class Noun": 0.9970171513795675,
    "Word Class Adjective": 0.9678456591639871,
    "Word Class Pronoun": 0.9774127310061602,
    "Word Class Number": 0.948051948051948,
    "Word Class Verbs": 0.997920997920998,
    "Word Class Participle": 0.9542857142857143,
    "Word Class Adverb": 0.9889970376639865,
    "Word Class Conjunctions": 0.9937888198757764,
    "Word Class Foreign words": 0.5384615384615384,
    "Word Class Unanalyzed word": 0.0,
    "Word Class Abbreviation": 1.0,
    "Word Class Web email or address": 0.0,
    "Word Class Punctuation": 1.0,
    "Word Class Symbol": 0.6666666666666666,
    "Word Class R Article": 0.9856459330143541
  },
  "per_word_class_f1": {
    "Word Class Noun": 0.9951618905842947,
    "Word Class Adjective": 0.9639711769415531,
    "Word Class Pronoun": 0.9809376609994849,
    "Word Class Number": 0.9733333333333333,
    "Word Class Verbs": 0.9981804003119314,
    "Word Class Participle": 0.962536023054755,
    "Word Class Adverb": 0.9906740144128868,
    "Word Class Conjunctions": 0.9937888198757764,
    "Word Class Foreign words": 0.608695652173913,
    "Word Class Unanalyzed word": 0.0,
    "Word Class Abbreviation": 1.0,
    "Word Class Web email or address": 0.0,
    "Word Class Punctuation": 1.0,
    "Word Class Symbol": 0.8,
    "Word Class R Article": 0.9493087557603687
  },
  "per_interval_accuracy": {
    "Subcategories": 0.9816142100342786,
    "Gender": 0.9742524916943521,
    "Number": 0.9879821958456974,
    "Case": 0.9757059800664452,
    "Article": 0.9947800149142431,
    "Proper Noun": 0.994034302759135,
    "Degree": 0.9822445561139028,
    "Declension": 0.973651191969887,
    "Mood": 0.9927234927234927,
    "Voice": 0.997920997920998,
    "Tense": 0.9932432432432432,
    "Person": 0.9858523119392685,
    "Definiteness": 0.9856459330143541
  },
  "per_interval_f1": {
    "Subcategories": 0.9076958452890903,
    "Gender": 0.7813339319068168,
    "Number": 0.7401778572498879,
    "Case": 0.8081930517484784,
    "Article": 0.6640457043426852,
    "Proper Noun": 0.6634712572548358,
    "Degree": 0.7689713591232096,
    "Declension": 0.7344368340153974,
    "Mood": 0.7560517637353106,
    "Voice": 0.6663066954643628,
    "Tense": 0.7461044977492184,
    "Person": 0.7874624326783981,
    "Definiteness": 0.6598946146968746
  },
  "learning_rate": 1.88e-05
}