{
  "epoch": 1,
  "mode": "singlelabel",
  "fold": 6,
  "eval_decoder": "greedy",
  "mbr_threshold": 0.0,
  "train_loss": 2.069038386319749,
  "val_loss": 0.6785289525985718,
  "train_composite_accuracy": 0.712923114923856,
  "train_composite_micro_f1": 0.712923114923856,
  "train_composite_macro_f1": 0.1340651604652769,
  "val_composite_accuracy": 0.8952349327577619,
  "val_composite_micro_f1": 0.8952349327577619,
  "val_composite_macro_f1": 0.3402153928545338,
  "per_word_class_accuracy": {
    "Word Class Noun": 0.9910514541387024,
    "Word Class Adjective": 0.8665594855305466,
    "Word Class Pronoun": 0.8891170431211499,
    "Word Class Number": 0.935064935064935,
    "Word Class Verbs": 0.9974012474012474,
    "Word Class Participle": 0.9142857142857143,
    "Word Class Adverb": 0.9813796022005925,
    "Word Class Conjunctions": 0.9961180124223602,
    "Word Class Foreign words": 0.0,
    "Word Class Unanalyzed word": 0.0,
    "Word Class Abbreviation": 0.3888888888888889,
    "Word Class Web email or address": 0.0,
    "Word Class Punctuation": 1.0,
    "Word Class Symbol": 0.0,
    "Word Class R Article": 0.6124401913875598
  },
  "per_word_class_f1": {
    "Word Class Noun": 0.9818987809383081,
    "Word Class Adjective": 0.8665594855305466,
    "Word Class Pronoun": 0.8992731048805815,
    "Word Class Number": 0.9171974522292993,
    "Word Class Verbs": 0.9966242534406647,
    "Word Class Participle": 0.9248554913294799,
    "Word Class Adverb": 0.9747793190416142,
    "Word Class Conjunctions": 0.9846508058326937,
    "Word Class Foreign words": 0.0,
    "Word Class Unanalyzed word": 0.0,
    "Word Class Abbreviation": 0.56,
    "Word Class Web email or address": 0.0,
    "Word Class Punctuation": 1.0,
    "Word Class Symbol": 0.0,
    "Word Class R Article": 0.709141274238227
  },
  "per_interval_accuracy": {
    "Subcategories": 0.9537239015269554,
    "Gender": 0.8980481727574751,
    "Number": 0.9540059347181009,
    "Case": 0.9127906976744186,
    "Article": 0.982475764354959,
    "Proper Noun": 0.9802386278896346,
    "Degree": 0.947068676716918,
    "Declension": 0.8644918444165621,
    "Mood": 0.9906444906444907,
    "Voice": 0.989085239085239,
    "Tense": 0.9901247401247402,
    "Person": 0.9320220841959972,
    "Definiteness": 0.5980861244019139
  },
  "per_interval_f1": {
    "Subcategories": 0.8072351871759349,
    "Gender": 0.7255484552684056,
    "Number": 0.7125483360519954,
    "Case": 0.7274484399876302,
    "Article": 0.6571757232380462,
    "Proper Noun": 0.6552555486284736,
    "Degree": 0.6426965226532934,
    "Declension": 0.658632769718761,
    "Mood": 0.5917646317367112,
    "Voice": 0.6217736875735471,
    "Tense": 0.7430018576342639,
    "Person": 0.5848165676131778,
    "Definiteness": 0.3008423586040915
  },
  "learning_rate": 1.98e-05
}