{
  "epoch": 16,
  "mode": "singlelabel",
  "fold": 6,
  "eval_decoder": "greedy",
  "mbr_threshold": 0.0,
  "train_loss": 0.02082004948191106,
  "val_loss": 0.1820578396320343,
  "train_composite_accuracy": 0.9956299104131635,
  "train_composite_micro_f1": 0.9956299104131635,
  "train_composite_macro_f1": 0.8691349048291916,
  "val_composite_accuracy": 0.9729370745475676,
  "val_composite_micro_f1": 0.9729370745475676,
  "val_composite_macro_f1": 0.8792638041807489,
  "per_word_class_accuracy": {
    "Word Class Noun": 0.9966442953020134,
    "Word Class Adjective": 0.9694533762057878,
    "Word Class Pronoun": 0.9794661190965093,
    "Word Class Number": 0.974025974025974,
    "Word Class Verbs": 0.9984407484407485,
    "Word Class Participle": 0.96,
    "Word Class Adverb": 0.9894202285230639,
    "Word Class Conjunctions": 0.9953416149068323,
    "Word Class Foreign words": 0.6153846153846154,
    "Word Class Unanalyzed word": 0.0,
    "Word Class Abbreviation": 1.0,
    "Word Class Web email or address": 0.0,
    "Word Class Punctuation": 1.0,
    "Word Class Symbol": 0.6666666666666666,
    "Word Class R Article": 0.9904306220095693
  },
  "per_word_class_f1": {
    "Word Class Noun": 0.9960871995528228,
    "Word Class Adjective": 0.967121090617482,
    "Word Class Pronoun": 0.9829984544049459,
    "Word Class Number": 0.9868421052631579,
    "Word Class Verbs": 0.9979220779220779,
    "Word Class Participle": 0.9545454545454545,
    "Word Class Adverb": 0.9913080347678609,
    "Word Class Conjunctions": 0.9941837921675067,
    "Word Class Foreign words": 0.7272727272727274,
    "Word Class Unanalyzed word": 0.0,
    "Word Class Abbreviation": 1.0,
    "Word Class Web email or address": 0.0,
    "Word Class Punctuation": 1.0,
    "Word Class Symbol": 0.8,
    "Word Class R Article": 0.9627906976744186
  },
  "per_interval_accuracy": {
    "Subcategories": 0.984418822062948,
    "Gender": 0.9815199335548173,
    "Number": 0.9881305637982196,
    "Case": 0.9790282392026578,
    "Article": 0.9944071588366891,
    "Proper Noun": 0.994034302759135,
    "Degree": 0.985929648241206,
    "Declension": 0.973651191969887,
    "Mood": 0.9932432432432432,
    "Voice": 0.997920997920998,
    "Tense": 0.9937629937629938,
    "Person": 0.9879227053140096,
    "Definiteness": 0.9904306220095693
  },
  "per_interval_f1": {
    "Subcategories": 0.9102753116929668,
    "Gender": 0.7868923661119288,
    "Number": 0.7401260342915752,
    "Case": 0.8161709552273585,
    "Article": 0.6637637512526181,
    "Proper Noun": 0.6637014380293441,
    "Degree": 0.7874957204550024,
    "Declension": 0.734222648283184,
    "Mood": 0.7551849815503406,
    "Voice": 0.6639088081935962,
    "Tense": 0.7462229170992536,
    "Person": 0.7917993904650817,
    "Definiteness": 0.6627432117628196
  },
  "learning_rate": 1.6800000000000002e-05
}