{
  "epoch": 7,
  "mode": "singlelabel",
  "fold": 6,
  "eval_decoder": "greedy",
  "mbr_threshold": 0.0,
  "train_loss": 0.09570052796294248,
  "val_loss": 0.16941120401024817,
  "train_composite_accuracy": 0.9830326521693695,
  "train_composite_micro_f1": 0.9830326521693695,
  "train_composite_macro_f1": 0.6576467481983307,
  "val_composite_accuracy": 0.9681221982400797,
  "val_composite_micro_f1": 0.9681221982400797,
  "val_composite_macro_f1": 0.7991444865684955,
  "per_word_class_accuracy": {
    "Word Class Noun": 0.9955257270693513,
    "Word Class Adjective": 0.9710610932475884,
    "Word Class Pronoun": 0.9763860369609856,
    "Word Class Number": 0.948051948051948,
    "Word Class Verbs": 0.9984407484407485,
    "Word Class Participle": 0.96,
    "Word Class Adverb": 0.9851883199322895,
    "Word Class Conjunctions": 0.9953416149068323,
    "Word Class Foreign words": 0.46153846153846156,
    "Word Class Unanalyzed word": 0.0,
    "Word Class Abbreviation": 1.0,
    "Word Class Web email or address": 0.0,
    "Word Class Punctuation": 1.0,
    "Word Class Symbol": 0.6666666666666666,
    "Word Class R Article": 0.9952153110047847
  },
  "per_word_class_f1": {
    "Word Class Noun": 0.9951546775997018,
    "Word Class Adjective": 0.9648562300319489,
    "Word Class Pronoun": 0.9794026776519053,
    "Word Class Number": 0.9733333333333333,
    "Word Class Verbs": 0.9984407484407485,
    "Word Class Participle": 0.96,
    "Word Class Adverb": 0.9891650732950924,
    "Word Class Conjunctions": 0.9926442121564072,
    "Word Class Foreign words": 0.5454545454545455,
    "Word Class Unanalyzed word": 0.0,
    "Word Class Abbreviation": 1.0,
    "Word Class Web email or address": 0.0,
    "Word Class Punctuation": 1.0,
    "Word Class Symbol": 0.8,
    "Word Class R Article": 0.9476082004555809
  },
  "per_interval_accuracy": {
    "Subcategories": 0.9820816453723902,
    "Gender": 0.9757059800664452,
    "Number": 0.9888724035608308,
    "Case": 0.9767441860465116,
    "Article": 0.994034302759135,
    "Proper Noun": 0.9929157345264727,
    "Degree": 0.981574539363484,
    "Declension": 0.9774153074027604,
    "Mood": 0.9922037422037422,
    "Voice": 0.997920997920998,
    "Tense": 0.9927234927234927,
    "Person": 0.9861973775017253,
    "Definiteness": 0.9952153110047847
  },
  "per_interval_f1": {
    "Subcategories": 0.9096554279921053,
    "Gender": 0.7826860322432138,
    "Number": 0.7406462899049593,
    "Case": 0.8104961909855053,
    "Article": 0.6641398633092992,
    "Proper Noun": 0.6634405461470155,
    "Degree": 0.7776051952072511,
    "Declension": 0.7387231691919192,
    "Mood": 0.7547257388969937,
    "Voice": 0.6639088081935962,
    "Tense": 0.7457096979225906,
    "Person": 0.7910236237529388,
    "Definiteness": 0.6655443322109988
  },
  "learning_rate": 1.86e-05
}