{
  "epoch": 9,
  "mode": "singlelabel",
  "fold": 6,
  "eval_decoder": "greedy",
  "mbr_threshold": 0.0,
  "train_loss": 0.06294631377524076,
  "val_loss": 0.16783908680081366,
  "train_composite_accuracy": 0.9880107542204615,
  "train_composite_micro_f1": 0.9880107542204615,
  "train_composite_macro_f1": 0.7119377907466025,
  "val_composite_accuracy": 0.9696164701975759,
  "val_composite_micro_f1": 0.9696164701975759,
  "val_composite_macro_f1": 0.8375227600262181,
  "per_word_class_accuracy": {
    "Word Class Noun": 0.9947800149142431,
    "Word Class Adjective": 0.9742765273311897,
    "Word Class Pronoun": 0.9784394250513347,
    "Word Class Number": 0.961038961038961,
    "Word Class Verbs": 1.0,
    "Word Class Participle": 0.9657142857142857,
    "Word Class Adverb": 0.9860347016504444,
    "Word Class Conjunctions": 0.9953416149068323,
    "Word Class Foreign words": 0.5384615384615384,
    "Word Class Unanalyzed word": 0.0,
    "Word Class Abbreviation": 1.0,
    "Word Class Web email or address": 0.0,
    "Word Class Punctuation": 1.0,
    "Word Class Symbol": 0.6666666666666666,
    "Word Class R Article": 0.9904306220095693
  },
  "per_word_class_f1": {
    "Word Class Noun": 0.9951510630361805,
    "Word Class Adjective": 0.9649681528662422,
    "Word Class Pronoun": 0.9819680577022153,
    "Word Class Number": 0.9801324503311257,
    "Word Class Verbs": 0.9987023098883987,
    "Word Class Participle": 0.9684813753581661,
    "Word Class Adverb": 0.9900148714680262,
    "Word Class Conjunctions": 0.9922600619195046,
    "Word Class Foreign words": 0.6363636363636364,
    "Word Class Unanalyzed word": 0.0,
    "Word Class Abbreviation": 1.0,
    "Word Class Web email or address": 0.0,
    "Word Class Punctuation": 1.0,
    "Word Class Symbol": 0.8,
    "Word Class R Article": 0.9561200923787528
  },
  "per_interval_accuracy": {
    "Subcategories": 0.9827048924898723,
    "Gender": 0.9761212624584718,
    "Number": 0.988427299703264,
    "Case": 0.978405315614618,
    "Article": 0.9917971662938105,
    "Proper Noun": 0.9914243102162565,
    "Degree": 0.9829145728643216,
    "Declension": 0.9799247176913425,
    "Mood": 0.9942827442827443,
    "Voice": 0.9994802494802495,
    "Tense": 0.9948024948024948,
    "Person": 0.9879227053140096,
    "Definiteness": 0.9904306220095693
  },
  "per_interval_f1": {
    "Subcategories": 0.9102826240737212,
    "Gender": 0.783345648207313,
    "Number": 0.7405723618124047,
    "Case": 0.8184566206551174,
    "Article": 0.6629233934190691,
    "Proper Noun": 0.6626454831232989,
    "Degree": 0.7748195362422449,
    "Declension": 0.7397070719014017,
    "Mood": 0.911795611053251,
    "Voice": 0.9962680704721745,
    "Tense": 0.9947151647789702,
    "Person": 0.7882677129396387,
    "Definiteness": 0.6627432117628196
  },
  "learning_rate": 1.8200000000000002e-05
}