{
  "epoch": 10,
  "mode": "singlelabel",
  "fold": 6,
  "eval_decoder": "greedy",
  "mbr_threshold": 0.0,
  "train_loss": 0.05325686165810803,
  "val_loss": 0.18188160955905913,
  "train_composite_accuracy": 0.9894927846020843,
  "train_composite_micro_f1": 0.9894927846020843,
  "train_composite_macro_f1": 0.7406777520988432,
  "val_composite_accuracy": 0.9704466212850739,
  "val_composite_micro_f1": 0.9704466212850739,
  "val_composite_macro_f1": 0.8440257230592677,
  "per_word_class_accuracy": {
    "Word Class Noun": 0.994034302759135,
    "Word Class Adjective": 0.9646302250803859,
    "Word Class Pronoun": 0.9774127310061602,
    "Word Class Number": 0.961038961038961,
    "Word Class Verbs": 0.998960498960499,
    "Word Class Participle": 0.9771428571428571,
    "Word Class Adverb": 0.988573846804909,
    "Word Class Conjunctions": 0.9945652173913043,
    "Word Class Foreign words": 0.6153846153846154,
    "Word Class Unanalyzed word": 0.0,
    "Word Class Abbreviation": 1.0,
    "Word Class Web email or address": 0.0,
    "Word Class Punctuation": 1.0,
    "Word Class Symbol": 0.6666666666666666,
    "Word Class R Article": 0.9952153110047847
  },
  "per_word_class_f1": {
    "Word Class Noun": 0.994776119402985,
    "Word Class Adjective": 0.9646302250803859,
    "Word Class Pronoun": 0.9824561403508772,
    "Word Class Number": 0.9801324503311257,
    "Word Class Verbs": 0.9987009612886464,
    "Word Class Participle": 0.9553072625698323,
    "Word Class Adverb": 0.9900402627675354,
    "Word Class Conjunctions": 0.9926385122045718,
    "Word Class Foreign words": 0.7272727272727274,
    "Word Class Unanalyzed word": 0.0,
    "Word Class Abbreviation": 1.0,
    "Word Class Web email or address": 0.0,
    "Word Class Punctuation": 1.0,
    "Word Class Symbol": 0.8,
    "Word Class R Article": 0.9541284403669725
  },
  "per_interval_accuracy": {
    "Subcategories": 0.9833281396073543,
    "Gender": 0.9757059800664452,
    "Number": 0.9888724035608308,
    "Case": 0.9790282392026578,
    "Article": 0.9910514541387024,
    "Proper Noun": 0.9906785980611484,
    "Degree": 0.9819095477386934,
    "Declension": 0.9799247176913425,
    "Mood": 0.9942827442827443,
    "Voice": 0.9984407484407485,
    "Tense": 0.9948024948024948,
    "Person": 0.9879227053140096,
    "Definiteness": 0.9952153110047847
  },
  "per_interval_f1": {
    "Subcategories": 0.9107639733693826,
    "Gender": 0.7829339842996245,
    "Number": 0.7416249940454986,
    "Case": 0.8163809502570164,
    "Article": 0.6623532173493804,
    "Proper Noun": 0.6624744639739827,
    "Degree": 0.7713005527325462,
    "Declension": 0.7412382059213513,
    "Mood": 0.7557287252537406,
    "Voice": 0.6639988252182176,
    "Tense": 0.7468646769052449,
    "Person": 0.7920882167605956,
    "Definiteness": 0.6655443322109988
  },
  "learning_rate": 1.8e-05
}