{
  "epoch": 14,
  "mode": "singlelabel",
  "fold": 6,
  "eval_decoder": "greedy",
  "mbr_threshold": 0.0,
  "train_loss": 0.029378536614498567,
  "val_loss": 0.16541046053171157,
  "train_composite_accuracy": 0.9939008749679369,
  "train_composite_micro_f1": 0.9939008749679369,
  "train_composite_macro_f1": 0.8271873233369716,
  "val_composite_accuracy": 0.9742653162875643,
  "val_composite_micro_f1": 0.9742653162875643,
  "val_composite_macro_f1": 0.876761314653597,
  "per_word_class_accuracy": {
    "Word Class Noun": 0.9973900074571216,
    "Word Class Adjective": 0.977491961414791,
    "Word Class Pronoun": 0.9835728952772074,
    "Word Class Number": 0.974025974025974,
    "Word Class Verbs": 0.998960498960499,
    "Word Class Participle": 0.96,
    "Word Class Adverb": 0.9856115107913669,
    "Word Class Conjunctions": 0.9961180124223602,
    "Word Class Foreign words": 0.5384615384615384,
    "Word Class Unanalyzed word": 0.0,
    "Word Class Abbreviation": 1.0,
    "Word Class Web email or address": 0.0,
    "Word Class Punctuation": 1.0,
    "Word Class Symbol": 0.6666666666666666,
    "Word Class R Article": 0.9856459330143541
  },
  "per_word_class_f1": {
    "Word Class Noun": 0.9960901135728915,
    "Word Class Adjective": 0.9681528662420382,
    "Word Class Pronoun": 0.9845837615621789,
    "Word Class Number": 0.9868421052631579,
    "Word Class Verbs": 0.9987009612886464,
    "Word Class Participle": 0.9682997118155618,
    "Word Class Adverb": 0.990010626992561,
    "Word Class Conjunctions": 0.9934185056136275,
    "Word Class Foreign words": 0.6666666666666667,
    "Word Class Unanalyzed word": 0.0,
    "Word Class Abbreviation": 1.0,
    "Word Class Web email or address": 0.0,
    "Word Class Punctuation": 1.0,
    "Word Class Symbol": 0.8,
    "Word Class R Article": 0.9648711943793912
  },
  "per_interval_accuracy": {
    "Subcategories": 0.984418822062948,
    "Gender": 0.9831810631229236,
    "Number": 0.9894658753709199,
    "Case": 0.9808970099667774,
    "Article": 0.9955257270693513,
    "Proper Noun": 0.9955257270693513,
    "Degree": 0.9835845896147404,
    "Declension": 0.9799247176913425,
    "Mood": 0.9948024948024948,
    "Voice": 0.9984407484407485,
    "Tense": 0.9953222453222453,
    "Person": 0.9903381642512077,
    "Definiteness": 0.9856459330143541
  },
  "per_interval_f1": {
    "Subcategories": 0.9073437178407369,
    "Gender": 0.7880485346547255,
    "Number": 0.7414504788703055,
    "Case": 0.8146738217356296,
    "Article": 0.6644215338560303,
    "Proper Noun": 0.664499201460187,
    "Degree": 0.7834668932682868,
    "Declension": 0.7353416343107065,
    "Mood": 0.7958005894755688,
    "Voice": 0.6639988252182176,
    "Tense": 0.747214365156737,
    "Person": 0.7962466987173243,
    "Definiteness": 0.6598946146968746
  },
  "learning_rate": 1.72e-05
}