{
  "epoch": 15,
  "mode": "singlelabel",
  "fold": 6,
  "eval_decoder": "greedy",
  "mbr_threshold": 0.0,
  "train_loss": 0.02699664209459622,
  "val_loss": 0.1705812394618988,
  "train_composite_accuracy": 0.9947083915220262,
  "train_composite_micro_f1": 0.9947083915220262,
  "train_composite_macro_f1": 0.8439176546089147,
  "val_composite_accuracy": 0.9731031047650672,
  "val_composite_micro_f1": 0.9731031047650672,
  "val_composite_macro_f1": 0.8711987739426721,
  "per_word_class_accuracy": {
    "Word Class Noun": 0.9955257270693513,
    "Word Class Adjective": 0.9614147909967846,
    "Word Class Pronoun": 0.9845995893223819,
    "Word Class Number": 0.974025974025974,
    "Word Class Verbs": 0.9984407484407485,
    "Word Class Participle": 0.9714285714285714,
    "Word Class Adverb": 0.9894202285230639,
    "Word Class Conjunctions": 0.9968944099378882,
    "Word Class Foreign words": 0.6153846153846154,
    "Word Class Unanalyzed word": 0.0,
    "Word Class Abbreviation": 1.0,
    "Word Class Web email or address": 0.0,
    "Word Class Punctuation": 1.0,
    "Word Class Symbol": 1.0,
    "Word Class R Article": 0.9856459330143541
  },
  "per_word_class_f1": {
    "Word Class Noun": 0.996268656716418,
    "Word Class Adjective": 0.9652945924132366,
    "Word Class Pronoun": 0.9840944073884043,
    "Word Class Number": 0.9868421052631579,
    "Word Class Verbs": 0.998181345804105,
    "Word Class Participle": 0.9577464788732395,
    "Word Class Adverb": 0.9906779661016949,
    "Word Class Conjunctions": 0.9945778466305191,
    "Word Class Foreign words": 0.7272727272727274,
    "Word Class Unanalyzed word": 0.0,
    "Word Class Abbreviation": 1.0,
    "Word Class Web email or address": 0.0,
    "Word Class Punctuation": 1.0,
    "Word Class Symbol": 1.0,
    "Word Class R Article": 0.9626168224299065
  },
  "per_interval_accuracy": {
    "Subcategories": 0.9862885634153942,
    "Gender": 0.9796511627906976,
    "Number": 0.9890207715133531,
    "Case": 0.9786129568106312,
    "Article": 0.9932885906040269,
    "Proper Noun": 0.9932885906040269,
    "Degree": 0.9835845896147404,
    "Declension": 0.9698870765370138,
    "Mood": 0.9937629937629938,
    "Voice": 0.997920997920998,
    "Tense": 0.9942827442827443,
    "Person": 0.9893029675638372,
    "Definiteness": 0.9856459330143541
  },
  "per_interval_f1": {
    "Subcategories": 0.914262044229841,
    "Gender": 0.785913186532837,
    "Number": 0.7413136293613162,
    "Case": 0.8150002486194211,
    "Article": 0.6632920118877973,
    "Proper Noun": 0.6637562611581369,
    "Degree": 0.7849744732827196,
    "Declension": 0.7327895130592491,
    "Mood": 0.7554899032834671,
    "Voice": 0.6639088081935962,
    "Tense": 0.7465670120859184,
    "Person": 0.7918895605266133,
    "Definiteness": 0.6598946146968746
  },
  "learning_rate": 1.7e-05
}