{
  "epoch": 8,
  "mode": "singlelabel",
  "fold": 6,
  "eval_decoder": "greedy",
  "mbr_threshold": 0.0,
  "train_loss": 0.07873244541446411,
  "val_loss": 0.1638619363307953,
  "train_composite_accuracy": 0.984847189367382,
  "train_composite_micro_f1": 0.984847189367382,
  "train_composite_macro_f1": 0.6840555667121314,
  "val_composite_accuracy": 0.9702805910675742,
  "val_composite_micro_f1": 0.9702805910675742,
  "val_composite_macro_f1": 0.8285968119505059,
  "per_word_class_accuracy": {
    "Word Class Noun": 0.9970171513795675,
    "Word Class Adjective": 0.9630225080385852,
    "Word Class Pronoun": 0.9753593429158111,
    "Word Class Number": 0.9545454545454546,
    "Word Class Verbs": 0.9994802494802495,
    "Word Class Participle": 0.9714285714285714,
    "Word Class Adverb": 0.9902666102412188,
    "Word Class Conjunctions": 0.9945652173913043,
    "Word Class Foreign words": 0.46153846153846156,
    "Word Class Unanalyzed word": 0.0,
    "Word Class Abbreviation": 1.0,
    "Word Class Web email or address": 0.0,
    "Word Class Punctuation": 1.0,
    "Word Class Symbol": 0.6666666666666666,
    "Word Class R Article": 0.9904306220095693
  },
  "per_word_class_f1": {
    "Word Class Noun": 0.9959031657355679,
    "Word Class Adjective": 0.9661290322580646,
    "Word Class Pronoun": 0.9819121447028425,
    "Word Class Number": 0.9767441860465117,
    "Word Class Verbs": 0.9987016359387173,
    "Word Class Participle": 0.9631728045325779,
    "Word Class Adverb": 0.9906858594411515,
    "Word Class Conjunctions": 0.9934082977898411,
    "Word Class Foreign words": 0.6,
    "Word Class Unanalyzed word": 0.0,
    "Word Class Abbreviation": 0.9863013698630138,
    "Word Class Web email or address": 0.0,
    "Word Class Punctuation": 1.0,
    "Word Class Symbol": 0.8,
    "Word Class R Article": 0.9517241379310345
  },
  "per_interval_accuracy": {
    "Subcategories": 0.9842630102835774,
    "Gender": 0.9763289036544851,
    "Number": 0.988427299703264,
    "Case": 0.9754983388704319,
    "Article": 0.9929157345264727,
    "Proper Noun": 0.9958985831469053,
    "Degree": 0.9829145728643216,
    "Declension": 0.9749058971141782,
    "Mood": 0.9948024948024948,
    "Voice": 0.9994802494802495,
    "Tense": 0.9953222453222453,
    "Person": 0.9868875086266391,
    "Definiteness": 0.9904306220095693
  },
  "per_interval_f1": {
    "Subcategories": 0.9118129583221738,
    "Gender": 0.7835582941587983,
    "Number": 0.7412402148959016,
    "Case": 0.8128079071838693,
    "Article": 0.6627400334041531,
    "Proper Noun": 0.6648978462865555,
    "Degree": 0.7716315729659176,
    "Declension": 0.7370667519619575,
    "Mood": 0.7565797586514378,
    "Voice": 0.6665767466954411,
    "Tense": 0.7470998455995883,
    "Person": 0.7847002348981802,
    "Definiteness": 0.6627432117628196
  },
  "learning_rate": 1.8400000000000003e-05
}