{
  "epoch": 17,
  "mode": "singlelabel",
  "fold": 6,
  "eval_decoder": "greedy",
  "mbr_threshold": 0.0,
  "train_loss": 0.021401112949342795,
  "val_loss": 0.18792264610528947,
  "train_composite_accuracy": 0.9956584109974255,
  "train_composite_micro_f1": 0.9956584109974255,
  "train_composite_macro_f1": 0.8815287872218088,
  "val_composite_accuracy": 0.9737672256350656,
  "val_composite_micro_f1": 0.9737672256350656,
  "val_composite_macro_f1": 0.8766440555699748,
  "per_word_class_accuracy": {
    "Word Class Noun": 0.9966442953020134,
    "Word Class Adjective": 0.9662379421221865,
    "Word Class Pronoun": 0.9825462012320328,
    "Word Class Number": 0.974025974025974,
    "Word Class Verbs": 0.9984407484407485,
    "Word Class Participle": 0.96,
    "Word Class Adverb": 0.9873042742276766,
    "Word Class Conjunctions": 0.9953416149068323,
    "Word Class Foreign words": 0.6153846153846154,
    "Word Class Unanalyzed word": 0.0,
    "Word Class Abbreviation": 1.0,
    "Word Class Web email or address": 0.0,
    "Word Class Punctuation": 1.0,
    "Word Class Symbol": 1.0,
    "Word Class R Article": 0.9904306220095693
  },
  "per_word_class_f1": {
    "Word Class Noun": 0.9960871995528228,
    "Word Class Adjective": 0.9662379421221865,
    "Word Class Pronoun": 0.9845679012345678,
    "Word Class Number": 0.9836065573770492,
    "Word Class Verbs": 0.998181345804105,
    "Word Class Participle": 0.9545454545454545,
    "Word Class Adverb": 0.9900275832802886,
    "Word Class Conjunctions": 0.9922600619195046,
    "Word Class Foreign words": 0.7272727272727274,
    "Word Class Unanalyzed word": 0.0,
    "Word Class Abbreviation": 1.0,
    "Word Class Web email or address": 0.0,
    "Word Class Punctuation": 1.0,
    "Word Class Symbol": 1.0,
    "Word Class R Article": 0.9672897196261682
  },
  "per_interval_accuracy": {
    "Subcategories": 0.9845746338423185,
    "Gender": 0.9829734219269103,
    "Number": 0.9891691394658754,
    "Case": 0.9800664451827242,
    "Article": 0.9947800149142431,
    "Proper Noun": 0.993661446681581,
    "Degree": 0.9842546063651592,
    "Declension": 0.972396486825596,
    "Mood": 0.9937629937629938,
    "Voice": 0.997920997920998,
    "Tense": 0.9937629937629938,
    "Person": 0.9893029675638372,
    "Definiteness": 0.9904306220095693
  },
  "per_interval_f1": {
    "Subcategories": 0.9104593717822489,
    "Gender": 0.7882177078021251,
    "Number": 0.741513082311766,
    "Case": 0.8160110466714295,
    "Article": 0.6641395498245836,
    "Proper Noun": 0.6633888207759816,
    "Degree": 0.7870615108373042,
    "Declension": 0.734002429150063,
    "Mood": 0.7556563933688636,
    "Voice": 0.6639088081935962,
    "Tense": 0.7462174295773228,
    "Person": 0.7920597896607451,
    "Definiteness": 0.6627432117628196
  },
  "learning_rate": 1.66e-05
}