{
  "epoch": 5,
  "mode": "singlelabel",
  "fold": 6,
  "eval_decoder": "greedy",
  "mbr_threshold": 0.0,
  "train_loss": 0.16081665361400427,
  "val_loss": 0.21020531058311462,
  "train_composite_accuracy": 0.9728199428088276,
  "train_composite_micro_f1": 0.9728199428088276,
  "train_composite_macro_f1": 0.5754008539123292,
  "val_composite_accuracy": 0.9624771708450938,
  "val_composite_micro_f1": 0.9624771708450938,
  "val_composite_macro_f1": 0.7440014110613709,
  "per_word_class_accuracy": {
    "Word Class Noun": 0.9947800149142431,
    "Word Class Adjective": 0.9517684887459807,
    "Word Class Pronoun": 0.9804928131416838,
    "Word Class Number": 0.948051948051948,
    "Word Class Verbs": 0.9974012474012474,
    "Word Class Participle": 0.96,
    "Word Class Adverb": 0.9873042742276766,
    "Word Class Conjunctions": 0.9961180124223602,
    "Word Class Foreign words": 0.38461538461538464,
    "Word Class Unanalyzed word": 0.0,
    "Word Class Abbreviation": 1.0,
    "Word Class Web email or address": 0.0,
    "Word Class Punctuation": 1.0,
    "Word Class Symbol": 0.6666666666666666,
    "Word Class R Article": 0.9665071770334929
  },
  "per_word_class_f1": {
    "Word Class Noun": 0.9944092433842714,
    "Word Class Adjective": 0.9579288025889968,
    "Word Class Pronoun": 0.9794871794871796,
    "Word Class Number": 0.9733333333333333,
    "Word Class Verbs": 0.997142114835022,
    "Word Class Participle": 0.9438202247191012,
    "Word Class Adverb": 0.9896076352067867,
    "Word Class Conjunctions": 0.9911162611046735,
    "Word Class Foreign words": 0.5263157894736842,
    "Word Class Unanalyzed word": 0.0,
    "Word Class Abbreviation": 1.0,
    "Word Class Web email or address": 0.0,
    "Word Class Punctuation": 1.0,
    "Word Class Symbol": 0.8,
    "Word Class R Article": 0.9417249417249417
  },
  "per_interval_accuracy": {
    "Subcategories": 0.9827048924898723,
    "Gender": 0.967607973421927,
    "Number": 0.9853115727002968,
    "Case": 0.9721760797342193,
    "Article": 0.9910514541387024,
    "Proper Noun": 0.9906785980611484,
    "Degree": 0.978894472361809,
    "Declension": 0.9661229611041405,
    "Mood": 0.9922037422037422,
    "Voice": 0.9968814968814969,
    "Tense": 0.9906444906444907,
    "Person": 0.9872325741890959,
    "Definiteness": 0.9665071770334929
  },
  "per_interval_f1": {
    "Subcategories": 0.9093266940620691,
    "Gender": 0.7772437714286022,
    "Number": 0.7381245243611322,
    "Case": 0.8052549222934564,
    "Article": 0.662071617539274,
    "Proper Noun": 0.662014174191679,
    "Degree": 0.7681602961541671,
    "Declension": 0.7374858456167567,
    "Mood": 0.7552007303376134,
    "Voice": 0.6637286283284388,
    "Tense": 0.7440360351102622,
    "Person": 0.7882326763135958,
    "Definiteness": 0.6480004725618761
  },
  "learning_rate": 1.9e-05
}