{
  "epoch": 12,
  "mode": "singlelabel",
  "fold": 6,
  "eval_decoder": "greedy",
  "mbr_threshold": 0.0,
  "train_loss": 0.0396365697313984,
  "val_loss": 0.17160127311944962,
  "train_composite_accuracy": 0.9920958379646783,
  "train_composite_micro_f1": 0.9920958379646783,
  "train_composite_macro_f1": 0.7839907076246798,
  "val_composite_accuracy": 0.9727710443300681,
  "val_composite_micro_f1": 0.9727710443300681,
  "val_composite_macro_f1": 0.8636078434713573,
  "per_word_class_accuracy": {
    "Word Class Noun": 0.9970171513795675,
    "Word Class Adjective": 0.9646302250803859,
    "Word Class Pronoun": 0.9784394250513347,
    "Word Class Number": 0.974025974025974,
    "Word Class Verbs": 0.9984407484407485,
    "Word Class Participle": 0.96,
    "Word Class Adverb": 0.9911129919593736,
    "Word Class Conjunctions": 0.9961180124223602,
    "Word Class Foreign words": 0.5384615384615384,
    "Word Class Unanalyzed word": 0.0,
    "Word Class Abbreviation": 1.0,
    "Word Class Web email or address": 0.0,
    "Word Class Punctuation": 1.0,
    "Word Class Symbol": 0.6666666666666666,
    "Word Class R Article": 0.9904306220095693
  },
  "per_word_class_f1": {
    "Word Class Noun": 0.9959031657355679,
    "Word Class Adjective": 0.9654062751407884,
    "Word Class Pronoun": 0.9845041322314051,
    "Word Class Number": 0.9868421052631579,
    "Word Class Verbs": 0.9987002859370939,
    "Word Class Participle": 0.9627507163323782,
    "Word Class Adverb": 0.9902748414376321,
    "Word Class Conjunctions": 0.9945736434108526,
    "Word Class Foreign words": 0.6666666666666667,
    "Word Class Unanalyzed word": 0.0,
    "Word Class Abbreviation": 1.0,
    "Word Class Web email or address": 0.0,
    "Word Class Punctuation": 1.0,
    "Word Class Symbol": 0.8,
    "Word Class R Article": 0.965034965034965
  },
  "per_interval_accuracy": {
    "Subcategories": 0.98504206918043,
    "Gender": 0.979858803986711,
    "Number": 0.9887240356083086,
    "Case": 0.9769518272425249,
    "Article": 0.9951528709917972,
    "Proper Noun": 0.994034302759135,
    "Degree": 0.9862646566164154,
    "Declension": 0.972396486825596,
    "Mood": 0.9932432432432432,
    "Voice": 0.997920997920998,
    "Tense": 0.9932432432432432,
    "Person": 0.9865424430641822,
    "Definiteness": 0.9904306220095693
  },
  "per_interval_f1": {
    "Subcategories": 0.9113038121763004,
    "Gender": 0.7863045282913972,
    "Number": 0.7417152307459455,
    "Case": 0.8158276713975283,
    "Article": 0.664328190121835,
    "Proper Noun": 0.6634748407363102,
    "Degree": 0.7860162069555118,
    "Declension": 0.7370792310911414,
    "Mood": 0.7553456551767235,
    "Voice": 0.6639088081935962,
    "Tense": 0.7458706033751026,
    "Person": 0.7873676421772781,
    "Definiteness": 0.6627432117628196
  },
  "learning_rate": 1.76e-05
}