{
  "mode": "singlelabel",
  "fold": 6,
  "eval_decoder": "greedy",
  "mbr_threshold": 0.0,
  "temperature": 1.0,
  "ood_data_path": "data/OOD-BRAGD.json",
  "num_sentences": 500,
  "composite_accuracy": 0.9589364541628169,
  "composite_micro_f1": 0.9589364541628169,
  "composite_macro_f1": 0.788202901312328,
  "word_class_accuracy": 0.9875782773842521,
  "word_class_macro_f1": 0.9441848206557316,
  "per_word_class_accuracy": {
    "Word Class Noun": 0.990418118466899,
    "Word Class Adjective": 0.9599332220367279,
    "Word Class Pronoun": 0.989041095890411,
    "Word Class Number": 0.9957627118644068,
    "Word Class Verbs": 0.9985734664764622,
    "Word Class Participle": 0.9261744966442953,
    "Word Class Adverb": 0.9834892680242158,
    "Word Class Conjunctions": 0.9936440677966102,
    "Word Class Foreign words": 0.65,
    "Word Class Unanalyzed word": 0.0,
    "Word Class Abbreviation": 1.0,
    "Word Class Web email or address": 0.0,
    "Word Class Punctuation": 1.0,
    "Word Class Symbol": 0.9230769230769231,
    "Word Class R Article": 0.975
  },
  "per_word_class_f1": {
    "Word Class Noun": 0.9899869394862865,
    "Word Class Adjective": 0.9519867549668873,
    "Word Class Pronoun": 0.9883641341546887,
    "Word Class Number": 0.9978768577494692,
    "Word Class Verbs": 0.9978617248752673,
    "Word Class Participle": 0.9484536082474226,
    "Word Class Adverb": 0.9859310344827587,
    "Word Class Conjunctions": 0.9925925925925926,
    "Word Class Foreign words": 0.7647058823529412,
    "Word Class Unanalyzed word": 0.0,
    "Word Class Abbreviation": 0.7222222222222222,
    "Word Class Web email or address": 0.0,
    "Word Class Punctuation": 1.0,
    "Word Class Symbol": 0.9411764705882353,
    "Word Class R Article": 0.9719626168224299
  },
  "per_interval_accuracy": {
    "Subcategories": 0.9860373647984267,
    "Gender": 0.9628297362110312,
    "Number": 0.9851040918880115,
    "Case": 0.9750599520383693,
    "Article": 0.9869337979094077,
    "Proper Noun": 0.9703832752613241,
    "Degree": 0.9768211920529801,
    "Declension": 0.9652406417112299,
    "Mood": 0.9950071326676176,
    "Voice": 0.9985734664764622,
    "Tense": 0.9935805991440799,
    "Person": 0.9901500938086304,
    "Definiteness": 0.975
  },
  "per_interval_f1": {
    "Subcategories": 0.9125380240208907,
    "Gender": 0.773578121324183,
    "Number": 0.7384057188586708,
    "Case": 0.8060123846764217,
    "Article": 0.6612508439402601,
    "Proper Noun": 0.6445766167039243,
    "Degree": 0.6455334625399197,
    "Declension": 0.7382357337663384,
    "Mood": 0.7866141752788479,
    "Voice": 0.6664192031675328,
    "Tense": 0.745412101150545,
    "Person": 0.7905274611754021,
    "Definiteness": 0.6576697061803444
  }
}