{
  "epoch": 13,
  "mode": "multilabel",
  "fold": 5,
  "eval_decoder": "greedy",
  "mbr_threshold": 0.0,
  "train_loss": 0.024575274272447687,
  "val_loss": 0.24767670184373855,
  "train_composite_accuracy": 0.994860582656596,
  "train_composite_micro_f1": 0.994860582656596,
  "train_composite_macro_f1": 0.9614608289863563,
  "val_composite_accuracy": 0.9735550004307003,
  "val_composite_micro_f1": 0.9735550004307003,
  "val_composite_macro_f1": 0.8887626577836639,
  "per_word_class_accuracy": {
    "Word Class Noun": 0.9938744257274119,
    "Word Class Adjective": 0.9545454545454546,
    "Word Class Pronoun": 0.989451476793249,
    "Word Class Number": 0.9922480620155039,
    "Word Class Verbs": 0.9978331527627302,
    "Word Class Participle": 0.9613259668508287,
    "Word Class Adverb": 0.9916001679966401,
    "Word Class Conjunctions": 0.9948717948717949,
    "Word Class Foreign words": 0.9642857142857143,
    "Word Class Unanalyzed word": 0.0,
    "Word Class Abbreviation": 1.0,
    "Word Class Web email or address": 1.0,
    "Word Class Punctuation": 1.0,
    "Word Class Symbol": 1.0,
    "Word Class R Article": 0.9900990099009901
  },
  "per_word_class_f1": {
    "Word Class Noun": 0.9942550746840291,
    "Word Class Adjective": 0.9672276350752879,
    "Word Class Pronoun": 0.9873684210526316,
    "Word Class Number": 0.9961089494163424,
    "Word Class Verbs": 0.9986446191379779,
    "Word Class Participle": 0.9534246575342465,
    "Word Class Adverb": 0.991183879093199,
    "Word Class Conjunctions": 0.9940222032450897,
    "Word Class Foreign words": 0.9152542372881356,
    "Word Class Unanalyzed word": 0.0,
    "Word Class Abbreviation": 0.9811320754716981,
    "Word Class Web email or address": 1.0,
    "Word Class Punctuation": 1.0,
    "Word Class Symbol": 1.0,
    "Word Class R Article": 0.975609756097561
  },
  "per_interval_accuracy": {
    "Subcategories": 0.9873540856031129,
    "Gender": 0.9786821705426356,
    "Number": 0.9907550077041603,
    "Case": 0.9827734711455641,
    "Article": 0.9931087289433385,
    "Proper Noun": 0.9934915773353752,
    "Degree": 0.9888249238062987,
    "Declension": 0.9907038512616202,
    "Mood": 0.9907908992416035,
    "Voice": 1.0,
    "Tense": 0.9918743228602384,
    "Person": 0.9889047959914101,
    "Definiteness": 1.0
  },
  "per_interval_f1": {
    "Subcategories": 0.9704154542502992,
    "Gender": 0.9790119140717395,
    "Number": 0.9879654580452311,
    "Case": 0.9831851829078124,
    "Article": 0.9925038026269217,
    "Proper Noun": 0.9915380963842151,
    "Degree": 0.7792811172861851,
    "Declension": 0.9840087991854424,
    "Mood": 0.9556407804883169,
    "Voice": 1.0,
    "Tense": 0.9918120744558969,
    "Person": 0.9807092736516074,
    "Definiteness": 1.0
  },
  "learning_rate": 1.7400000000000003e-05
}