{
  "epoch": 6,
  "mode": "multilabel",
  "fold": 5,
  "eval_decoder": "greedy",
  "mbr_threshold": 0.0,
  "train_loss": 0.07855102473807561,
  "val_loss": 0.20909380912780762,
  "train_composite_accuracy": 0.9849077326566746,
  "train_composite_micro_f1": 0.9849077326566746,
  "train_composite_macro_f1": 0.856959463645738,
  "val_composite_accuracy": 0.9717217001465643,
  "val_composite_micro_f1": 0.9717217001465643,
  "val_composite_macro_f1": 0.883068662586765,
  "per_word_class_accuracy": {
    "Word Class Noun": 0.9957886676875957,
    "Word Class Adjective": 0.9440559440559441,
    "Word Class Pronoun": 0.9926160337552743,
    "Word Class Number": 0.9922480620155039,
    "Word Class Verbs": 0.9989165763813651,
    "Word Class Participle": 0.9281767955801105,
    "Word Class Adverb": 0.991180176396472,
    "Word Class Conjunctions": 0.9974358974358974,
    "Word Class Foreign words": 0.9642857142857143,
    "Word Class Unanalyzed word": 0.0,
    "Word Class Abbreviation": 1.0,
    "Word Class Web email or address": 0.0,
    "Word Class Punctuation": 1.0,
    "Word Class Symbol": 1.0,
    "Word Class R Article": 0.9603960396039604
  },
  "per_word_class_f1": {
    "Word Class Noun": 0.9952171417639182,
    "Word Class Adjective": 0.9549071618037135,
    "Word Class Pronoun": 0.9879265091863517,
    "Word Class Number": 0.9961089494163424,
    "Word Class Verbs": 0.9991872121376322,
    "Word Class Participle": 0.9464788732394367,
    "Word Class Adverb": 0.9907640638119226,
    "Word Class Conjunctions": 0.9944610140605027,
    "Word Class Foreign words": 0.9152542372881356,
    "Word Class Unanalyzed word": 0.0,
    "Word Class Abbreviation": 0.9811320754716981,
    "Word Class Web email or address": 0.0,
    "Word Class Punctuation": 1.0,
    "Word Class Symbol": 1.0,
    "Word Class R Article": 0.9651741293532338
  },
  "per_interval_accuracy": {
    "Subcategories": 0.9871919584954605,
    "Gender": 0.9776055124892334,
    "Number": 0.9899845916795069,
    "Case": 0.9814814814814815,
    "Article": 0.9942572741194488,
    "Proper Noun": 0.9942572741194488,
    "Degree": 0.9898408398239079,
    "Declension": 0.9853917662682603,
    "Mood": 0.9924160346695557,
    "Voice": 1.0,
    "Tense": 0.9929577464788732,
    "Person": 0.9917680744452398,
    "Definiteness": 1.0
  },
  "per_interval_f1": {
    "Subcategories": 0.9768135699884337,
    "Gender": 0.9782486030318265,
    "Number": 0.9872078327621642,
    "Case": 0.9818426023654616,
    "Article": 0.9937487225806576,
    "Proper Noun": 0.9925336144566603,
    "Degree": 0.7808227226136386,
    "Declension": 0.9720638081766529,
    "Mood": 0.9922962709929496,
    "Voice": 1.0,
    "Tense": 0.9934144083795212,
    "Person": 0.9883499979519942,
    "Definiteness": 1.0
  },
  "learning_rate": 1.88e-05
}