{
  "epoch": 8,
  "mode": "multilabel",
  "fold": 5,
  "eval_decoder": "greedy",
  "mbr_threshold": 0.0,
  "train_loss": 0.05345583366693758,
  "val_loss": 0.23857167661190032,
  "train_composite_accuracy": 0.9890558285286906,
  "train_composite_micro_f1": 0.9890558285286906,
  "train_composite_macro_f1": 0.8880370581896738,
  "val_composite_accuracy": 0.9707884532529082,
  "val_composite_micro_f1": 0.9707884532529082,
  "val_composite_macro_f1": 0.8775308237520825,
  "per_word_class_accuracy": {
    "Word Class Noun": 0.9950229709035222,
    "Word Class Adjective": 0.9300699300699301,
    "Word Class Pronoun": 0.9915611814345991,
    "Word Class Number": 0.9922480620155039,
    "Word Class Verbs": 0.9983748645720477,
    "Word Class Participle": 0.9723756906077348,
    "Word Class Adverb": 0.99370012599748,
    "Word Class Conjunctions": 0.9957264957264957,
    "Word Class Foreign words": 0.9285714285714286,
    "Word Class Unanalyzed word": 0.0,
    "Word Class Abbreviation": 1.0,
    "Word Class Web email or address": 0.0,
    "Word Class Punctuation": 1.0,
    "Word Class Symbol": 1.0,
    "Word Class R Article": 0.9851485148514851
  },
  "per_word_class_f1": {
    "Word Class Noun": 0.9954040597472232,
    "Word Class Adjective": 0.953405017921147,
    "Word Class Pronoun": 0.9879138202837625,
    "Word Class Number": 0.9922480620155039,
    "Word Class Verbs": 0.9986453535627201,
    "Word Class Participle": 0.9643835616438357,
    "Word Class Adverb": 0.9903725408120553,
    "Word Class Conjunctions": 0.9953011533532679,
    "Word Class Foreign words": 0.896551724137931,
    "Word Class Unanalyzed word": 0.0,
    "Word Class Abbreviation": 0.9811320754716981,
    "Word Class Web email or address": 0.0,
    "Word Class Punctuation": 1.0,
    "Word Class Symbol": 1.0,
    "Word Class R Article": 0.9802955665024631
  },
  "per_interval_accuracy": {
    "Subcategories": 0.9897859922178989,
    "Gender": 0.9743755383290267,
    "Number": 0.989060092449923,
    "Case": 0.9784668389319552,
    "Article": 0.9934915773353752,
    "Proper Noun": 0.9927258805513017,
    "Degree": 0.9898408398239079,
    "Declension": 0.9827357237715804,
    "Mood": 0.9886240520043337,
    "Voice": 1.0,
    "Tense": 0.9902491874322861,
    "Person": 0.9889047959914101,
    "Definiteness": 1.0
  },
  "per_interval_f1": {
    "Subcategories": 0.9880919815977118,
    "Gender": 0.975620648822239,
    "Number": 0.9856858849138864,
    "Case": 0.9806896769119409,
    "Article": 0.9929152189247452,
    "Proper Noun": 0.9905695782438262,
    "Degree": 0.7807729124208416,
    "Declension": 0.9658616350933636,
    "Mood": 0.9274162312229952,
    "Voice": 1.0,
    "Tense": 0.9905512254862937,
    "Person": 0.9834755051198918,
    "Definiteness": 1.0
  },
  "learning_rate": 1.8400000000000003e-05
}