{
  "epoch": 5,
  "mode": "multilabel",
  "fold": 5,
  "eval_decoder": "greedy",
  "mbr_threshold": 0.0,
  "train_loss": 0.09860449836059341,
  "val_loss": 0.20553596839308738,
  "train_composite_accuracy": 0.9813025687656286,
  "train_composite_micro_f1": 0.9813025687656286,
  "train_composite_macro_f1": 0.8393636170727361,
  "val_composite_accuracy": 0.9707048078580045,
  "val_composite_micro_f1": 0.9707048078580045,
  "val_composite_macro_f1": 0.8799097917496118,
  "per_word_class_accuracy": {
    "Word Class Noun": 0.9950229709035222,
    "Word Class Adjective": 0.9475524475524476,
    "Word Class Pronoun": 0.9873417721518988,
    "Word Class Number": 0.9922480620155039,
    "Word Class Verbs": 0.9978331527627302,
    "Word Class Participle": 0.9558011049723757,
    "Word Class Adverb": 0.989920201595968,
    "Word Class Conjunctions": 0.9957264957264957,
    "Word Class Foreign words": 0.9285714285714286,
    "Word Class Unanalyzed word": 0.0,
    "Word Class Abbreviation": 1.0,
    "Word Class Web email or address": 0.0,
    "Word Class Punctuation": 1.0,
    "Word Class Symbol": 1.0,
    "Word Class R Article": 1.0
  },
  "per_word_class_f1": {
    "Word Class Noun": 0.994451884446145,
    "Word Class Adjective": 0.9584438549955793,
    "Word Class Pronoun": 0.9868212967843965,
    "Word Class Number": 0.9961089494163424,
    "Word Class Verbs": 0.9986446191379779,
    "Word Class Participle": 0.9505494505494505,
    "Word Class Adverb": 0.9907524169819252,
    "Word Class Conjunctions": 0.9936034115138592,
    "Word Class Foreign words": 0.912280701754386,
    "Word Class Unanalyzed word": 0.0,
    "Word Class Abbreviation": 0.962962962962963,
    "Word Class Web email or address": 0.0,
    "Word Class Punctuation": 1.0,
    "Word Class Symbol": 1.0,
    "Word Class R Article": 0.9805825242718447
  },
  "per_interval_accuracy": {
    "Subcategories": 0.9860570687418937,
    "Gender": 0.9778208440999139,
    "Number": 0.9895223420647149,
    "Case": 0.9823428079242033,
    "Article": 0.9919601837672282,
    "Proper Noun": 0.9923430321592649,
    "Degree": 0.9878090077886895,
    "Declension": 0.9893758300132802,
    "Mood": 0.9875406283856988,
    "Voice": 1.0,
    "Tense": 0.9891657638136512,
    "Person": 0.9863994273443092,
    "Definiteness": 1.0
  },
  "per_interval_f1": {
    "Subcategories": 0.9680403154755427,
    "Gender": 0.9784993082763529,
    "Number": 0.9860255115960982,
    "Case": 0.9821170136507271,
    "Article": 0.9912565037842735,
    "Proper Noun": 0.9900400533230836,
    "Degree": 0.7765564776570478,
    "Declension": 0.9789510716000849,
    "Mood": 0.988515674636917,
    "Voice": 1.0,
    "Tense": 0.9897884193427356,
    "Person": 0.982952380336101,
    "Definiteness": 1.0
  },
  "learning_rate": 1.9e-05
}