{
  "epoch": 1,
  "mode": "multilabel",
  "fold": 5,
  "eval_decoder": "greedy",
  "mbr_threshold": 0.0,
  "train_loss": 1.3337616731549629,
  "val_loss": 0.416996106505394,
  "train_composite_accuracy": 0.835469066634879,
  "train_composite_micro_f1": 0.8354690666348791,
  "train_composite_macro_f1": 0.42848444829270727,
  "val_composite_accuracy": 0.9465629053177691,
  "val_composite_micro_f1": 0.9465629053177691,
  "val_composite_macro_f1": 0.7441655763507652,
  "per_word_class_accuracy": {
    "Word Class Noun": 0.9919601837672282,
    "Word Class Adjective": 0.9405594405594405,
    "Word Class Pronoun": 0.9789029535864979,
    "Word Class Number": 0.9767441860465116,
    "Word Class Verbs": 0.9956663055254604,
    "Word Class Participle": 0.9116022099447514,
    "Word Class Adverb": 0.9794204115917682,
    "Word Class Conjunctions": 0.9965811965811966,
    "Word Class Foreign words": 0.03571428571428571,
    "Word Class Unanalyzed word": 0.0,
    "Word Class Abbreviation": 0.5384615384615384,
    "Word Class Web email or address": 0.0,
    "Word Class Punctuation": 1.0,
    "Word Class Symbol": 0.0,
    "Word Class R Article": 0.9702970297029703
  },
  "per_word_class_f1": {
    "Word Class Noun": 0.9881769641495042,
    "Word Class Adjective": 0.9332176929748481,
    "Word Class Pronoun": 0.9773565034228541,
    "Word Class Number": 0.9692307692307692,
    "Word Class Verbs": 0.9956663055254604,
    "Word Class Participle": 0.9192200557103065,
    "Word Class Adverb": 0.9831365935919055,
    "Word Class Conjunctions": 0.9868810833685991,
    "Word Class Foreign words": 0.0689655172413793,
    "Word Class Unanalyzed word": 0.0,
    "Word Class Abbreviation": 0.7000000000000001,
    "Word Class Web email or address": 0.0,
    "Word Class Punctuation": 0.9996698580389567,
    "Word Class Symbol": 0.0,
    "Word Class R Article": 0.9491525423728814
  },
  "per_interval_accuracy": {
    "Subcategories": 0.9724383916990921,
    "Gender": 0.9565030146425495,
    "Number": 0.9836671802773498,
    "Case": 0.9735142118863049,
    "Article": 0.9881316998468607,
    "Proper Noun": 0.9850689127105666,
    "Degree": 0.9732475448696241,
    "Declension": 0.9760956175298805,
    "Mood": 0.9864572047670639,
    "Voice": 0.9902491874322861,
    "Tense": 0.9897074756229686,
    "Person": 0.9803149606299213,
    "Definiteness": 1.0
  },
  "per_interval_f1": {
    "Subcategories": 0.868572741193627,
    "Gender": 0.9578395444123883,
    "Number": 0.979610164608094,
    "Case": 0.9488552454778209,
    "Article": 0.9871111288681775,
    "Proper Noun": 0.980787796890191,
    "Degree": 0.7416674338942918,
    "Declension": 0.9404644075646923,
    "Mood": 0.7347694577785657,
    "Voice": 0.9198970145799583,
    "Tense": 0.9902486071324507,
    "Person": 0.9475433863847831,
    "Definiteness": 1.0
  },
  "learning_rate": 1.98e-05
}