{
  "epoch": 12,
  "mode": "multilabel",
  "fold": 5,
  "eval_decoder": "greedy",
  "mbr_threshold": 0.0,
  "train_loss": 0.028440143691383986,
  "val_loss": 0.2562253996729851,
  "train_composite_accuracy": 0.9938765273190169,
  "train_composite_micro_f1": 0.9938765273190169,
  "train_composite_macro_f1": 0.9474091126118875,
  "val_composite_accuracy": 0.9725142167844218,
  "val_composite_micro_f1": 0.9725142167844218,
  "val_composite_macro_f1": 0.9019081044724631,
  "per_word_class_accuracy": {
    "Word Class Noun": 0.9957886676875957,
    "Word Class Adjective": 0.9493006993006993,
    "Word Class Pronoun": 0.9883966244725738,
    "Word Class Number": 0.9922480620155039,
    "Word Class Verbs": 0.9994582881906826,
    "Word Class Participle": 0.9447513812154696,
    "Word Class Adverb": 0.9890802183956321,
    "Word Class Conjunctions": 0.9965811965811966,
    "Word Class Foreign words": 0.9642857142857143,
    "Word Class Unanalyzed word": 0.0,
    "Word Class Abbreviation": 1.0,
    "Word Class Web email or address": 1.0,
    "Word Class Punctuation": 1.0,
    "Word Class Symbol": 1.0,
    "Word Class R Article": 0.9702970297029703
  },
  "per_word_class_f1": {
    "Word Class Noun": 0.9954075774971296,
    "Word Class Adjective": 0.9627659574468085,
    "Word Class Pronoun": 0.9852786540483702,
    "Word Class Number": 0.9961089494163424,
    "Word Class Verbs": 0.9994582881906826,
    "Word Class Participle": 0.9526462395543176,
    "Word Class Adverb": 0.9890802183956321,
    "Word Class Conjunctions": 0.9931856899488927,
    "Word Class Foreign words": 0.9152542372881356,
    "Word Class Unanalyzed word": 0.0,
    "Word Class Abbreviation": 1.0,
    "Word Class Web email or address": 1.0,
    "Word Class Punctuation": 1.0,
    "Word Class Symbol": 1.0,
    "Word Class R Article": 0.9679012345679012
  },
  "per_interval_accuracy": {
    "Subcategories": 0.9868677042801557,
    "Gender": 0.976959517657192,
    "Number": 0.9892141756548536,
    "Case": 0.9819121447028424,
    "Article": 0.9950229709035222,
    "Proper Noun": 0.9934915773353752,
    "Degree": 0.9884862851337622,
    "Declension": 0.9920318725099602,
    "Mood": 0.991332611050921,
    "Voice": 1.0,
    "Tense": 0.9907908992416035,
    "Person": 0.9896206156048676,
    "Definiteness": 0.995049504950495
  },
  "per_interval_f1": {
    "Subcategories": 0.985416771393234,
    "Gender": 0.977817401169164,
    "Number": 0.9861195188310865,
    "Case": 0.9800935651089377,
    "Article": 0.9945796455762479,
    "Proper Noun": 0.9915461772268057,
    "Degree": 0.9864843278421012,
    "Declension": 0.9825964982275863,
    "Mood": 0.9577176374081139,
    "Voice": 1.0,
    "Tense": 0.9908274845187331,
    "Person": 0.983686295006138,
    "Definiteness": 0.9940439333628188
  },
  "learning_rate": 1.76e-05
}