{
  "epoch": 7,
  "mode": "multilabel",
  "fold": 5,
  "eval_decoder": "greedy",
  "mbr_threshold": 0.0,
  "train_loss": 0.06391211413931551,
  "val_loss": 0.2235114797949791,
  "train_composite_accuracy": 0.9873886327270661,
  "train_composite_micro_f1": 0.9873886327270661,
  "train_composite_macro_f1": 0.8866187633854203,
  "val_composite_accuracy": 0.9709632948474927,
  "val_composite_micro_f1": 0.9709632948474927,
  "val_composite_macro_f1": 0.8881906493262289,
  "per_word_class_accuracy": {
    "Word Class Noun": 0.9950229709035222,
    "Word Class Adjective": 0.958041958041958,
    "Word Class Pronoun": 0.990506329113924,
    "Word Class Number": 0.9922480620155039,
    "Word Class Verbs": 0.9978331527627302,
    "Word Class Participle": 0.9392265193370166,
    "Word Class Adverb": 0.9903401931961361,
    "Word Class Conjunctions": 0.9923076923076923,
    "Word Class Foreign words": 0.9285714285714286,
    "Word Class Unanalyzed word": 0.0,
    "Word Class Abbreviation": 1.0,
    "Word Class Web email or address": 0.0,
    "Word Class Punctuation": 1.0,
    "Word Class Symbol": 1.0,
    "Word Class R Article": 0.9851485148514851
  },
  "per_word_class_f1": {
    "Word Class Noun": 0.9950229709035222,
    "Word Class Adjective": 0.9597197898423817,
    "Word Class Pronoun": 0.988421052631579,
    "Word Class Number": 0.9961089494163424,
    "Word Class Verbs": 0.9981034949878083,
    "Word Class Participle": 0.9497206703910616,
    "Word Class Adverb": 0.990132269577997,
    "Word Class Conjunctions": 0.9944325481798715,
    "Word Class Foreign words": 0.8813559322033899,
    "Word Class Unanalyzed word": 0.0,
    "Word Class Abbreviation": 0.9811320754716981,
    "Word Class Web email or address": 0.0,
    "Word Class Punctuation": 1.0,
    "Word Class Symbol": 1.0,
    "Word Class R Article": 0.9731051344743277
  },
  "per_interval_accuracy": {
    "Subcategories": 0.9868677042801557,
    "Gender": 0.9763135228251507,
    "Number": 0.9898305084745763,
    "Case": 0.9810508182601206,
    "Article": 0.9938744257274119,
    "Proper Noun": 0.9931087289433385,
    "Degree": 0.9895022011513714,
    "Declension": 0.9920318725099602,
    "Mood": 0.9897074756229686,
    "Voice": 1.0,
    "Tense": 0.9907908992416035,
    "Person": 0.9889047959914101,
    "Definiteness": 1.0
  },
  "per_interval_f1": {
    "Subcategories": 0.9744312295500641,
    "Gender": 0.9770261990525619,
    "Number": 0.9870290668405071,
    "Case": 0.9823674661350059,
    "Article": 0.9933335545272872,
    "Proper Noun": 0.9910531603945927,
    "Degree": 0.7798170192973259,
    "Declension": 0.985519077245696,
    "Mood": 0.8837612103268422,
    "Voice": 1.0,
    "Tense": 0.9910534411223547,
    "Person": 0.9806362080952818,
    "Definiteness": 1.0
  },
  "learning_rate": 1.86e-05
}