{
  "epoch": 3,
  "mode": "multilabel",
  "fold": 5,
  "eval_decoder": "greedy",
  "mbr_threshold": 0.0,
  "train_loss": 0.1811931463720323,
  "val_loss": 0.21718503534793854,
  "train_composite_accuracy": 0.9689769602730635,
  "train_composite_micro_f1": 0.9689769602730635,
  "train_composite_macro_f1": 0.7417373056527985,
  "val_composite_accuracy": 0.9689548120041394,
  "val_composite_micro_f1": 0.9689548120041394,
  "val_composite_macro_f1": 0.858497134453119,
  "per_word_class_accuracy": {
    "Word Class Noun": 0.9957886676875957,
    "Word Class Adjective": 0.9388111888111889,
    "Word Class Pronoun": 0.9862869198312236,
    "Word Class Number": 0.9922480620155039,
    "Word Class Verbs": 0.9972914409534128,
    "Word Class Participle": 0.9392265193370166,
    "Word Class Adverb": 0.9895002099958001,
    "Word Class Conjunctions": 0.9957264957264957,
    "Word Class Foreign words": 0.8571428571428571,
    "Word Class Unanalyzed word": 0.0,
    "Word Class Abbreviation": 1.0,
    "Word Class Web email or address": 0.0,
    "Word Class Punctuation": 1.0,
    "Word Class Symbol": 0.8333333333333334,
    "Word Class R Article": 0.995049504950495
  },
  "per_word_class_f1": {
    "Word Class Noun": 0.995026778882938,
    "Word Class Adjective": 0.9546666666666667,
    "Word Class Pronoun": 0.9852476290832455,
    "Word Class Number": 0.9961089494163424,
    "Word Class Verbs": 0.9978319783197832,
    "Word Class Participle": 0.9470752089136492,
    "Word Class Adverb": 0.9892924627335713,
    "Word Class Conjunctions": 0.9931798806479114,
    "Word Class Foreign words": 0.8571428571428571,
    "Word Class Unanalyzed word": 0.0,
    "Word Class Abbreviation": 0.962962962962963,
    "Word Class Web email or address": 0.0,
    "Word Class Punctuation": 0.9996698580389567,
    "Word Class Symbol": 0.9090909090909091,
    "Word Class R Article": 0.9686746987951806
  },
  "per_interval_accuracy": {
    "Subcategories": 0.9854085603112841,
    "Gender": 0.9741602067183462,
    "Number": 0.9893682588597843,
    "Case": 0.9808354866494401,
    "Article": 0.9938744257274119,
    "Proper Noun": 0.9927258805513017,
    "Degree": 0.9847612597358618,
    "Declension": 0.9880478087649402,
    "Mood": 0.9907908992416035,
    "Voice": 1.0,
    "Tense": 0.9918743228602384,
    "Person": 0.9881889763779528,
    "Definiteness": 1.0
  },
  "per_interval_f1": {
    "Subcategories": 0.973530616627555,
    "Gender": 0.9741606389305612,
    "Number": 0.9863421619122907,
    "Case": 0.9798975702952575,
    "Article": 0.993330384096592,
    "Proper Noun": 0.9905695782438262,
    "Degree": 0.7596313431351384,
    "Declension": 0.9751460344109945,
    "Mood": 0.8664504481849258,
    "Voice": 1.0,
    "Tense": 0.9918058006706856,
    "Person": 0.979202348609382,
    "Definiteness": 1.0
  },
  "learning_rate": 1.94e-05
}