{
  "epoch": 9,
  "mode": "multilabel",
  "fold": 5,
  "eval_decoder": "greedy",
  "mbr_threshold": 0.0,
  "train_loss": 0.042773921350410325,
  "val_loss": 0.2173985041677952,
  "train_composite_accuracy": 0.9911677000993989,
  "train_composite_micro_f1": 0.9911677000993989,
  "train_composite_macro_f1": 0.9221847919656372,
  "val_composite_accuracy": 0.9731988969320924,
  "val_composite_micro_f1": 0.9731988969320924,
  "val_composite_macro_f1": 0.8797346366855879,
  "per_word_class_accuracy": {
    "Word Class Noun": 0.9950229709035222,
    "Word Class Adjective": 0.9458041958041958,
    "Word Class Pronoun": 0.9873417721518988,
    "Word Class Number": 0.9922480620155039,
    "Word Class Verbs": 0.9983748645720477,
    "Word Class Participle": 0.9779005524861878,
    "Word Class Adverb": 0.9920201595968081,
    "Word Class Conjunctions": 0.9957264957264957,
    "Word Class Foreign words": 0.9642857142857143,
    "Word Class Unanalyzed word": 0.0,
    "Word Class Abbreviation": 1.0,
    "Word Class Web email or address": 0.0,
    "Word Class Punctuation": 1.0,
    "Word Class Symbol": 1.0,
    "Word Class R Article": 0.9851485148514851
  },
  "per_word_class_f1": {
    "Word Class Noun": 0.9954040597472232,
    "Word Class Adjective": 0.9634906500445236,
    "Word Class Pronoun": 0.9883843717001056,
    "Word Class Number": 0.9922480620155039,
    "Word Class Verbs": 0.9981045220687789,
    "Word Class Participle": 0.9672131147540983,
    "Word Class Adverb": 0.9901488157618947,
    "Word Class Conjunctions": 0.9948761742100768,
    "Word Class Foreign words": 0.9152542372881356,
    "Word Class Unanalyzed word": 0.0,
    "Word Class Abbreviation": 0.9811320754716981,
    "Word Class Web email or address": 0.0,
    "Word Class Punctuation": 1.0,
    "Word Class Symbol": 1.0,
    "Word Class R Article": 0.9707317073170733
  },
  "per_interval_accuracy": {
    "Subcategories": 0.9880025940337225,
    "Gender": 0.9763135228251507,
    "Number": 0.9898305084745763,
    "Case": 0.9823428079242033,
    "Article": 0.9938744257274119,
    "Proper Noun": 0.9931087289433385,
    "Degree": 0.9895022011513714,
    "Declension": 0.9907038512616202,
    "Mood": 0.9907908992416035,
    "Voice": 1.0,
    "Tense": 0.991332611050921,
    "Person": 0.9896206156048676,
    "Definiteness": 0.995049504950495
  },
  "per_interval_f1": {
    "Subcategories": 0.9701777469353415,
    "Gender": 0.9773618721842112,
    "Number": 0.986778585830472,
    "Case": 0.9822472738830024,
    "Article": 0.9933335545272872,
    "Proper Noun": 0.9910616717274608,
    "Degree": 0.7798047311360049,
    "Declension": 0.9840873041864243,
    "Mood": 0.9556138154230527,
    "Voice": 1.0,
    "Tense": 0.991316529205974,
    "Person": 0.9832228800256471,
    "Definiteness": 0.9940439333628188
  },
  "learning_rate": 1.8200000000000002e-05
}