{
  "epoch": 10,
  "mode": "multilabel",
  "fold": 5,
  "eval_decoder": "greedy",
  "mbr_threshold": 0.0,
  "train_loss": 0.036298453624142,
  "val_loss": 0.2125021517276764,
  "train_composite_accuracy": 0.9921812880996554,
  "train_composite_micro_f1": 0.9921812880996554,
  "train_composite_macro_f1": 0.9056946439708705,
  "val_composite_accuracy": 0.9743169869861242,
  "val_composite_micro_f1": 0.9743169869861242,
  "val_composite_macro_f1": 0.8910569997893769,
  "per_word_class_accuracy": {
    "Word Class Noun": 0.9946401225114855,
    "Word Class Adjective": 0.9597902097902098,
    "Word Class Pronoun": 0.9926160337552743,
    "Word Class Number": 0.9922480620155039,
    "Word Class Verbs": 0.9983748645720477,
    "Word Class Participle": 0.9668508287292817,
    "Word Class Adverb": 0.9907601847963041,
    "Word Class Conjunctions": 0.9965811965811966,
    "Word Class Foreign words": 0.9642857142857143,
    "Word Class Unanalyzed word": 0.0,
    "Word Class Abbreviation": 1.0,
    "Word Class Web email or address": 1.0,
    "Word Class Punctuation": 1.0,
    "Word Class Symbol": 1.0,
    "Word Class R Article": 0.9851485148514851
  },
  "per_word_class_f1": {
    "Word Class Noun": 0.9952116452786823,
    "Word Class Adjective": 0.9648506151142354,
    "Word Class Pronoun": 0.9915700737618546,
    "Word Class Number": 0.9961089494163424,
    "Word Class Verbs": 0.9989159891598915,
    "Word Class Participle": 0.9641873278236914,
    "Word Class Adverb": 0.9911764705882354,
    "Word Class Conjunctions": 0.9948805460750852,
    "Word Class Foreign words": 0.8999999999999999,
    "Word Class Unanalyzed word": 0.0,
    "Word Class Abbreviation": 0.9811320754716981,
    "Word Class Web email or address": 1.0,
    "Word Class Punctuation": 1.0,
    "Word Class Symbol": 1.0,
    "Word Class R Article": 0.9802955665024631
  },
  "per_interval_accuracy": {
    "Subcategories": 0.9888132295719845,
    "Gender": 0.9786821705426356,
    "Number": 0.9896764252696456,
    "Case": 0.9829888027562446,
    "Article": 0.9934915773353752,
    "Proper Noun": 0.9931087289433385,
    "Degree": 0.9888249238062987,
    "Declension": 0.9893758300132802,
    "Mood": 0.991332611050921,
    "Voice": 1.0,
    "Tense": 0.9902491874322861,
    "Person": 0.9899785254115963,
    "Definiteness": 1.0
  },
  "per_interval_f1": {
    "Subcategories": 0.9860207355837045,
    "Gender": 0.9791484900866911,
    "Number": 0.9869232010587714,
    "Case": 0.9805943688003046,
    "Article": 0.9929152189247452,
    "Proper Noun": 0.9910446191906025,
    "Degree": 0.7800517534844034,
    "Declension": 0.9789510716000849,
    "Mood": 0.9560640357946564,
    "Voice": 1.0,
    "Tense": 0.9905765805815782,
    "Person": 0.982623913585203,
    "Definiteness": 1.0
  },
  "learning_rate": 1.8e-05
}