{
  "epoch": 11,
  "mode": "multilabel",
  "fold": 5,
  "eval_decoder": "greedy",
  "mbr_threshold": 0.0,
  "train_loss": 0.02976210374490858,
  "val_loss": 0.24611624255776404,
  "train_composite_accuracy": 0.9933082827747437,
  "train_composite_micro_f1": 0.9933082827747437,
  "train_composite_macro_f1": 0.9172383226675416,
  "val_composite_accuracy": 0.973124300111982,
  "val_composite_micro_f1": 0.973124300111982,
  "val_composite_macro_f1": 0.9013864651024127,
  "per_word_class_accuracy": {
    "Word Class Noun": 0.9931087289433385,
    "Word Class Adjective": 0.9615384615384616,
    "Word Class Pronoun": 0.989451476793249,
    "Word Class Number": 0.9922480620155039,
    "Word Class Verbs": 0.9983748645720477,
    "Word Class Participle": 0.9447513812154696,
    "Word Class Adverb": 0.9890802183956321,
    "Word Class Conjunctions": 0.9991452991452991,
    "Word Class Foreign words": 0.9285714285714286,
    "Word Class Unanalyzed word": 0.0,
    "Word Class Abbreviation": 1.0,
    "Word Class Web email or address": 1.0,
    "Word Class Punctuation": 1.0,
    "Word Class Symbol": 1.0,
    "Word Class R Article": 0.9752475247524752
  },
  "per_word_class_f1": {
    "Word Class Noun": 0.9934890846418997,
    "Word Class Adjective": 0.9691629955947136,
    "Word Class Pronoun": 0.9878883622959452,
    "Word Class Number": 0.9961089494163424,
    "Word Class Verbs": 0.9989159891598915,
    "Word Class Participle": 0.9500000000000001,
    "Word Class Adverb": 0.9911616161616161,
    "Word Class Conjunctions": 0.9927813163481953,
    "Word Class Foreign words": 0.896551724137931,
    "Word Class Unanalyzed word": 0.0,
    "Word Class Abbreviation": 0.9122807017543859,
    "Word Class Web email or address": 1.0,
    "Word Class Punctuation": 1.0,
    "Word Class Symbol": 1.0,
    "Word Class R Article": 0.9728395061728395
  },
  "per_interval_accuracy": {
    "Subcategories": 0.9883268482490273,
    "Gender": 0.9782515073212747,
    "Number": 0.9906009244992295,
    "Case": 0.9810508182601206,
    "Article": 0.9908116385911179,
    "Proper Noun": 0.9946401225114855,
    "Degree": 0.9881476464612259,
    "Declension": 0.9920318725099602,
    "Mood": 0.9902491874322861,
    "Voice": 1.0,
    "Tense": 0.9907908992416035,
    "Person": 0.9896206156048676,
    "Definiteness": 0.995049504950495
  },
  "per_interval_f1": {
    "Subcategories": 0.9780232074191401,
    "Gender": 0.9784894243312936,
    "Number": 0.9875234800778188,
    "Case": 0.9790325871874286,
    "Article": 0.9900097913224405,
    "Proper Noun": 0.993034703814913,
    "Degree": 0.8829588856777404,
    "Declension": 0.9883133324522154,
    "Mood": 0.9551753757798546,
    "Voice": 1.0,
    "Tense": 0.9908201786444844,
    "Person": 0.9836608523827453,
    "Definiteness": 0.9940439333628188
  },
  "learning_rate": 1.7800000000000002e-05
}