{
  "epoch": 2,
  "mode": "multilabel",
  "fold": 5,
  "eval_decoder": "greedy",
  "mbr_threshold": 0.0,
  "train_loss": 0.2995831479238457,
  "val_loss": 0.2542949691414833,
  "train_composite_accuracy": 0.9526143790849673,
  "train_composite_micro_f1": 0.9526143790849673,
  "train_composite_macro_f1": 0.6618820941347926,
  "val_composite_accuracy": 0.9637837371734069,
  "val_composite_micro_f1": 0.9637837371734069,
  "val_composite_macro_f1": 0.8140105667200911,
  "per_word_class_accuracy": {
    "Word Class Noun": 0.9946401225114855,
    "Word Class Adjective": 0.9230769230769231,
    "Word Class Pronoun": 0.989451476793249,
    "Word Class Number": 0.9922480620155039,
    "Word Class Verbs": 0.9972914409534128,
    "Word Class Participle": 0.9171270718232044,
    "Word Class Adverb": 0.989920201595968,
    "Word Class Conjunctions": 0.9965811965811966,
    "Word Class Foreign words": 0.9285714285714286,
    "Word Class Unanalyzed word": 0.0,
    "Word Class Abbreviation": 1.0,
    "Word Class Web email or address": 0.0,
    "Word Class Punctuation": 1.0,
    "Word Class Symbol": 0.6666666666666666,
    "Word Class R Article": 0.9801980198019802
  },
  "per_word_class_f1": {
    "Word Class Noun": 0.9944497607655504,
    "Word Class Adjective": 0.9403383793410508,
    "Word Class Pronoun": 0.9847769028871393,
    "Word Class Number": 0.9961089494163424,
    "Word Class Verbs": 0.9981024667931689,
    "Word Class Participle": 0.9405099150141644,
    "Word Class Adverb": 0.987845766974015,
    "Word Class Conjunctions": 0.9931856899488927,
    "Word Class Foreign words": 0.8813559322033899,
    "Word Class Unanalyzed word": 0.0,
    "Word Class Abbreviation": 0.9454545454545454,
    "Word Class Web email or address": 0.0,
    "Word Class Punctuation": 1.0,
    "Word Class Symbol": 0.8,
    "Word Class R Article": 0.9729729729729729
  },
  "per_interval_accuracy": {
    "Subcategories": 0.9857328145265889,
    "Gender": 0.9653316106804479,
    "Number": 0.9856702619414484,
    "Case": 0.9797588285960379,
    "Article": 0.9904287901990811,
    "Proper Noun": 0.9931087289433385,
    "Degree": 0.9847612597358618,
    "Declension": 0.9814077025232404,
    "Mood": 0.9886240520043337,
    "Voice": 0.9989165763813651,
    "Tense": 0.9907908992416035,
    "Person": 0.9881889763779528,
    "Definiteness": 1.0
  },
  "per_interval_f1": {
    "Subcategories": 0.9506938820897604,
    "Gender": 0.9657820473496179,
    "Number": 0.9819362532087279,
    "Case": 0.9770418545569532,
    "Article": 0.9896008758833483,
    "Proper Noun": 0.9910446191906025,
    "Degree": 0.7636359051787155,
    "Declension": 0.9545146630744457,
    "Mood": 0.8639026807565248,
    "Voice": 0.992143343547838,
    "Tense": 0.9914503749303246,
    "Person": 0.9768267677034724,
    "Definiteness": 1.0
  },
  "learning_rate": 1.9600000000000002e-05
}