{
  "epoch": 4,
  "mode": "multilabel",
  "fold": 5,
  "eval_decoder": "greedy",
  "mbr_threshold": 0.0,
  "train_loss": 0.13028456115609868,
  "val_loss": 0.18915341570973396,
  "train_composite_accuracy": 0.9757329391475733,
  "train_composite_micro_f1": 0.9757329391475733,
  "train_composite_macro_f1": 0.7793541295907912,
  "val_composite_accuracy": 0.9707708225556131,
  "val_composite_micro_f1": 0.9707708225556131,
  "val_composite_macro_f1": 0.869658841496474,
  "per_word_class_accuracy": {
    "Word Class Noun": 0.9961715160796325,
    "Word Class Adjective": 0.9702797202797203,
    "Word Class Pronoun": 0.9831223628691983,
    "Word Class Number": 0.9922480620155039,
    "Word Class Verbs": 0.9978331527627302,
    "Word Class Participle": 0.9116022099447514,
    "Word Class Adverb": 0.9878202435951281,
    "Word Class Conjunctions": 0.9957264957264957,
    "Word Class Foreign words": 0.9285714285714286,
    "Word Class Unanalyzed word": 0.0,
    "Word Class Abbreviation": 1.0,
    "Word Class Web email or address": 0.0,
    "Word Class Punctuation": 1.0,
    "Word Class Symbol": 1.0,
    "Word Class R Article": 0.9900990099009901
  },
  "per_word_class_f1": {
    "Word Class Noun": 0.9950286806883365,
    "Word Class Adjective": 0.9602076124567474,
    "Word Class Pronoun": 0.9883351007423118,
    "Word Class Number": 0.9961089494163424,
    "Word Class Verbs": 0.9986446191379779,
    "Word Class Participle": 0.9428571428571428,
    "Word Class Adverb": 0.9896907216494846,
    "Word Class Conjunctions": 0.9923339011925042,
    "Word Class Foreign words": 0.912280701754386,
    "Word Class Unanalyzed word": 0.0,
    "Word Class Abbreviation": 0.962962962962963,
    "Word Class Web email or address": 0.0,
    "Word Class Punctuation": 1.0,
    "Word Class Symbol": 1.0,
    "Word Class R Article": 0.97323600973236
  },
  "per_interval_accuracy": {
    "Subcategories": 0.9854085603112841,
    "Gender": 0.9750215331610681,
    "Number": 0.9899845916795069,
    "Case": 0.9827734711455641,
    "Article": 0.9942572741194488,
    "Proper Noun": 0.9942572741194488,
    "Degree": 0.9861158144260075,
    "Declension": 0.9933598937583001,
    "Mood": 0.9902491874322861,
    "Voice": 1.0,
    "Tense": 0.9924160346695557,
    "Person": 0.9885468861846815,
    "Definiteness": 1.0
  },
  "per_interval_f1": {
    "Subcategories": 0.974138284807875,
    "Gender": 0.9757408845073281,
    "Number": 0.9874830510074291,
    "Case": 0.9793741924812988,
    "Article": 0.9937427563781004,
    "Proper Noun": 0.9925336144566603,
    "Degree": 0.7709730989414292,
    "Declension": 0.9898241172385543,
    "Mood": 0.9897658427696503,
    "Voice": 1.0,
    "Tense": 0.9929222042939666,
    "Person": 0.9833546636064644,
    "Definiteness": 1.0
  },
  "learning_rate": 1.9200000000000003e-05
}