{
  "model": "tnt",
  "fold": 4,
  "ood_data_path": "data/OOD-BRAGD.json",
  "num_sentences": 500,
  "composite_accuracy": 0.7493327858755903,
  "composite_micro_f1": 0.9016798418972332,
  "composite_macro_f1": 0.6355491759242877,
  "word_class_accuracy": 0.9796195652173914,
  "word_class_macro_f1": 0.8911338296567066,
  "per_word_class_accuracy": {
    "Word Class Noun": 0.990787269681742,
    "Word Class Adjective": 0.9186602870813397,
    "Word Class Pronoun": 0.9733893557422969,
    "Word Class Number": 0.9858156028368794,
    "Word Class Verbs": 0.99057344854674,
    "Word Class Participle": 0.826530612244898,
    "Word Class Adverb": 0.9763912310286678,
    "Word Class Conjunctions": 0.9893955461293743,
    "Word Class Foreign words": 0.0,
    "Word Class Unanalyzed word": 0.0,
    "Word Class Abbreviation": 1.0,
    "Word Class Web email or address": 0.0,
    "Word Class Punctuation": 1.0,
    "Word Class Symbol": 1.0,
    "Word Class R Article": 0.8860759493670886
  },
  "per_word_class_f1": {
    "Word Class Noun": 0.9903725408120552,
    "Word Class Adjective": 0.9377289377289377,
    "Word Class Pronoun": 0.9727081875437369,
    "Word Class Number": 0.9858156028368794,
    "Word Class Verbs": 0.9843871975019517,
    "Word Class Participle": 0.8571428571428572,
    "Word Class Adverb": 0.9785915492957746,
    "Word Class Conjunctions": 0.9805570152390961,
    "Word Class Foreign words": 0.0,
    "Word Class Unanalyzed word": 0.0,
    "Word Class Abbreviation": 1.0,
    "Word Class Web email or address": 0.0,
    "Word Class Punctuation": 1.0,
    "Word Class Symbol": 1.0,
    "Word Class R Article": 0.8974358974358974
  }
}