{
  "model": "tnt",
  "fold": 4,
  "val_composite_accuracy": 0.8462480321847122,
  "val_composite_micro_f1": 0.918113673024006,
  "val_composite_macro_f1": 0.6820820414111136,
  "per_word_class_accuracy": {
    "Word Class Noun": 0.9984879032258065,
    "Word Class Adjective": 0.9525959367945824,
    "Word Class Pronoun": 0.9705215419501134,
    "Word Class Number": 0.9384615384615385,
    "Word Class Verbs": 0.988255033557047,
    "Word Class Participle": 0.8865248226950354,
    "Word Class Adverb": 0.9780797895659799,
    "Word Class Conjunctions": 0.9850374064837906,
    "Word Class Foreign words": 1.0,
    "Word Class Unanalyzed word": 0.0,
    "Word Class Abbreviation": 1.0,
    "Word Class Web email or address": 0.0,
    "Word Class Punctuation": 1.0,
    "Word Class Symbol": 1.0,
    "Word Class R Article": 0.9019607843137255
  },
  "per_word_class_f1": {
    "Word Class Noun": 0.9972313113516235,
    "Word Class Adjective": 0.9525959367945824,
    "Word Class Pronoun": 0.9721749006246451,
    "Word Class Number": 0.9606299212598426,
    "Word Class Verbs": 0.9879787531450938,
    "Word Class Participle": 0.8741258741258741,
    "Word Class Adverb": 0.9800131781243137,
    "Word Class Conjunctions": 0.982587064676617,
    "Word Class Foreign words": 0.8750000000000001,
    "Word Class Unanalyzed word": 0.0,
    "Word Class Abbreviation": 1.0,
    "Word Class Web email or address": 0.0,
    "Word Class Punctuation": 1.0,
    "Word Class Symbol": 1.0,
    "Word Class R Article": 0.9019607843137255
  },
  "per_interval_accuracy": {
    "Subcategories": 0.9574396782841823,
    "Gender": 0.9508456659619451,
    "Number": 0.9714644651830582,
    "Case": 0.8990486257928119,
    "Article": 0.9979838709677419,
    "Proper Noun": 0.9919354838709677,
    "Degree": 0.9750367107195301,
    "Declension": 0.9263698630136986,
    "Mood": 0.9614093959731543,
    "Voice": 0.988255033557047,
    "Tense": 0.9625279642058165,
    "Person": 0.9546816479400749,
    "Definiteness": 0.9019607843137255
  },
  "per_interval_f1": {
    "Subcategories": 0.8976391250929777,
    "Gender": 0.7685706804354678,
    "Number": 0.7239513730677306,
    "Case": 0.7708058517148738,
    "Article": 0.6659100214960805,
    "Proper Noun": 0.660838278956169,
    "Degree": 0.7777779060425078,
    "Declension": 0.7274635802266536,
    "Mood": 0.7294432505211244,
    "Voice": 0.6646180860403863,
    "Tense": 0.727070751063545,
    "Person": 0.7495148349701151,
    "Definiteness": 0.6160893923917418
  }
}