{
  "best_epoch": 16,
  "total_epochs_trained": 16,
  "mode": "multilabel",
  "fold": 1,
  "optimizer": "adamw",
  "eval_decoder": "greedy",
  "mbr_threshold": 0.0,
  "train_loss": 0.03047335647138749,
  "val_loss": 0.28625778257846834,
  "train_composite_accuracy": 0.9946844798180785,
  "train_composite_micro_f1": 0.9946844798180785,
  "train_composite_macro_f1": 0.9441783480815931,
  "val_composite_accuracy": 0.9749765137928089,
  "val_composite_micro_f1": 0.9749765137928089,
  "val_composite_macro_f1": 0.8799980681711991,
  "per_word_class_accuracy": {
    "Word Class Noun": 0.9961523662947287,
    "Word Class Adjective": 0.9601386481802426,
    "Word Class Pronoun": 0.9842873176206509,
    "Word Class Number": 0.9815950920245399,
    "Word Class Verbs": 0.9984431759211209,
    "Word Class Participle": 0.953125,
    "Word Class Adverb": 0.9867219917012449,
    "Word Class Conjunctions": 0.9941666666666666,
    "Word Class Foreign words": 0.8461538461538461,
    "Word Class Unanalyzed word": 0.0,
    "Word Class Abbreviation": 0.9655172413793104,
    "Word Class Web email or address": 0.0,
    "Word Class Punctuation": 0.9993355481727575,
    "Word Class Symbol": 1.0,
    "Word Class R Article": 0.9726027397260274
  },
  "per_word_class_f1": {
    "Word Class Noun": 0.9961523662947287,
    "Word Class Adjective": 0.9576490924805532,
    "Word Class Pronoun": 0.980435997764114,
    "Word Class Number": 0.9876543209876544,
    "Word Class Verbs": 0.9976665802437127,
    "Word Class Participle": 0.9481865284974094,
    "Word Class Adverb": 0.9902144493025193,
    "Word Class Conjunctions": 0.9945810754481034,
    "Word Class Foreign words": 0.7857142857142856,
    "Word Class Unanalyzed word": 0.0,
    "Word Class Abbreviation": 0.9824561403508771,
    "Word Class Web email or address": 0.0,
    "Word Class Punctuation": 0.9996676636756398,
    "Word Class Symbol": 1.0,
    "Word Class R Article": 0.9594594594594594
  },
  "per_interval_accuracy": {
    "Subcategories": 0.9849951597289448,
    "Gender": 0.9842706313294548,
    "Number": 0.9926918392204629,
    "Case": 0.9831932773109243,
    "Article": 0.9946133128126202,
    "Proper Noun": 0.9934590227010388,
    "Degree": 0.9882825577502511,
    "Declension": 0.9986996098829649,
    "Mood": 0.9911779968863519,
    "Voice": 0.9994810586403736,
    "Tense": 0.9953295277633627,
    "Person": 0.9897090134847409,
    "Definiteness": 0.9908675799086758
  },
  "per_interval_f1": {
    "Subcategories": 0.9800789824636728,
    "Gender": 0.9848655062037878,
    "Number": 0.9907259154819528,
    "Case": 0.9865682619665395,
    "Article": 0.9941828490450446,
    "Proper Noun": 0.9913120286018959,
    "Degree": 0.9824624452552675,
    "Declension": 0.9961740698082027,
    "Mood": 0.9405405796518682,
    "Voice": 0.997620144421542,
    "Tense": 0.9954839975733257,
    "Person": 0.9766240607962938,
    "Definiteness": 0.9892478397486253
  },
  "learning_rate": 1.6800000000000002e-05,
  "base_learning_rate": 2e-05,
  "warmup_ratio": 0.0
}