{
  "epoch": 3,
  "mode": "multilabel",
  "fold": 1,
  "eval_decoder": "greedy",
  "mbr_threshold": 0.0,
  "train_loss": 0.385853932934557,
  "val_loss": 0.32420649826526643,
  "train_composite_accuracy": 0.9553875020239444,
  "train_composite_micro_f1": 0.9553875020239445,
  "train_composite_macro_f1": 0.6631745488299879,
  "val_composite_accuracy": 0.9628236902828818,
  "val_composite_micro_f1": 0.9628236902828818,
  "val_composite_macro_f1": 0.8071769323559896,
  "per_word_class_accuracy": {
    "Word Class Noun": 0.9961523662947287,
    "Word Class Adjective": 0.9653379549393414,
    "Word Class Pronoun": 0.9876543209876543,
    "Word Class Number": 0.9815950920245399,
    "Word Class Verbs": 0.9968863518422418,
    "Word Class Participle": 0.9166666666666666,
    "Word Class Adverb": 0.983402489626556,
    "Word Class Conjunctions": 0.9958333333333333,
    "Word Class Foreign words": 0.8461538461538461,
    "Word Class Unanalyzed word": 0.0,
    "Word Class Abbreviation": 1.0,
    "Word Class Web email or address": 0.0,
    "Word Class Punctuation": 0.9993355481727575,
    "Word Class Symbol": 0.0,
    "Word Class R Article": 0.9726027397260274
  },
  "per_word_class_f1": {
    "Word Class Noun": 0.9965357967667435,
    "Word Class Adjective": 0.9521367521367521,
    "Word Class Pronoun": 0.9821428571428571,
    "Word Class Number": 0.9876543209876544,
    "Word Class Verbs": 0.9968863518422418,
    "Word Class Participle": 0.9190600522193211,
    "Word Class Adverb": 0.989355040701315,
    "Word Class Conjunctions": 0.9945900957136912,
    "Word Class Foreign words": 0.7857142857142856,
    "Word Class Unanalyzed word": 0.0,
    "Word Class Abbreviation": 0.9508196721311475,
    "Word Class Web email or address": 0.0,
    "Word Class Punctuation": 0.9996676636756398,
    "Word Class Symbol": 0.0,
    "Word Class R Article": 0.9638009049773755
  },
  "per_interval_accuracy": {
    "Subcategories": 0.9785414649887061,
    "Gender": 0.9752208575737987,
    "Number": 0.9876674786845311,
    "Case": 0.9767291531997414,
    "Article": 0.9903809157368219,
    "Proper Noun": 0.9915352058484033,
    "Degree": 0.9842651489789086,
    "Declension": 0.9921976592977894,
    "Mood": 0.9896211728074727,
    "Voice": 0.9932537623248573,
    "Tense": 0.9932537623248573,
    "Person": 0.9882895670688432,
    "Definiteness": 0.9908675799086758
  },
  "per_interval_f1": {
    "Subcategories": 0.888226522774363,
    "Gender": 0.9761854610963949,
    "Number": 0.9852807443690649,
    "Case": 0.9746780466431704,
    "Article": 0.9896004341968774,
    "Proper Noun": 0.9887624505711344,
    "Degree": 0.9663891185128782,
    "Declension": 0.9844574792627242,
    "Mood": 0.7351877633955448,
    "Voice": 0.9676983442355129,
    "Tense": 0.9936073101264563,
    "Person": 0.9279567001026955,
    "Definiteness": 0.9892478397486253
  },
  "learning_rate": 1.94e-05
}