{
  "epoch": 4,
  "mode": "multilabel",
  "fold": 1,
  "eval_decoder": "greedy",
  "mbr_threshold": 0.0,
  "train_loss": 0.2571039215662941,
  "val_loss": 0.29411378502845764,
  "train_composite_accuracy": 0.9674258122160333,
  "train_composite_micro_f1": 0.9674258122160333,
  "train_composite_macro_f1": 0.7088575140929348,
  "val_composite_accuracy": 0.9664159972654247,
  "val_composite_micro_f1": 0.9664159972654247,
  "val_composite_macro_f1": 0.8118409720298385,
  "per_word_class_accuracy": {
    "Word Class Noun": 0.9957676029242016,
    "Word Class Adjective": 0.9636048526863085,
    "Word Class Pronoun": 0.9865319865319865,
    "Word Class Number": 0.9754601226993865,
    "Word Class Verbs": 0.9974052932018682,
    "Word Class Participle": 0.875,
    "Word Class Adverb": 0.9875518672199171,
    "Word Class Conjunctions": 0.9958333333333333,
    "Word Class Foreign words": 0.9230769230769231,
    "Word Class Unanalyzed word": 0.0,
    "Word Class Abbreviation": 1.0,
    "Word Class Web email or address": 0.0,
    "Word Class Punctuation": 0.9993355481727575,
    "Word Class Symbol": 0.0,
    "Word Class R Article": 0.9726027397260274
  },
  "per_word_class_f1": {
    "Word Class Noun": 0.9965344628417405,
    "Word Class Adjective": 0.952054794520548,
    "Word Class Pronoun": 0.9837716843872412,
    "Word Class Number": 0.9845201238390093,
    "Word Class Verbs": 0.9945666235446313,
    "Word Class Participle": 0.9056603773584906,
    "Word Class Adverb": 0.9910472621278369,
    "Word Class Conjunctions": 0.9945900957136912,
    "Word Class Foreign words": 0.9230769230769231,
    "Word Class Unanalyzed word": 0.0,
    "Word Class Abbreviation": 0.9508196721311475,
    "Word Class Web email or address": 0.0,
    "Word Class Punctuation": 0.9996676636756398,
    "Word Class Symbol": 0.0,
    "Word Class R Article": 0.9616252821670428
  },
  "per_interval_accuracy": {
    "Subcategories": 0.9806389157792836,
    "Gender": 0.9752208575737987,
    "Number": 0.9888855054811205,
    "Case": 0.9786683904330963,
    "Article": 0.9934590227010388,
    "Proper Noun": 0.9919199692189303,
    "Degree": 0.986943421493137,
    "Declension": 0.9934980494148244,
    "Mood": 0.9906590555267255,
    "Voice": 0.9958484691229891,
    "Tense": 0.99429164504411,
    "Person": 0.9897090134847409,
    "Definiteness": 0.9954337899543378
  },
  "per_interval_f1": {
    "Subcategories": 0.9632486810711444,
    "Gender": 0.9756773748872587,
    "Number": 0.9865231690339096,
    "Case": 0.9763433028850059,
    "Article": 0.9929442636270825,
    "Proper Noun": 0.9893003437557893,
    "Degree": 0.9687840262913674,
    "Declension": 0.9830749526268369,
    "Mood": 0.9037143902976517,
    "Voice": 0.9810409287682015,
    "Tense": 0.9942226143743046,
    "Person": 0.9591299925118002,
    "Definiteness": 0.9946012572414643
  },
  "learning_rate": 1.9200000000000003e-05
}