{
  "epoch": 15,
  "mode": "multilabel",
  "fold": 1,
  "eval_decoder": "greedy",
  "mbr_threshold": 0.0,
  "train_loss": 0.03826205815043533,
  "val_loss": 0.3010783225297928,
  "train_composite_accuracy": 0.9934141950156353,
  "train_composite_micro_f1": 0.9934141950156353,
  "train_composite_macro_f1": 0.9423177480639914,
  "val_composite_accuracy": 0.9726015705018778,
  "val_composite_micro_f1": 0.9726015705018778,
  "val_composite_macro_f1": 0.8750178968973229,
  "per_word_class_accuracy": {
    "Word Class Noun": 0.9961523662947287,
    "Word Class Adjective": 0.9480069324090121,
    "Word Class Pronoun": 0.9831649831649831,
    "Word Class Number": 0.9815950920245399,
    "Word Class Verbs": 0.9979242345614946,
    "Word Class Participle": 0.9583333333333334,
    "Word Class Adverb": 0.9867219917012449,
    "Word Class Conjunctions": 0.9966666666666667,
    "Word Class Foreign words": 0.8461538461538461,
    "Word Class Unanalyzed word": 0.0,
    "Word Class Abbreviation": 1.0,
    "Word Class Web email or address": 0.0,
    "Word Class Punctuation": 0.9993355481727575,
    "Word Class Symbol": 1.0,
    "Word Class R Article": 0.9817351598173516
  },
  "per_word_class_f1": {
    "Word Class Noun": 0.9969195225259916,
    "Word Class Adjective": 0.9562937062937062,
    "Word Class Pronoun": 0.9826135726303982,
    "Word Class Number": 0.9876543209876544,
    "Word Class Verbs": 0.9979242345614946,
    "Word Class Participle": 0.9387755102040817,
    "Word Class Adverb": 0.9898022892819979,
    "Word Class Conjunctions": 0.9921194525093323,
    "Word Class Foreign words": 0.7857142857142856,
    "Word Class Unanalyzed word": 0.0,
    "Word Class Abbreviation": 1.0,
    "Word Class Web email or address": 0.0,
    "Word Class Punctuation": 0.9996676636756398,
    "Word Class Symbol": 1.0,
    "Word Class R Article": 0.957683741648107
  },
  "per_interval_accuracy": {
    "Subcategories": 0.9849951597289448,
    "Gender": 0.9814695108812755,
    "Number": 0.9922350791717418,
    "Case": 0.980176686059039,
    "Article": 0.993843786071566,
    "Proper Noun": 0.9942285494420932,
    "Degree": 0.986943421493137,
    "Declension": 0.9960988296488946,
    "Mood": 0.9896211728074727,
    "Voice": 0.9994810586403736,
    "Tense": 0.9932537623248573,
    "Person": 0.9879347054648687,
    "Definiteness": 0.9954337899543378
  },
  "per_interval_f1": {
    "Subcategories": 0.9800347860060222,
    "Gender": 0.9823854634593593,
    "Number": 0.9898780489106663,
    "Case": 0.9824610975449183,
    "Article": 0.993351827480051,
    "Proper Noun": 0.992318506616015,
    "Degree": 0.9811502218573256,
    "Declension": 0.9882976442116228,
    "Mood": 0.937105204224457,
    "Voice": 0.997620144421542,
    "Tense": 0.9934492838079567,
    "Person": 0.9671790887344371,
    "Definiteness": 0.9946012572414643
  },
  "learning_rate": 1.7e-05
}