{
  "epoch": 6,
  "mode": "multilabel",
  "fold": 1,
  "eval_decoder": "greedy",
  "mbr_threshold": 0.0,
  "train_loss": 0.15060612621135586,
  "val_loss": 0.2772900715470314,
  "train_composite_accuracy": 0.9788417545491651,
  "train_composite_micro_f1": 0.9788417545491651,
  "train_composite_macro_f1": 0.8098108065437689,
  "val_composite_accuracy": 0.9691532085789968,
  "val_composite_micro_f1": 0.9691532085789968,
  "val_composite_macro_f1": 0.8594092490167928,
  "per_word_class_accuracy": {
    "Word Class Noun": 0.9965371296652559,
    "Word Class Adjective": 0.9410745233968805,
    "Word Class Pronoun": 0.9831649831649831,
    "Word Class Number": 0.9815950920245399,
    "Word Class Verbs": 0.9968863518422418,
    "Word Class Participle": 0.953125,
    "Word Class Adverb": 0.9887966804979254,
    "Word Class Conjunctions": 0.9941666666666666,
    "Word Class Foreign words": 0.6923076923076923,
    "Word Class Unanalyzed word": 0.0,
    "Word Class Abbreviation": 0.8275862068965517,
    "Word Class Web email or address": 0.0,
    "Word Class Punctuation": 0.9993355481727575,
    "Word Class Symbol": 1.0,
    "Word Class R Article": 0.9771689497716894
  },
  "per_word_class_f1": {
    "Word Class Noun": 0.9948146725561743,
    "Word Class Adjective": 0.9559859154929579,
    "Word Class Pronoun": 0.9837170129140932,
    "Word Class Number": 0.9876543209876544,
    "Word Class Verbs": 0.9958527734577501,
    "Word Class Participle": 0.9384615384615383,
    "Word Class Adverb": 0.9890018676073874,
    "Word Class Conjunctions": 0.9916874480465502,
    "Word Class Foreign words": 0.7500000000000001,
    "Word Class Unanalyzed word": 0.0,
    "Word Class Abbreviation": 0.9056603773584906,
    "Word Class Web email or address": 0.0,
    "Word Class Punctuation": 0.9996676636756398,
    "Word Class Symbol": 1.0,
    "Word Class R Article": 0.9639639639639639
  },
  "per_interval_accuracy": {
    "Subcategories": 0.9835430784123911,
    "Gender": 0.9750053867700926,
    "Number": 0.9879719853836785,
    "Case": 0.9784529196293902,
    "Article": 0.9949980761831474,
    "Proper Noun": 0.9930742593305117,
    "Degree": 0.9872782055574155,
    "Declension": 0.9934980494148244,
    "Mood": 0.9901401141670991,
    "Voice": 0.9984431759211209,
    "Tense": 0.9932537623248573,
    "Person": 0.9879347054648687,
    "Definiteness": 0.9954337899543378
  },
  "per_interval_f1": {
    "Subcategories": 0.9762162654504708,
    "Gender": 0.9761139025718929,
    "Number": 0.9852688381741591,
    "Case": 0.9779093637370083,
    "Article": 0.9945971375878961,
    "Proper Noun": 0.9908149561775517,
    "Degree": 0.9797974298710506,
    "Declension": 0.9859581312875916,
    "Mood": 0.9857337548856729,
    "Voice": 0.9928604332646258,
    "Tense": 0.9934492838079567,
    "Person": 0.9726819377484616,
    "Definiteness": 0.9946012572414643
  },
  "learning_rate": 1.88e-05
}