{
  "epoch": 19,
  "mode": "multilabel",
  "fold": 1,
  "eval_decoder": "greedy",
  "mbr_threshold": 0.0,
  "train_loss": 0.02581261321895497,
  "val_loss": 0.31232028305530546,
  "train_composite_accuracy": 0.9959540639390552,
  "train_composite_micro_f1": 0.9959540639390552,
  "train_composite_macro_f1": 0.9581511751525633,
  "val_composite_accuracy": 0.97430644472898,
  "val_composite_micro_f1": 0.97430644472898,
  "val_composite_macro_f1": 0.8706735574897885,
  "per_word_class_accuracy": {
    "Word Class Noun": 0.9965371296652559,
    "Word Class Adjective": 0.9584055459272097,
    "Word Class Pronoun": 0.9831649831649831,
    "Word Class Number": 0.9815950920245399,
    "Word Class Verbs": 0.9984431759211209,
    "Word Class Participle": 0.9479166666666666,
    "Word Class Adverb": 0.9863070539419088,
    "Word Class Conjunctions": 0.995,
    "Word Class Foreign words": 0.8461538461538461,
    "Word Class Unanalyzed word": 0.0,
    "Word Class Abbreviation": 0.9655172413793104,
    "Word Class Web email or address": 0.0,
    "Word Class Punctuation": 0.9993355481727575,
    "Word Class Symbol": 1.0,
    "Word Class R Article": 0.9680365296803652
  },
  "per_word_class_f1": {
    "Word Class Noun": 0.9963454510482785,
    "Word Class Adjective": 0.9567474048442907,
    "Word Class Pronoun": 0.9809630459126539,
    "Word Class Number": 0.9846153846153846,
    "Word Class Verbs": 0.9976665802437127,
    "Word Class Participle": 0.9405684754521964,
    "Word Class Adverb": 0.9895920066611158,
    "Word Class Conjunctions": 0.9941715237302248,
    "Word Class Foreign words": 0.8461538461538461,
    "Word Class Unanalyzed word": 0.0,
    "Word Class Abbreviation": 0.9655172413793104,
    "Word Class Web email or address": 0.0,
    "Word Class Punctuation": 0.9996676636756398,
    "Word Class Symbol": 1.0,
    "Word Class R Article": 0.9592760180995475
  },
  "per_interval_accuracy": {
    "Subcategories": 0.9866085834140045,
    "Gender": 0.9819004524886877,
    "Number": 0.9913215590742996,
    "Case": 0.9842706313294548,
    "Article": 0.9949980761831474,
    "Proper Noun": 0.9942285494420932,
    "Degree": 0.986943421493137,
    "Declension": 0.9973992197659298,
    "Mood": 0.9896211728074727,
    "Voice": 0.9994810586403736,
    "Tense": 0.9937727036844837,
    "Person": 0.9886444286728177,
    "Definiteness": 0.9863013698630136
  },
  "per_interval_f1": {
    "Subcategories": 0.979567073332865,
    "Gender": 0.9828668066694085,
    "Number": 0.9890938353032525,
    "Case": 0.9853827224568242,
    "Article": 0.9945995797879439,
    "Proper Noun": 0.9923341428840258,
    "Degree": 0.9781957281295892,
    "Declension": 0.9950081310145594,
    "Mood": 0.9867986399565767,
    "Voice": 0.997620144421542,
    "Tense": 0.9942442644650639,
    "Person": 0.9754088421145354,
    "Definiteness": 0.9839383938393839
  },
  "learning_rate": 1.62e-05
}