{
  "epoch": 11,
  "mode": "multilabel",
  "fold": 1,
  "eval_decoder": "greedy",
  "mbr_threshold": 0.0,
  "train_loss": 0.05906228311739461,
  "val_loss": 0.30115875601768494,
  "train_composite_accuracy": 0.9900103308722479,
  "train_composite_micro_f1": 0.9900103308722479,
  "train_composite_macro_f1": 0.9038846124746167,
  "val_composite_accuracy": 0.9713212700580403,
  "val_composite_micro_f1": 0.9713212700580403,
  "val_composite_macro_f1": 0.8821065404498213,
  "per_word_class_accuracy": {
    "Word Class Noun": 0.9961523662947287,
    "Word Class Adjective": 0.9566724436741768,
    "Word Class Pronoun": 0.9842873176206509,
    "Word Class Number": 0.9815950920245399,
    "Word Class Verbs": 0.9979242345614946,
    "Word Class Participle": 0.9427083333333334,
    "Word Class Adverb": 0.9838174273858921,
    "Word Class Conjunctions": 0.9958333333333333,
    "Word Class Foreign words": 0.8461538461538461,
    "Word Class Unanalyzed word": 0.0,
    "Word Class Abbreviation": 0.9655172413793104,
    "Word Class Web email or address": 0.0,
    "Word Class Punctuation": 0.9993355481727575,
    "Word Class Symbol": 1.0,
    "Word Class R Article": 0.9771689497716894
  },
  "per_word_class_f1": {
    "Word Class Noun": 0.9969195225259916,
    "Word Class Adjective": 0.9575021682567216,
    "Word Class Pronoun": 0.980435997764114,
    "Word Class Number": 0.9876543209876544,
    "Word Class Verbs": 0.9968895800933126,
    "Word Class Participle": 0.9427083333333334,
    "Word Class Adverb": 0.9883284701959149,
    "Word Class Conjunctions": 0.991701244813278,
    "Word Class Foreign words": 0.7857142857142856,
    "Word Class Unanalyzed word": 0.0,
    "Word Class Abbreviation": 0.9655172413793104,
    "Word Class Web email or address": 0.0,
    "Word Class Punctuation": 0.9996676636756398,
    "Word Class Symbol": 1.0,
    "Word Class R Article": 0.9596412556053812
  },
  "per_interval_accuracy": {
    "Subcategories": 0.9827363665698613,
    "Gender": 0.9823313940960999,
    "Number": 0.9917783191230207,
    "Case": 0.9814695108812755,
    "Article": 0.993843786071566,
    "Proper Noun": 0.9934590227010388,
    "Degree": 0.9849347171074657,
    "Declension": 0.9934980494148244,
    "Mood": 0.9906590555267255,
    "Voice": 0.9994810586403736,
    "Tense": 0.9932537623248573,
    "Person": 0.9900638750887154,
    "Definiteness": 0.9908675799086758
  },
  "per_interval_f1": {
    "Subcategories": 0.97789154095734,
    "Gender": 0.9839607686308688,
    "Number": 0.990154312519213,
    "Case": 0.9839682404110496,
    "Article": 0.9933548276576216,
    "Proper Noun": 0.991303183924777,
    "Degree": 0.9790267215132921,
    "Declension": 0.9887573285000725,
    "Mood": 0.987622105237133,
    "Voice": 0.997620144421542,
    "Tense": 0.9929503437206213,
    "Person": 0.9763595769302225,
    "Definiteness": 0.9892478397486253
  },
  "learning_rate": 1.7800000000000002e-05
}