{
  "epoch": 1,
  "mode": "multilabel",
  "fold": 1,
  "eval_decoder": "greedy",
  "mbr_threshold": 0.0,
  "train_loss": 3.1725217439722284,
  "val_loss": 0.7737826228141784,
  "train_composite_accuracy": 0.7166365087812666,
  "train_composite_micro_f1": 0.7166365087812666,
  "train_composite_macro_f1": 0.2615214239551653,
  "val_composite_accuracy": 0.9195650297747475,
  "val_composite_micro_f1": 0.9195650297747475,
  "val_composite_macro_f1": 0.6278726904433807,
  "per_word_class_accuracy": {
    "Word Class Noun": 0.9961523662947287,
    "Word Class Adjective": 0.902946273830156,
    "Word Class Pronoun": 0.9876543209876543,
    "Word Class Number": 0.9447852760736196,
    "Word Class Verbs": 0.9948105864037364,
    "Word Class Participle": 0.9166666666666666,
    "Word Class Adverb": 0.9904564315352697,
    "Word Class Conjunctions": 0.9925,
    "Word Class Foreign words": 0.0,
    "Word Class Unanalyzed word": 0.0,
    "Word Class Abbreviation": 0.0,
    "Word Class Web email or address": 0.0,
    "Word Class Punctuation": 0.9993355481727575,
    "Word Class Symbol": 0.0,
    "Word Class R Article": 0.9406392694063926
  },
  "per_word_class_f1": {
    "Word Class Noun": 0.9911944869831547,
    "Word Class Adjective": 0.9253996447602131,
    "Word Class Pronoun": 0.9777777777777777,
    "Word Class Number": 0.971608832807571,
    "Word Class Verbs": 0.9961028838659393,
    "Word Class Participle": 0.9025641025641026,
    "Word Class Adverb": 0.9837214094374614,
    "Word Class Conjunctions": 0.9912609238451936,
    "Word Class Foreign words": 0.0,
    "Word Class Unanalyzed word": 0.0,
    "Word Class Abbreviation": 0.0,
    "Word Class Web email or address": 0.0,
    "Word Class Punctuation": 0.9976782752902156,
    "Word Class Symbol": 0.0,
    "Word Class R Article": 0.9493087557603686
  },
  "per_interval_accuracy": {
    "Subcategories": 0.9617618586640851,
    "Gender": 0.9429002370178841,
    "Number": 0.9792935444579781,
    "Case": 0.9276018099547512,
    "Article": 0.9857637552904963,
    "Proper Noun": 0.9884570988841862,
    "Degree": 0.9681955138935386,
    "Declension": 0.9674902470741222,
    "Mood": 0.9859885832900882,
    "Voice": 0.9418785677218474,
    "Tense": 0.9891022314478464,
    "Person": 0.9797728885734563,
    "Definiteness": 0.9954337899543378
  },
  "per_interval_f1": {
    "Subcategories": 0.8021683769757325,
    "Gender": 0.9440092023013522,
    "Number": 0.9737279918887185,
    "Case": 0.82655588530438,
    "Article": 0.9846842523636657,
    "Proper Noun": 0.984768390454311,
    "Degree": 0.8655644880513209,
    "Declension": 0.9431029277233159,
    "Mood": 0.7332099846559234,
    "Voice": 0.4850347407803314,
    "Tense": 0.9893732961592866,
    "Person": 0.7229024860371323,
    "Definiteness": 0.9946012572414643
  },
  "learning_rate": 1.98e-05
}