{
  "epoch": 14,
  "mode": "multilabel",
  "fold": 1,
  "eval_decoder": "greedy",
  "mbr_threshold": 0.0,
  "train_loss": 0.04505284905319781,
  "val_loss": 0.3104961574077606,
  "train_composite_accuracy": 0.9925414155199211,
  "train_composite_micro_f1": 0.9925414155199211,
  "train_composite_macro_f1": 0.9198619086807669,
  "val_composite_accuracy": 0.9733674775928297,
  "val_composite_micro_f1": 0.9733674775928296,
  "val_composite_macro_f1": 0.8884663119741186,
  "per_word_class_accuracy": {
    "Word Class Noun": 0.9953828395536745,
    "Word Class Adjective": 0.9705372616984402,
    "Word Class Pronoun": 0.9854096520763187,
    "Word Class Number": 0.9815950920245399,
    "Word Class Verbs": 0.9989621172807472,
    "Word Class Participle": 0.9322916666666666,
    "Word Class Adverb": 0.9883817427385893,
    "Word Class Conjunctions": 0.9933333333333333,
    "Word Class Foreign words": 0.8461538461538461,
    "Word Class Unanalyzed word": 0.0,
    "Word Class Abbreviation": 1.0,
    "Word Class Web email or address": 0.0,
    "Word Class Punctuation": 0.9993355481727575,
    "Word Class Symbol": 1.0,
    "Word Class R Article": 0.9726027397260274
  },
  "per_word_class_f1": {
    "Word Class Noun": 0.9967251011365824,
    "Word Class Adjective": 0.960548885077187,
    "Word Class Pronoun": 0.9804578447794529,
    "Word Class Number": 0.9876543209876544,
    "Word Class Verbs": 0.9971509971509971,
    "Word Class Participle": 0.9496021220159151,
    "Word Class Adverb": 0.9908485856905158,
    "Word Class Conjunctions": 0.9954070981210855,
    "Word Class Foreign words": 0.8461538461538461,
    "Word Class Unanalyzed word": 0.0,
    "Word Class Abbreviation": 0.9666666666666666,
    "Word Class Web email or address": 0.0,
    "Word Class Punctuation": 0.9996676636756398,
    "Word Class Symbol": 1.0,
    "Word Class R Article": 0.9616252821670428
  },
  "per_interval_accuracy": {
    "Subcategories": 0.9854791868344628,
    "Gender": 0.9819004524886877,
    "Number": 0.9913215590742996,
    "Case": 0.9812540400775694,
    "Article": 0.9926894959599846,
    "Proper Noun": 0.9942285494420932,
    "Degree": 0.9896216940073652,
    "Declension": 0.9960988296488946,
    "Mood": 0.9906590555267255,
    "Voice": 0.9989621172807472,
    "Tense": 0.99429164504411,
    "Person": 0.9897090134847409,
    "Definiteness": 0.9908675799086758
  },
  "per_interval_f1": {
    "Subcategories": 0.9805965568986045,
    "Gender": 0.9829407916214391,
    "Number": 0.9893257915486936,
    "Case": 0.9809470792663578,
    "Article": 0.9921141769949746,
    "Proper Noun": 0.9923341428840258,
    "Degree": 0.9821202190874988,
    "Declension": 0.9911081502118261,
    "Mood": 0.9386604242092322,
    "Voice": 0.9952201650990196,
    "Tense": 0.9943867332262609,
    "Person": 0.9704594221396134,
    "Definiteness": 0.9892478397486253
  },
  "learning_rate": 1.72e-05
}