{
  "epoch": 8,
  "mode": "multilabel",
  "fold": 1,
  "eval_decoder": "greedy",
  "mbr_threshold": 0.0,
  "train_loss": 0.09830926623591256,
  "val_loss": 0.29199611842632295,
  "train_composite_accuracy": 0.9853192215773301,
  "train_composite_micro_f1": 0.9853192215773301,
  "train_composite_macro_f1": 0.8574951146098982,
  "val_composite_accuracy": 0.9715506193934216,
  "val_composite_micro_f1": 0.9715506193934216,
  "val_composite_macro_f1": 0.8727520417816504,
  "per_word_class_accuracy": {
    "Word Class Noun": 0.9961523662947287,
    "Word Class Adjective": 0.9670710571923743,
    "Word Class Pronoun": 0.9854096520763187,
    "Word Class Number": 0.9815950920245399,
    "Word Class Verbs": 0.9958484691229891,
    "Word Class Participle": 0.9114583333333334,
    "Word Class Adverb": 0.9887966804979254,
    "Word Class Conjunctions": 0.995,
    "Word Class Foreign words": 0.7692307692307693,
    "Word Class Unanalyzed word": 0.0,
    "Word Class Abbreviation": 1.0,
    "Word Class Web email or address": 0.0,
    "Word Class Punctuation": 0.9993355481727575,
    "Word Class Symbol": 1.0,
    "Word Class R Article": 0.9726027397260274
  },
  "per_word_class_f1": {
    "Word Class Noun": 0.9961523662947287,
    "Word Class Adjective": 0.9612403100775194,
    "Word Class Pronoun": 0.9837535014005602,
    "Word Class Number": 0.9846153846153846,
    "Word Class Verbs": 0.9953319502074689,
    "Word Class Participle": 0.9259259259259259,
    "Word Class Adverb": 0.9906464352525463,
    "Word Class Conjunctions": 0.9941715237302248,
    "Word Class Foreign words": 0.8333333333333333,
    "Word Class Unanalyzed word": 0.0,
    "Word Class Abbreviation": 0.983050847457627,
    "Word Class Web email or address": 0.0,
    "Word Class Punctuation": 0.9996676636756398,
    "Word Class Symbol": 1.0,
    "Word Class R Article": 0.9616252821670428
  },
  "per_interval_accuracy": {
    "Subcategories": 0.9856405292029687,
    "Gender": 0.9778065072182719,
    "Number": 0.9891900121802679,
    "Case": 0.9799612152553329,
    "Article": 0.9946133128126202,
    "Proper Noun": 0.9946133128126202,
    "Degree": 0.9892869099430867,
    "Declension": 0.9934980494148244,
    "Mood": 0.9880643487285937,
    "Voice": 0.9984431759211209,
    "Tense": 0.9922158796056045,
    "Person": 0.9879347054648687,
    "Definiteness": 0.9863013698630136
  },
  "per_interval_f1": {
    "Subcategories": 0.9797153496339993,
    "Gender": 0.9787966160684461,
    "Number": 0.9869611930169745,
    "Case": 0.9803397034363845,
    "Article": 0.994180214071387,
    "Proper Noun": 0.9928342644496331,
    "Degree": 0.98180307626374,
    "Declension": 0.9859581312875916,
    "Mood": 0.9841549597285455,
    "Voice": 0.9927997877674859,
    "Tense": 0.9923620395405415,
    "Person": 0.9602068144045179,
    "Definiteness": 0.9839383938393839
  },
  "learning_rate": 1.8400000000000003e-05
}