{
  "epoch": 18,
  "mode": "multilabel",
  "fold": 1,
  "eval_decoder": "greedy",
  "mbr_threshold": 0.0,
  "train_loss": 0.0221206658876337,
  "val_loss": 0.30865714997053145,
  "train_composite_accuracy": 0.9960683631127195,
  "train_composite_micro_f1": 0.9960683631127195,
  "train_composite_macro_f1": 0.956207245581205,
  "val_composite_accuracy": 0.9747418721733936,
  "val_composite_micro_f1": 0.9747418721733936,
  "val_composite_macro_f1": 0.8868391886713467,
  "per_word_class_accuracy": {
    "Word Class Noun": 0.996921893035783,
    "Word Class Adjective": 0.9670710571923743,
    "Word Class Pronoun": 0.9854096520763187,
    "Word Class Number": 0.9815950920245399,
    "Word Class Verbs": 0.9979242345614946,
    "Word Class Participle": 0.921875,
    "Word Class Adverb": 0.9879668049792532,
    "Word Class Conjunctions": 0.995,
    "Word Class Foreign words": 0.8461538461538461,
    "Word Class Unanalyzed word": 0.0,
    "Word Class Abbreviation": 0.9655172413793104,
    "Word Class Web email or address": 0.0,
    "Word Class Punctuation": 0.9993355481727575,
    "Word Class Symbol": 1.0,
    "Word Class R Article": 0.9726027397260274
  },
  "per_word_class_f1": {
    "Word Class Noun": 0.9973056197074672,
    "Word Class Adjective": 0.9562982005141388,
    "Word Class Pronoun": 0.9832026875699887,
    "Word Class Number": 0.9876543209876544,
    "Word Class Verbs": 0.9976653696498056,
    "Word Class Participle": 0.9315789473684212,
    "Word Class Adverb": 0.9908447773616313,
    "Word Class Conjunctions": 0.9945855893377759,
    "Word Class Foreign words": 0.8461538461538461,
    "Word Class Unanalyzed word": 0.0,
    "Word Class Abbreviation": 0.9655172413793104,
    "Word Class Web email or address": 0.0,
    "Word Class Punctuation": 0.9996676636756398,
    "Word Class Symbol": 1.0,
    "Word Class R Article": 0.9616252821670428
  },
  "per_interval_accuracy": {
    "Subcategories": 0.9861245563084866,
    "Gender": 0.9836242189183365,
    "Number": 0.9908647990255786,
    "Case": 0.9840551605257487,
    "Article": 0.9957676029242016,
    "Proper Noun": 0.9965371296652559,
    "Degree": 0.9892869099430867,
    "Declension": 0.9973992197659298,
    "Mood": 0.9901401141670991,
    "Voice": 0.9994810586403736,
    "Tense": 0.99429164504411,
    "Person": 0.988999290276792,
    "Definiteness": 0.9908675799086758
  },
  "per_interval_f1": {
    "Subcategories": 0.9798629874772427,
    "Gender": 0.9845499627281652,
    "Number": 0.9887693205148084,
    "Case": 0.987383234750947,
    "Article": 0.9954283471897584,
    "Proper Noun": 0.9953863878025964,
    "Degree": 0.9818386764587681,
    "Declension": 0.9922740878569695,
    "Mood": 0.9382482848282425,
    "Voice": 0.997620144421542,
    "Tense": 0.9948678924155764,
    "Person": 0.970020222713683,
    "Definiteness": 0.9892478397486253
  },
  "learning_rate": 1.64e-05
}