{
  "epoch": 5,
  "mode": "multilabel",
  "fold": 1,
  "eval_decoder": "greedy",
  "mbr_threshold": 0.0,
  "train_loss": 0.18968858865931565,
  "val_loss": 0.28727134466171267,
  "train_composite_accuracy": 0.9749069219664159,
  "train_composite_micro_f1": 0.9749069219664159,
  "train_composite_macro_f1": 0.773343401799457,
  "val_composite_accuracy": 0.967356007520082,
  "val_composite_micro_f1": 0.967356007520082,
  "val_composite_macro_f1": 0.8504645359230838,
  "per_word_class_accuracy": {
    "Word Class Noun": 0.9980761831473643,
    "Word Class Adjective": 0.9670710571923743,
    "Word Class Pronoun": 0.9854096520763187,
    "Word Class Number": 0.9815950920245399,
    "Word Class Verbs": 0.9963674104826155,
    "Word Class Participle": 0.9322916666666666,
    "Word Class Adverb": 0.9817427385892116,
    "Word Class Conjunctions": 0.9941666666666666,
    "Word Class Foreign words": 0.7692307692307693,
    "Word Class Unanalyzed word": 0.0,
    "Word Class Abbreviation": 1.0,
    "Word Class Web email or address": 0.0,
    "Word Class Punctuation": 0.9993355481727575,
    "Word Class Symbol": 1.0,
    "Word Class R Article": 0.9680365296803652
  },
  "per_word_class_f1": {
    "Word Class Noun": 0.9969254419677172,
    "Word Class Adjective": 0.9562982005141388,
    "Word Class Pronoun": 0.9793641940881205,
    "Word Class Number": 0.9846153846153846,
    "Word Class Verbs": 0.995850622406639,
    "Word Class Participle": 0.9298701298701298,
    "Word Class Adverb": 0.9887170915169243,
    "Word Class Conjunctions": 0.9937526030820492,
    "Word Class Foreign words": 0.8333333333333333,
    "Word Class Unanalyzed word": 0.0,
    "Word Class Abbreviation": 0.983050847457627,
    "Word Class Web email or address": 0.0,
    "Word Class Punctuation": 0.9996676636756398,
    "Word Class Symbol": 1.0,
    "Word Class R Article": 0.9592760180995475
  },
  "per_interval_accuracy": {
    "Subcategories": 0.9780574378831881,
    "Gender": 0.9788838612368024,
    "Number": 0.988733252131547,
    "Case": 0.9803921568627451,
    "Article": 0.9953828395536745,
    "Proper Noun": 0.996921893035783,
    "Degree": 0.9825912286575159,
    "Declension": 0.988296488946684,
    "Mood": 0.9896211728074727,
    "Voice": 0.9968863518422418,
    "Tense": 0.9932537623248573,
    "Person": 0.9893541518807665,
    "Definiteness": 0.9863013698630136
  },
  "per_interval_f1": {
    "Subcategories": 0.9684371872398416,
    "Gender": 0.9799239016525914,
    "Number": 0.9866301763467877,
    "Case": 0.9800617976199751,
    "Article": 0.9950138706100382,
    "Proper Noun": 0.9958926948757457,
    "Degree": 0.9735246238014943,
    "Declension": 0.978367752973401,
    "Mood": 0.9348954580282814,
    "Voice": 0.9857806965761511,
    "Tense": 0.9932885455366044,
    "Person": 0.9675842226130573,
    "Definiteness": 0.9839383938393839
  },
  "learning_rate": 1.9e-05
}