{
  "epoch": 7,
  "mode": "multilabel",
  "fold": 1,
  "eval_decoder": "greedy",
  "mbr_threshold": 0.0,
  "train_loss": 0.12022925051148801,
  "val_loss": 0.30819313377141955,
  "train_composite_accuracy": 0.9819929224025882,
  "train_composite_micro_f1": 0.9819929224025882,
  "train_composite_macro_f1": 0.8174638078392061,
  "val_composite_accuracy": 0.9695132365499572,
  "val_composite_micro_f1": 0.9695132365499572,
  "val_composite_macro_f1": 0.8786757678799545,
  "per_word_class_accuracy": {
    "Word Class Noun": 0.9976914197768373,
    "Word Class Adjective": 0.9566724436741768,
    "Word Class Pronoun": 0.9842873176206509,
    "Word Class Number": 0.9815950920245399,
    "Word Class Verbs": 0.9974052932018682,
    "Word Class Participle": 0.9322916666666666,
    "Word Class Adverb": 0.9829875518672199,
    "Word Class Conjunctions": 0.9958333333333333,
    "Word Class Foreign words": 0.6923076923076923,
    "Word Class Unanalyzed word": 0.0,
    "Word Class Abbreviation": 0.9655172413793104,
    "Word Class Web email or address": 0.0,
    "Word Class Punctuation": 0.9993355481727575,
    "Word Class Symbol": 1.0,
    "Word Class R Article": 0.9680365296803652
  },
  "per_word_class_f1": {
    "Word Class Noun": 0.9948206407059276,
    "Word Class Adjective": 0.9558441558441559,
    "Word Class Pronoun": 0.9809843400447428,
    "Word Class Number": 0.9846153846153846,
    "Word Class Verbs": 0.9963711767755313,
    "Word Class Participle": 0.93717277486911,
    "Word Class Adverb": 0.989144050104384,
    "Word Class Conjunctions": 0.9933499584372403,
    "Word Class Foreign words": 0.7826086956521738,
    "Word Class Unanalyzed word": 0.0,
    "Word Class Abbreviation": 0.9655172413793104,
    "Word Class Web email or address": 0.0,
    "Word Class Punctuation": 0.9996676636756398,
    "Word Class Symbol": 1.0,
    "Word Class R Article": 0.9549549549549549
  },
  "per_interval_accuracy": {
    "Subcategories": 0.9820909970958374,
    "Gender": 0.9778065072182719,
    "Number": 0.9885809987819733,
    "Case": 0.9806076276664512,
    "Article": 0.9946133128126202,
    "Proper Noun": 0.9957676029242016,
    "Degree": 0.9852695011717443,
    "Declension": 0.9947984395318595,
    "Mood": 0.9906590555267255,
    "Voice": 0.9979242345614946,
    "Tense": 0.9937727036844837,
    "Person": 0.9893541518807665,
    "Definiteness": 0.9863013698630136
  },
  "per_interval_f1": {
    "Subcategories": 0.9715144410836012,
    "Gender": 0.9780646837369016,
    "Number": 0.9856508222968943,
    "Case": 0.9824563100249628,
    "Article": 0.9941775692559782,
    "Proper Noun": 0.9943611406476178,
    "Degree": 0.9762273330384785,
    "Declension": 0.9899333775711505,
    "Mood": 0.988374178700026,
    "Voice": 0.9903587331765648,
    "Tense": 0.993910859965562,
    "Person": 0.9756667057709645,
    "Definiteness": 0.9839383938393839
  },
  "learning_rate": 1.86e-05
}