{
  "epoch": 13,
  "mode": "multilabel",
  "fold": 1,
  "eval_decoder": "greedy",
  "mbr_threshold": 0.0,
  "train_loss": 0.04606017640017765,
  "val_loss": 0.29668726623058317,
  "train_composite_accuracy": 0.9922557039536669,
  "train_composite_micro_f1": 0.9922557039536669,
  "train_composite_macro_f1": 0.9004745870699914,
  "val_composite_accuracy": 0.9734551041311028,
  "val_composite_micro_f1": 0.9734551041311028,
  "val_composite_macro_f1": 0.8971018143268205,
  "per_word_class_accuracy": {
    "Word Class Noun": 0.9957676029242016,
    "Word Class Adjective": 0.9653379549393414,
    "Word Class Pronoun": 0.9854096520763187,
    "Word Class Number": 0.9754601226993865,
    "Word Class Verbs": 0.9989621172807472,
    "Word Class Participle": 0.9270833333333334,
    "Word Class Adverb": 0.9879668049792532,
    "Word Class Conjunctions": 0.995,
    "Word Class Foreign words": 0.9230769230769231,
    "Word Class Unanalyzed word": 0.0,
    "Word Class Abbreviation": 1.0,
    "Word Class Web email or address": 0.0,
    "Word Class Punctuation": 0.9993355481727575,
    "Word Class Symbol": 1.0,
    "Word Class R Article": 0.9634703196347032
  },
  "per_word_class_f1": {
    "Word Class Noun": 0.9967263624109378,
    "Word Class Adjective": 0.9620034542314335,
    "Word Class Pronoun": 0.9810055865921787,
    "Word Class Number": 0.9845201238390093,
    "Word Class Verbs": 0.9966347398395028,
    "Word Class Participle": 0.9417989417989417,
    "Word Class Adverb": 0.9908447773616313,
    "Word Class Conjunctions": 0.9941715237302248,
    "Word Class Foreign words": 0.8275862068965517,
    "Word Class Unanalyzed word": 0.0,
    "Word Class Abbreviation": 0.983050847457627,
    "Word Class Web email or address": 0.0,
    "Word Class Punctuation": 0.9996676636756398,
    "Word Class Symbol": 1.0,
    "Word Class R Article": 0.9569160997732427
  },
  "per_interval_accuracy": {
    "Subcategories": 0.9862858986769926,
    "Gender": 0.9810385692738633,
    "Number": 0.991626065773447,
    "Case": 0.9803921568627451,
    "Article": 0.9942285494420932,
    "Proper Noun": 0.9946133128126202,
    "Degree": 0.9892869099430867,
    "Declension": 0.9947984395318595,
    "Mood": 0.9906590555267255,
    "Voice": 0.9994810586403736,
    "Tense": 0.9948105864037364,
    "Person": 0.9886444286728177,
    "Definiteness": 0.9908675799086758
  },
  "per_interval_f1": {
    "Subcategories": 0.9822824478402481,
    "Gender": 0.9815036918259901,
    "Number": 0.9895352538162595,
    "Case": 0.9798656343014649,
    "Article": 0.9937687459091661,
    "Proper Noun": 0.9928342644496331,
    "Degree": 0.983455389816834,
    "Declension": 0.9842422242389243,
    "Mood": 0.9388542177458974,
    "Voice": 0.997620144421542,
    "Tense": 0.9953324998511639,
    "Person": 0.9688651056092995,
    "Definiteness": 0.9892478397486253
  },
  "learning_rate": 1.7400000000000003e-05
}