{
  "epoch": 17,
  "mode": "multilabel",
  "fold": 1,
  "eval_decoder": "greedy",
  "mbr_threshold": 0.0,
  "train_loss": 0.028457574366715234,
  "val_loss": 0.2970539152622223,
  "train_composite_accuracy": 0.9949025515666601,
  "train_composite_micro_f1": 0.9949025515666601,
  "train_composite_macro_f1": 0.9582893141414018,
  "val_composite_accuracy": 0.9737044309741313,
  "val_composite_micro_f1": 0.9737044309741313,
  "val_composite_macro_f1": 0.8753814233272503,
  "per_word_class_accuracy": {
    "Word Class Noun": 0.9957676029242016,
    "Word Class Adjective": 0.9618717504332756,
    "Word Class Pronoun": 0.9854096520763187,
    "Word Class Number": 0.9815950920245399,
    "Word Class Verbs": 0.9989621172807472,
    "Word Class Participle": 0.9166666666666666,
    "Word Class Adverb": 0.9900414937759336,
    "Word Class Conjunctions": 0.9958333333333333,
    "Word Class Foreign words": 0.7692307692307693,
    "Word Class Unanalyzed word": 0.0,
    "Word Class Abbreviation": 1.0,
    "Word Class Web email or address": 0.0,
    "Word Class Punctuation": 0.9993355481727575,
    "Word Class Symbol": 1.0,
    "Word Class R Article": 0.9680365296803652
  },
  "per_word_class_f1": {
    "Word Class Noun": 0.9965344628417405,
    "Word Class Adjective": 0.9602076124567474,
    "Word Class Pronoun": 0.9859629421673217,
    "Word Class Number": 0.9846153846153846,
    "Word Class Verbs": 0.996376811594203,
    "Word Class Participle": 0.9386666666666665,
    "Word Class Adverb": 0.9910695742471445,
    "Word Class Conjunctions": 0.9933499584372403,
    "Word Class Foreign words": 0.8,
    "Word Class Unanalyzed word": 0.0,
    "Word Class Abbreviation": 0.983050847457627,
    "Word Class Web email or address": 0.0,
    "Word Class Punctuation": 0.9996676636756398,
    "Word Class Symbol": 1.0,
    "Word Class R Article": 0.9592760180995475
  },
  "per_interval_accuracy": {
    "Subcategories": 0.9867699257825104,
    "Gender": 0.9803921568627451,
    "Number": 0.9917783191230207,
    "Case": 0.9812540400775694,
    "Article": 0.9942285494420932,
    "Proper Noun": 0.9949980761831474,
    "Degree": 0.9889521258788082,
    "Declension": 0.9973992197659298,
    "Mood": 0.9906590555267255,
    "Voice": 0.9994810586403736,
    "Tense": 0.99429164504411,
    "Person": 0.9897090134847409,
    "Definiteness": 0.9863013698630136
  },
  "per_interval_f1": {
    "Subcategories": 0.9805525853817525,
    "Gender": 0.981697416785712,
    "Number": 0.9894557648404168,
    "Case": 0.9819958156348949,
    "Article": 0.9937687459091661,
    "Proper Noun": 0.9933427057338797,
    "Degree": 0.980055768252257,
    "Declension": 0.9922740878569695,
    "Mood": 0.9386604242092322,
    "Voice": 0.997620144421542,
    "Tense": 0.9947122019255605,
    "Person": 0.9705347308811859,
    "Definiteness": 0.9839383938393839
  },
  "learning_rate": 1.66e-05
}