{
  "epoch": 2,
  "mode": "multilabel",
  "fold": 1,
  "eval_decoder": "greedy",
  "mbr_threshold": 0.0,
  "train_loss": 0.6748016120912033,
  "val_loss": 0.4195058971643448,
  "train_composite_accuracy": 0.9266268450979266,
  "train_composite_micro_f1": 0.9266268450979266,
  "train_composite_macro_f1": 0.5524168647968056,
  "val_composite_accuracy": 0.9556641797444473,
  "val_composite_micro_f1": 0.9556641797444473,
  "val_composite_macro_f1": 0.7611105136151274,
  "per_word_class_accuracy": {
    "Word Class Noun": 0.996921893035783,
    "Word Class Adjective": 0.9601386481802426,
    "Word Class Pronoun": 0.9831649831649831,
    "Word Class Number": 0.9754601226993865,
    "Word Class Verbs": 0.9922158796056045,
    "Word Class Participle": 0.9010416666666666,
    "Word Class Adverb": 0.9838174273858921,
    "Word Class Conjunctions": 0.9908333333333333,
    "Word Class Foreign words": 0.46153846153846156,
    "Word Class Unanalyzed word": 0.0,
    "Word Class Abbreviation": 0.7241379310344828,
    "Word Class Web email or address": 0.0,
    "Word Class Punctuation": 1.0,
    "Word Class Symbol": 0.0,
    "Word Class R Article": 0.9908675799086758
  },
  "per_word_class_f1": {
    "Word Class Noun": 0.9944348493571291,
    "Word Class Adjective": 0.9405772495755518,
    "Word Class Pronoun": 0.9782244556113903,
    "Word Class Number": 0.9875776397515528,
    "Word Class Verbs": 0.995055945875618,
    "Word Class Participle": 0.9153439153439152,
    "Word Class Adverb": 0.987299604413908,
    "Word Class Conjunctions": 0.9933166248955722,
    "Word Class Foreign words": 0.631578947368421,
    "Word Class Unanalyzed word": 0.0,
    "Word Class Abbreviation": 0.7924528301886793,
    "Word Class Web email or address": 0.0,
    "Word Class Punctuation": 1.0,
    "Word Class Symbol": 0.0,
    "Word Class R Article": 0.9623059866962306
  },
  "per_interval_accuracy": {
    "Subcategories": 0.9737011939335269,
    "Gender": 0.9681103210514975,
    "Number": 0.9862971985383678,
    "Case": 0.9681103210514975,
    "Article": 0.9919199692189303,
    "Proper Noun": 0.990765679107349,
    "Degree": 0.9825912286575159,
    "Declension": 0.9921976592977894,
    "Mood": 0.98287493513233,
    "Voice": 0.9911779968863519,
    "Tense": 0.98858329008822,
    "Person": 0.9794180269694819,
    "Definiteness": 0.9908675799086758
  },
  "per_interval_f1": {
    "Subcategories": 0.857857172664395,
    "Gender": 0.9686565686928699,
    "Number": 0.982549176548912,
    "Case": 0.9506088404949778,
    "Article": 0.9912801746553266,
    "Proper Noun": 0.9877033280027252,
    "Degree": 0.9609972886761723,
    "Declension": 0.9813699227888147,
    "Mood": 0.7329951424528794,
    "Voice": 0.956998181949449,
    "Tense": 0.9889665153376835,
    "Person": 0.8820733242265999,
    "Definiteness": 0.9892478397486253
  },
  "learning_rate": 1.9600000000000002e-05
}