{
  "epoch": 12,
  "mode": "multilabel",
  "fold": 1,
  "eval_decoder": "greedy",
  "mbr_threshold": 0.0,
  "train_loss": 0.049925721674788814,
  "val_loss": 0.3146906137466431,
  "train_composite_accuracy": 0.9912800341216056,
  "train_composite_micro_f1": 0.9912800341216056,
  "train_composite_macro_f1": 0.9068849557039051,
  "val_composite_accuracy": 0.9725138711054204,
  "val_composite_micro_f1": 0.9725138711054204,
  "val_composite_macro_f1": 0.8793355295372266,
  "per_word_class_accuracy": {
    "Word Class Noun": 0.9946133128126202,
    "Word Class Adjective": 0.9653379549393414,
    "Word Class Pronoun": 0.9865319865319865,
    "Word Class Number": 0.9877300613496932,
    "Word Class Verbs": 0.9984431759211209,
    "Word Class Participle": 0.9375,
    "Word Class Adverb": 0.9863070539419088,
    "Word Class Conjunctions": 0.9966666666666667,
    "Word Class Foreign words": 0.8461538461538461,
    "Word Class Unanalyzed word": 0.0,
    "Word Class Abbreviation": 0.9655172413793104,
    "Word Class Web email or address": 0.0,
    "Word Class Punctuation": 0.9993355481727575,
    "Word Class Symbol": 1.0,
    "Word Class R Article": 0.958904109589041
  },
  "per_word_class_f1": {
    "Word Class Noun": 0.9967225756699442,
    "Word Class Adjective": 0.9611734253666955,
    "Word Class Pronoun": 0.9810267857142857,
    "Word Class Number": 0.9877300613496932,
    "Word Class Verbs": 0.9963749352667012,
    "Word Class Participle": 0.9375,
    "Word Class Adverb": 0.9904166666666667,
    "Word Class Conjunctions": 0.9933554817275748,
    "Word Class Foreign words": 0.7857142857142856,
    "Word Class Unanalyzed word": 0.0,
    "Word Class Abbreviation": 0.9655172413793104,
    "Word Class Web email or address": 0.0,
    "Word Class Punctuation": 0.9996676636756398,
    "Word Class Symbol": 1.0,
    "Word Class R Article": 0.958904109589041
  },
  "per_interval_accuracy": {
    "Subcategories": 0.9861245563084866,
    "Gender": 0.9808230984701573,
    "Number": 0.9910170523751523,
    "Case": 0.9812540400775694,
    "Article": 0.9919199692189303,
    "Proper Noun": 0.9923047325894575,
    "Degree": 0.986943421493137,
    "Declension": 0.9947984395318595,
    "Mood": 0.9911779968863519,
    "Voice": 0.9994810586403736,
    "Tense": 0.9937727036844837,
    "Person": 0.9900638750887154,
    "Definiteness": 0.9863013698630136
  },
  "per_interval_f1": {
    "Subcategories": 0.9803384428919143,
    "Gender": 0.9822821577104295,
    "Number": 0.9890918471565319,
    "Case": 0.9827444024584091,
    "Article": 0.9912840903628666,
    "Proper Noun": 0.989794395752835,
    "Degree": 0.981193558017014,
    "Declension": 0.9871297747710587,
    "Mood": 0.9882128797517673,
    "Voice": 0.997620144421542,
    "Tense": 0.9942360250220367,
    "Person": 0.9776590186339585,
    "Definiteness": 0.9839383938393839
  },
  "learning_rate": 1.76e-05
}