{
  "epoch": 9,
  "mode": "multilabel",
  "fold": 1,
  "eval_decoder": "greedy",
  "mbr_threshold": 0.0,
  "train_loss": 0.07721807494531813,
  "val_loss": 0.28344751298427584,
  "train_composite_accuracy": 0.9877124951409365,
  "train_composite_micro_f1": 0.9877124951409365,
  "train_composite_macro_f1": 0.856184795058921,
  "val_composite_accuracy": 0.969950486597234,
  "val_composite_micro_f1": 0.9699504865972339,
  "val_composite_macro_f1": 0.8686511988957867,
  "per_word_class_accuracy": {
    "Word Class Noun": 0.996921893035783,
    "Word Class Adjective": 0.9705372616984402,
    "Word Class Pronoun": 0.9865319865319865,
    "Word Class Number": 0.9815950920245399,
    "Word Class Verbs": 0.9989621172807472,
    "Word Class Participle": 0.9270833333333334,
    "Word Class Adverb": 0.9838174273858921,
    "Word Class Conjunctions": 0.9958333333333333,
    "Word Class Foreign words": 0.8461538461538461,
    "Word Class Unanalyzed word": 0.0,
    "Word Class Abbreviation": 1.0,
    "Word Class Web email or address": 0.0,
    "Word Class Punctuation": 0.9993355481727575,
    "Word Class Symbol": 1.0,
    "Word Class R Article": 0.9634703196347032
  },
  "per_word_class_f1": {
    "Word Class Noun": 0.9976896418944936,
    "Word Class Adjective": 0.960548885077187,
    "Word Class Pronoun": 0.9804796430563302,
    "Word Class Number": 0.9846153846153846,
    "Word Class Verbs": 0.9971509971509971,
    "Word Class Participle": 0.9393139841688656,
    "Word Class Adverb": 0.9897724900855771,
    "Word Class Conjunctions": 0.9929372663066057,
    "Word Class Foreign words": 0.8148148148148148,
    "Word Class Unanalyzed word": 0.0,
    "Word Class Abbreviation": 0.983050847457627,
    "Word Class Web email or address": 0.0,
    "Word Class Punctuation": 0.9996676636756398,
    "Word Class Symbol": 1.0,
    "Word Class R Article": 0.959090909090909
  },
  "per_interval_accuracy": {
    "Subcategories": 0.9820909970958374,
    "Gender": 0.980176686059039,
    "Number": 0.9904080389768575,
    "Case": 0.9797457444516268,
    "Article": 0.9953828395536745,
    "Proper Noun": 0.9946133128126202,
    "Degree": 0.9842651489789086,
    "Declension": 0.9986996098829649,
    "Mood": 0.9927348209652309,
    "Voice": 0.9989621172807472,
    "Tense": 0.9958484691229891,
    "Person": 0.9911284599006388,
    "Definiteness": 0.9863013698630136
  },
  "per_interval_f1": {
    "Subcategories": 0.9767849278339633,
    "Gender": 0.9812995662012416,
    "Number": 0.9888790282064793,
    "Case": 0.9793338932037308,
    "Article": 0.9950138706100382,
    "Proper Noun": 0.9928269413349231,
    "Degree": 0.9736924148340772,
    "Declension": 0.9961740698082027,
    "Mood": 0.9395474447536292,
    "Voice": 0.9952201650990196,
    "Tense": 0.996111150119185,
    "Person": 0.9788089264784197,
    "Definiteness": 0.9839383938393839
  },
  "learning_rate": 1.8200000000000002e-05
}