{
  "epoch": 10,
  "mode": "multilabel",
  "fold": 1,
  "eval_decoder": "greedy",
  "mbr_threshold": 0.0,
  "train_loss": 0.0691050683545407,
  "val_loss": 0.2794328734278679,
  "train_composite_accuracy": 0.9887181334673253,
  "train_composite_micro_f1": 0.9887181334673253,
  "train_composite_macro_f1": 0.8851427707910288,
  "val_composite_accuracy": 0.9726039088503883,
  "val_composite_micro_f1": 0.9726039088503883,
  "val_composite_macro_f1": 0.8777525688828058,
  "per_word_class_accuracy": {
    "Word Class Noun": 0.9965371296652559,
    "Word Class Adjective": 0.9584055459272097,
    "Word Class Pronoun": 0.9831649831649831,
    "Word Class Number": 0.9815950920245399,
    "Word Class Verbs": 0.9968863518422418,
    "Word Class Participle": 0.9583333333333334,
    "Word Class Adverb": 0.9887966804979254,
    "Word Class Conjunctions": 0.9958333333333333,
    "Word Class Foreign words": 0.8461538461538461,
    "Word Class Unanalyzed word": 0.0,
    "Word Class Abbreviation": 1.0,
    "Word Class Web email or address": 0.0,
    "Word Class Punctuation": 0.9993355481727575,
    "Word Class Symbol": 1.0,
    "Word Class R Article": 0.9726027397260274
  },
  "per_word_class_f1": {
    "Word Class Noun": 0.9973045822102425,
    "Word Class Adjective": 0.9617391304347825,
    "Word Class Pronoun": 0.9815126050420168,
    "Word Class Number": 0.9876543209876544,
    "Word Class Verbs": 0.9966277561608301,
    "Word Class Participle": 0.9387755102040817,
    "Word Class Adverb": 0.9912645590682196,
    "Word Class Conjunctions": 0.9950041631973355,
    "Word Class Foreign words": 0.7857142857142856,
    "Word Class Unanalyzed word": 0.0,
    "Word Class Abbreviation": 0.983050847457627,
    "Word Class Web email or address": 0.0,
    "Word Class Punctuation": 0.9996676636756398,
    "Word Class Symbol": 1.0,
    "Word Class R Article": 0.9573033707865167
  },
  "per_interval_accuracy": {
    "Subcategories": 0.9853178444659567,
    "Gender": 0.9819004524886877,
    "Number": 0.991169305724726,
    "Case": 0.9816849816849816,
    "Article": 0.9942285494420932,
    "Proper Noun": 0.9930742593305117,
    "Degree": 0.9886173418145296,
    "Declension": 0.9947984395318595,
    "Mood": 0.9906590555267255,
    "Voice": 0.9994810586403736,
    "Tense": 0.9948105864037364,
    "Person": 0.9897090134847409,
    "Definiteness": 0.9908675799086758
  },
  "per_interval_f1": {
    "Subcategories": 0.9794541342866933,
    "Gender": 0.9828671169458395,
    "Number": 0.9896148207341237,
    "Case": 0.9833863181486093,
    "Article": 0.9937687459091661,
    "Proper Noun": 0.9907962931776653,
    "Degree": 0.9795318849928836,
    "Declension": 0.9871297747710587,
    "Mood": 0.986872202339911,
    "Voice": 0.997620144421542,
    "Tense": 0.9948487587509224,
    "Person": 0.9752593168986191,
    "Definiteness": 0.9892478397486253
  },
  "learning_rate": 1.8e-05
}