{
  "best_epoch": 13,
  "total_epochs_trained": 13,
  "mode": "multilabel",
  "fold": 9,
  "optimizer": "adamw",
  "eval_decoder": "greedy",
  "mbr_threshold": 0.0,
  "train_loss": 0.04831937136429496,
  "val_loss": 0.30975987315177916,
  "train_composite_accuracy": 0.9922700651888016,
  "train_composite_micro_f1": 0.9922700651888016,
  "train_composite_macro_f1": 0.9264192456517475,
  "val_composite_accuracy": 0.9725527664379398,
  "val_composite_micro_f1": 0.9725527664379398,
  "val_composite_macro_f1": 0.8696987723815937,
  "per_word_class_accuracy": {
    "Word Class Noun": 0.9958015267175573,
    "Word Class Adjective": 0.9349736379613357,
    "Word Class Pronoun": 0.9823982398239824,
    "Word Class Number": 0.9854014598540146,
    "Word Class Verbs": 0.9983757444504602,
    "Word Class Participle": 0.9888888888888889,
    "Word Class Adverb": 0.9922313336210618,
    "Word Class Conjunctions": 0.9983277591973244,
    "Word Class Foreign words": 0.7916666666666666,
    "Word Class Unanalyzed word": 0.0,
    "Word Class Abbreviation": 0.9166666666666666,
    "Word Class Web email or address": 0.0,
    "Word Class Punctuation": 1.0,
    "Word Class Symbol": 0.75,
    "Word Class R Article": 0.9731182795698925
  },
  "per_word_class_f1": {
    "Word Class Noun": 0.995231737554835,
    "Word Class Adjective": 0.9508489722966935,
    "Word Class Pronoun": 0.9878318584070797,
    "Word Class Number": 0.989010989010989,
    "Word Class Verbs": 0.9983757444504602,
    "Word Class Participle": 0.946808510638298,
    "Word Class Adverb": 0.9900947459086994,
    "Word Class Conjunctions": 0.9962453066332916,
    "Word Class Foreign words": 0.8735632183908045,
    "Word Class Unanalyzed word": 0.0,
    "Word Class Abbreviation": 0.9166666666666666,
    "Word Class Web email or address": 0.0,
    "Word Class Punctuation": 0.9996652159357214,
    "Word Class Symbol": 0.8571428571428571,
    "Word Class R Article": 0.9576719576719576
  },
  "per_interval_accuracy": {
    "Subcategories": 0.989302172481896,
    "Gender": 0.9765268419908716,
    "Number": 0.9910049627791563,
    "Case": 0.9791349706585525,
    "Article": 0.9946564885496183,
    "Proper Noun": 0.9900763358778626,
    "Degree": 0.988911988911989,
    "Declension": 0.986648865153538,
    "Mood": 0.9945858148348673,
    "Voice": 0.9994585814834868,
    "Tense": 0.9951272333513806,
    "Person": 0.988388969521045,
    "Definiteness": 0.978494623655914
  },
  "per_interval_f1": {
    "Subcategories": 0.9727275094695711,
    "Gender": 0.9782658793068106,
    "Number": 0.9887775916252904,
    "Case": 0.9813660823766537,
    "Article": 0.9943083213954979,
    "Proper Noun": 0.9873403512736588,
    "Degree": 0.9833865405464969,
    "Declension": 0.9727901276510144,
    "Mood": 0.9444961409375644,
    "Voice": 0.9965032515784591,
    "Tense": 0.9949953046697878,
    "Person": 0.9654931791977652,
    "Definiteness": 0.974704202366381
  },
  "learning_rate": 1.7400000000000003e-05,
  "base_learning_rate": 2e-05,
  "warmup_ratio": 0.0
}