{
  "epoch": 10,
  "mode": "multilabel",
  "fold": 9,
  "eval_decoder": "greedy",
  "mbr_threshold": 0.0,
  "train_loss": 0.06491488731144948,
  "val_loss": 0.275361754745245,
  "train_composite_accuracy": 0.9891745602165088,
  "train_composite_micro_f1": 0.9891745602165088,
  "train_composite_macro_f1": 0.8989815190365644,
  "val_composite_accuracy": 0.9714260899774187,
  "val_composite_micro_f1": 0.9714260899774187,
  "val_composite_macro_f1": 0.8506445882623265,
  "per_word_class_accuracy": {
    "Word Class Noun": 0.9961832061068703,
    "Word Class Adjective": 0.945518453427065,
    "Word Class Pronoun": 0.9834983498349835,
    "Word Class Number": 0.9854014598540146,
    "Word Class Verbs": 0.9989171629669734,
    "Word Class Participle": 0.9777777777777777,
    "Word Class Adverb": 0.9896417781614156,
    "Word Class Conjunctions": 0.9991638795986622,
    "Word Class Foreign words": 0.7916666666666666,
    "Word Class Unanalyzed word": 0.0,
    "Word Class Abbreviation": 0.875,
    "Word Class Web email or address": 0.0,
    "Word Class Punctuation": 1.0,
    "Word Class Symbol": 0.5,
    "Word Class R Article": 0.967741935483871
  },
  "per_word_class_f1": {
    "Word Class Noun": 0.9952335557673976,
    "Word Class Adjective": 0.9547471162377995,
    "Word Class Pronoun": 0.9872998343456654,
    "Word Class Number": 0.989010989010989,
    "Word Class Verbs": 0.9986468200270635,
    "Word Class Participle": 0.946236559139785,
    "Word Class Adverb": 0.9907107366601857,
    "Word Class Conjunctions": 0.9950041631973354,
    "Word Class Foreign words": 0.8539325842696629,
    "Word Class Unanalyzed word": 0.0,
    "Word Class Abbreviation": 0.8936170212765957,
    "Word Class Web email or address": 0.0,
    "Word Class Punctuation": 0.999330655957162,
    "Word Class Symbol": 0.6666666666666666,
    "Word Class R Article": 0.9549071618037136
  },
  "per_interval_accuracy": {
    "Subcategories": 0.9873271889400922,
    "Gender": 0.975005433601391,
    "Number": 0.9920905707196029,
    "Case": 0.9787002825472724,
    "Article": 0.9954198473282443,
    "Proper Noun": 0.9935114503816794,
    "Degree": 0.9864864864864865,
    "Declension": 0.9893190921228304,
    "Mood": 0.9951272333513806,
    "Voice": 0.9989171629669734,
    "Tense": 0.9967514889009204,
    "Person": 0.9891146589259797,
    "Definiteness": 0.978494623655914
  },
  "per_interval_f1": {
    "Subcategories": 0.9689990611034229,
    "Gender": 0.9766547588304044,
    "Number": 0.9898248250797036,
    "Case": 0.9790604784907193,
    "Article": 0.9951194523354912,
    "Proper Noun": 0.9916809224725105,
    "Degree": 0.9786094202683561,
    "Declension": 0.9753057600583813,
    "Mood": 0.9465286612627677,
    "Voice": 0.9929612353470222,
    "Tense": 0.9968328024206331,
    "Person": 0.970786775272437,
    "Definiteness": 0.974704202366381
  },
  "learning_rate": 1.8e-05
}