{
  "epoch": 15,
  "mode": "multilabel",
  "fold": 9,
  "eval_decoder": "greedy",
  "mbr_threshold": 0.0,
  "train_loss": 0.03541004448977273,
  "val_loss": 0.31235279366374014,
  "train_composite_accuracy": 0.9939560179711515,
  "train_composite_micro_f1": 0.9939560179711515,
  "train_composite_macro_f1": 0.9439922906891675,
  "val_composite_accuracy": 0.9708232025008684,
  "val_composite_micro_f1": 0.9708232025008684,
  "val_composite_macro_f1": 0.8560468678085333,
  "per_word_class_accuracy": {
    "Word Class Noun": 0.9973282442748092,
    "Word Class Adjective": 0.9560632688927944,
    "Word Class Pronoun": 0.9856985698569857,
    "Word Class Number": 0.9854014598540146,
    "Word Class Verbs": 0.9983757444504602,
    "Word Class Participle": 0.9777777777777777,
    "Word Class Adverb": 0.9883470004315926,
    "Word Class Conjunctions": 0.995819397993311,
    "Word Class Foreign words": 0.75,
    "Word Class Unanalyzed word": 0.0,
    "Word Class Abbreviation": 0.875,
    "Word Class Web email or address": 0.0,
    "Word Class Punctuation": 1.0,
    "Word Class Symbol": 0.75,
    "Word Class R Article": 0.956989247311828
  },
  "per_word_class_f1": {
    "Word Class Noun": 0.9946707270650932,
    "Word Class Adjective": 0.9560632688927944,
    "Word Class Pronoun": 0.98732782369146,
    "Word Class Number": 0.9854014598540146,
    "Word Class Verbs": 0.998105548037889,
    "Word Class Participle": 0.9617486338797814,
    "Word Class Adverb": 0.9900562040639863,
    "Word Class Conjunctions": 0.994572025052192,
    "Word Class Foreign words": 0.8571428571428571,
    "Word Class Unanalyzed word": 0.0,
    "Word Class Abbreviation": 0.8936170212765957,
    "Word Class Web email or address": 0.0,
    "Word Class Punctuation": 0.9996652159357214,
    "Word Class Symbol": 0.8571428571428571,
    "Word Class R Article": 0.9544235924932977
  },
  "per_interval_accuracy": {
    "Subcategories": 0.9851876234364714,
    "Gender": 0.9776135622690719,
    "Number": 0.9913151364764268,
    "Case": 0.9808737231036732,
    "Article": 0.9961832061068703,
    "Proper Noun": 0.9923664122137404,
    "Degree": 0.9882189882189882,
    "Declension": 0.9906542056074766,
    "Mood": 0.9940443963183541,
    "Voice": 0.9994585814834868,
    "Tense": 0.9940443963183541,
    "Person": 0.9891146589259797,
    "Definiteness": 0.9731182795698925
  },
  "per_interval_f1": {
    "Subcategories": 0.9684734683692269,
    "Gender": 0.9791416561977041,
    "Number": 0.9893290658956797,
    "Case": 0.9829269345242361,
    "Article": 0.9959312322340828,
    "Proper Noun": 0.9902173393552705,
    "Degree": 0.9846665228171583,
    "Declension": 0.9765338845418384,
    "Mood": 0.8713445690163127,
    "Voice": 0.9965032515784591,
    "Tense": 0.9933234225877351,
    "Person": 0.9604306884103551,
    "Definiteness": 0.9685332431060735
  },
  "learning_rate": 1.7e-05
}