{
  "epoch": 8,
  "mode": "multilabel",
  "fold": 9,
  "eval_decoder": "greedy",
  "mbr_threshold": 0.0,
  "train_loss": 0.09940695130094084,
  "val_loss": 0.29318054392933846,
  "train_composite_accuracy": 0.9857246987324517,
  "train_composite_micro_f1": 0.9857246987324517,
  "train_composite_macro_f1": 0.864478381606858,
  "val_composite_accuracy": 0.967573676432235,
  "val_composite_micro_f1": 0.967573676432235,
  "val_composite_macro_f1": 0.8505985467563899,
  "per_word_class_accuracy": {
    "Word Class Noun": 0.9965648854961832,
    "Word Class Adjective": 0.9279437609841827,
    "Word Class Pronoun": 0.9856985698569857,
    "Word Class Number": 0.9854014598540146,
    "Word Class Verbs": 0.9978343259339469,
    "Word Class Participle": 0.9555555555555556,
    "Word Class Adverb": 0.9900733707380233,
    "Word Class Conjunctions": 0.9949832775919732,
    "Word Class Foreign words": 0.75,
    "Word Class Unanalyzed word": 0.0,
    "Word Class Abbreviation": 0.9166666666666666,
    "Word Class Web email or address": 0.0,
    "Word Class Punctuation": 1.0,
    "Word Class Symbol": 0.25,
    "Word Class R Article": 0.978494623655914
  },
  "per_word_class_f1": {
    "Word Class Noun": 0.9922097662929887,
    "Word Class Adjective": 0.9479353680430881,
    "Word Class Pronoun": 0.9867841409691631,
    "Word Class Number": 0.989010989010989,
    "Word Class Verbs": 0.9978343259339469,
    "Word Class Participle": 0.9424657534246577,
    "Word Class Adverb": 0.9894328229458701,
    "Word Class Conjunctions": 0.9945674885081487,
    "Word Class Foreign words": 0.8372093023255814,
    "Word Class Unanalyzed word": 0.0,
    "Word Class Abbreviation": 0.8799999999999999,
    "Word Class Web email or address": 0.0,
    "Word Class Punctuation": 0.999330655957162,
    "Word Class Symbol": 0.4,
    "Word Class R Article": 0.9655172413793104
  },
  "per_interval_accuracy": {
    "Subcategories": 0.9865042791310072,
    "Gender": 0.9743534014344708,
    "Number": 0.9910049627791563,
    "Case": 0.9743534014344708,
    "Article": 0.9950381679389313,
    "Proper Noun": 0.9919847328244275,
    "Degree": 0.988911988911989,
    "Declension": 0.986648865153538,
    "Mood": 0.9929615592853276,
    "Voice": 0.9989171629669734,
    "Tense": 0.9935029778018408,
    "Person": 0.989477503628447,
    "Definiteness": 0.978494623655914
  },
  "per_interval_f1": {
    "Subcategories": 0.9704027090353002,
    "Gender": 0.97622986595352,
    "Number": 0.9887940291209619,
    "Case": 0.9730750673611265,
    "Article": 0.9947138059836427,
    "Proper Noun": 0.9897140402229261,
    "Degree": 0.9837484408419617,
    "Declension": 0.9778662640604833,
    "Mood": 0.9448136243684228,
    "Voice": 0.993051166290444,
    "Tense": 0.9936616039767244,
    "Person": 0.9733543224048968,
    "Definiteness": 0.974704202366381
  },
  "learning_rate": 1.8400000000000003e-05
}