{
  "epoch": 2,
  "mode": "multilabel",
  "fold": 9,
  "eval_decoder": "greedy",
  "mbr_threshold": 0.0,
  "train_loss": 0.6698011862225234,
  "val_loss": 0.41924242973327636,
  "train_composite_accuracy": 0.9286901849870051,
  "train_composite_micro_f1": 0.9286901849870051,
  "train_composite_macro_f1": 0.5579838938827846,
  "val_composite_accuracy": 0.9534762153685311,
  "val_composite_micro_f1": 0.9534762153685311,
  "val_composite_macro_f1": 0.7476137037009851,
  "per_word_class_accuracy": {
    "Word Class Noun": 0.9946564885496183,
    "Word Class Adjective": 0.9490333919156415,
    "Word Class Pronoun": 0.9812981298129813,
    "Word Class Number": 0.9854014598540146,
    "Word Class Verbs": 0.9972929074174337,
    "Word Class Participle": 0.9222222222222223,
    "Word Class Adverb": 0.990504963314631,
    "Word Class Conjunctions": 0.9933110367892977,
    "Word Class Foreign words": 0.0,
    "Word Class Unanalyzed word": 0.0,
    "Word Class Abbreviation": 0.75,
    "Word Class Web email or address": 0.0,
    "Word Class Punctuation": 1.0,
    "Word Class Symbol": 0.0,
    "Word Class R Article": 0.9838709677419355
  },
  "per_word_class_f1": {
    "Word Class Noun": 0.9923838537699923,
    "Word Class Adjective": 0.9424083769633509,
    "Word Class Pronoun": 0.9786066922654963,
    "Word Class Number": 0.9926470588235294,
    "Word Class Verbs": 0.9956756756756757,
    "Word Class Participle": 0.9352112676056339,
    "Word Class Adverb": 0.9862483884830254,
    "Word Class Conjunctions": 0.9937264742785445,
    "Word Class Foreign words": 0.0,
    "Word Class Unanalyzed word": 0.0,
    "Word Class Abbreviation": 0.7999999999999999,
    "Word Class Web email or address": 0.0,
    "Word Class Punctuation": 0.9989963198394112,
    "Word Class Symbol": 0.0,
    "Word Class R Article": 0.9581151832460733
  },
  "per_interval_accuracy": {
    "Subcategories": 0.9792626728110599,
    "Gender": 0.9645729189306672,
    "Number": 0.9877481389578163,
    "Case": 0.9689198000434688,
    "Article": 0.9935114503816794,
    "Proper Noun": 0.9870229007633587,
    "Degree": 0.9809424809424809,
    "Declension": 0.9853137516688919,
    "Mood": 0.9913373037357878,
    "Voice": 0.9891716296697347,
    "Tense": 0.9929615592853276,
    "Person": 0.9836719883889695,
    "Definiteness": 0.9838709677419355
  },
  "per_interval_f1": {
    "Subcategories": 0.8835398814378583,
    "Gender": 0.9675370954080343,
    "Number": 0.9847907605529468,
    "Case": 0.9619106295999365,
    "Article": 0.9930900645087624,
    "Proper Noun": 0.983445074742477,
    "Degree": 0.9461422411231738,
    "Declension": 0.9670898894151859,
    "Mood": 0.7423003438361087,
    "Voice": 0.9202710869377536,
    "Tense": 0.9926386187410499,
    "Person": 0.8997756810494593,
    "Definiteness": 0.9809341579253084
  },
  "learning_rate": 1.9600000000000002e-05
}