{
  "epoch": 4,
  "mode": "multilabel",
  "fold": 9,
  "eval_decoder": "greedy",
  "mbr_threshold": 0.0,
  "train_loss": 0.25174832277900094,
  "val_loss": 0.299409519135952,
  "train_composite_accuracy": 0.9694841251008495,
  "train_composite_micro_f1": 0.9694841251008495,
  "train_composite_macro_f1": 0.7330201886404936,
  "val_composite_accuracy": 0.9629629629629629,
  "val_composite_micro_f1": 0.9629629629629629,
  "val_composite_macro_f1": 0.8021118396400048,
  "per_word_class_accuracy": {
    "Word Class Noun": 0.9938931297709923,
    "Word Class Adjective": 0.9349736379613357,
    "Word Class Pronoun": 0.9867986798679867,
    "Word Class Number": 0.9854014598540146,
    "Word Class Verbs": 0.9989171629669734,
    "Word Class Participle": 0.9166666666666666,
    "Word Class Adverb": 0.991799741044454,
    "Word Class Conjunctions": 0.9949832775919732,
    "Word Class Foreign words": 0.7291666666666666,
    "Word Class Unanalyzed word": 0.0,
    "Word Class Abbreviation": 0.9166666666666666,
    "Word Class Web email or address": 0.0,
    "Word Class Punctuation": 1.0,
    "Word Class Symbol": 0.25,
    "Word Class R Article": 0.9354838709677419
  },
  "per_word_class_f1": {
    "Word Class Noun": 0.9948424068767908,
    "Word Class Adjective": 0.9424269264836138,
    "Word Class Pronoun": 0.9835526315789472,
    "Word Class Number": 0.9747292418772563,
    "Word Class Verbs": 0.9970278303161307,
    "Word Class Participle": 0.9322033898305084,
    "Word Class Adverb": 0.9881745861105138,
    "Word Class Conjunctions": 0.9945674885081487,
    "Word Class Foreign words": 0.8235294117647058,
    "Word Class Unanalyzed word": 0.0,
    "Word Class Abbreviation": 0.8979591836734694,
    "Word Class Web email or address": 0.0,
    "Word Class Punctuation": 0.9989963198394112,
    "Word Class Symbol": 0.4,
    "Word Class R Article": 0.943089430894309
  },
  "per_interval_accuracy": {
    "Subcategories": 0.9860105332455563,
    "Gender": 0.9682677678765486,
    "Number": 0.9889888337468983,
    "Case": 0.9730493371006304,
    "Article": 0.9923664122137404,
    "Proper Noun": 0.9874045801526717,
    "Degree": 0.9844074844074844,
    "Declension": 0.9826435246995995,
    "Mood": 0.9935029778018408,
    "Voice": 0.9983757444504602,
    "Tense": 0.9956686518678939,
    "Person": 0.9909288824383164,
    "Definiteness": 0.967741935483871
  },
  "per_interval_f1": {
    "Subcategories": 0.9688459501988821,
    "Gender": 0.9703262862411569,
    "Number": 0.9865015516844687,
    "Case": 0.9755925274779209,
    "Article": 0.9918755457648646,
    "Proper Noun": 0.9838954556909896,
    "Degree": 0.9611738203983821,
    "Declension": 0.9695946432815518,
    "Mood": 0.817921828041461,
    "Voice": 0.9895097547353774,
    "Tense": 0.9958225469458792,
    "Person": 0.9751693451618433,
    "Definiteness": 0.9624191810344828
  },
  "learning_rate": 1.9200000000000003e-05
}