{
  "epoch": 9,
  "mode": "multilabel",
  "fold": 9,
  "eval_decoder": "greedy",
  "mbr_threshold": 0.0,
  "train_loss": 0.08181997352270233,
  "val_loss": 0.28687459975481033,
  "train_composite_accuracy": 0.9869939323949528,
  "train_composite_micro_f1": 0.9869939323949528,
  "train_composite_macro_f1": 0.8799298879749038,
  "val_composite_accuracy": 0.9700312717164697,
  "val_composite_micro_f1": 0.9700312717164697,
  "val_composite_macro_f1": 0.8468698301115706,
  "per_word_class_accuracy": {
    "Word Class Noun": 0.9954198473282443,
    "Word Class Adjective": 0.9507908611599297,
    "Word Class Pronoun": 0.9834983498349835,
    "Word Class Number": 0.9854014598540146,
    "Word Class Verbs": 0.9967514889009204,
    "Word Class Participle": 0.9666666666666667,
    "Word Class Adverb": 0.9909365558912386,
    "Word Class Conjunctions": 0.9966555183946488,
    "Word Class Foreign words": 0.8541666666666666,
    "Word Class Unanalyzed word": 0.0,
    "Word Class Abbreviation": 0.9166666666666666,
    "Word Class Web email or address": 0.0,
    "Word Class Punctuation": 1.0,
    "Word Class Symbol": 0.25,
    "Word Class R Article": 0.9623655913978495
  },
  "per_word_class_f1": {
    "Word Class Noun": 0.9957999236349752,
    "Word Class Adjective": 0.9549867608120035,
    "Word Class Pronoun": 0.9867549668874172,
    "Word Class Number": 0.989010989010989,
    "Word Class Verbs": 0.9972914409534128,
    "Word Class Participle": 0.9534246575342465,
    "Word Class Adverb": 0.9892287806979749,
    "Word Class Conjunctions": 0.9949916527545909,
    "Word Class Foreign words": 0.8723404255319149,
    "Word Class Unanalyzed word": 0.0,
    "Word Class Abbreviation": 0.9166666666666666,
    "Word Class Web email or address": 0.0,
    "Word Class Punctuation": 0.999330655957162,
    "Word Class Symbol": 0.4,
    "Word Class R Article": 0.9546666666666667
  },
  "per_interval_accuracy": {
    "Subcategories": 0.9866688610928243,
    "Gender": 0.9739187133231906,
    "Number": 0.9916253101736973,
    "Case": 0.9782655944359921,
    "Article": 0.9954198473282443,
    "Proper Noun": 0.9912213740458016,
    "Degree": 0.9875259875259875,
    "Declension": 0.9906542056074766,
    "Mood": 0.9935029778018408,
    "Voice": 0.9994585814834868,
    "Tense": 0.9945858148348673,
    "Person": 0.9876632801161103,
    "Definiteness": 0.978494623655914
  },
  "per_interval_f1": {
    "Subcategories": 0.96968101999462,
    "Gender": 0.9760711467712831,
    "Number": 0.9894833389660614,
    "Case": 0.9811830326872993,
    "Article": 0.9951194523354912,
    "Proper Noun": 0.9887960056812022,
    "Degree": 0.9814904891093266,
    "Declension": 0.9810427511481624,
    "Mood": 0.944304013641042,
    "Voice": 0.9965032515784591,
    "Tense": 0.9946584030760981,
    "Person": 0.9635692391878512,
    "Definiteness": 0.974704202366381
  },
  "learning_rate": 1.8200000000000002e-05
}