{
  "epoch": 5,
  "mode": "multilabel",
  "fold": 9,
  "eval_decoder": "greedy",
  "mbr_threshold": 0.0,
  "train_loss": 0.1844030506258188,
  "val_loss": 0.2777212023735046,
  "train_composite_accuracy": 0.9756469807564698,
  "train_composite_micro_f1": 0.9756469807564698,
  "train_composite_macro_f1": 0.7961374085612913,
  "val_composite_accuracy": 0.9658379694019471,
  "val_composite_micro_f1": 0.9658379694019471,
  "val_composite_macro_f1": 0.8176532707017077,
  "per_word_class_accuracy": {
    "Word Class Noun": 0.9954198473282443,
    "Word Class Adjective": 0.9578207381370826,
    "Word Class Pronoun": 0.9724972497249725,
    "Word Class Number": 0.9854014598540146,
    "Word Class Verbs": 0.9978343259339469,
    "Word Class Participle": 0.9388888888888889,
    "Word Class Adverb": 0.991799741044454,
    "Word Class Conjunctions": 0.9974916387959866,
    "Word Class Foreign words": 0.7083333333333334,
    "Word Class Unanalyzed word": 0.0,
    "Word Class Abbreviation": 0.9583333333333334,
    "Word Class Web email or address": 0.0,
    "Word Class Punctuation": 1.0,
    "Word Class Symbol": 0.25,
    "Word Class R Article": 0.967741935483871
  },
  "per_word_class_f1": {
    "Word Class Noun": 0.9944709246901811,
    "Word Class Adjective": 0.9536307961504812,
    "Word Class Pronoun": 0.9827682045580879,
    "Word Class Number": 0.9854014598540146,
    "Word Class Verbs": 0.9978343259339469,
    "Word Class Participle": 0.949438202247191,
    "Word Class Adverb": 0.9890251775338929,
    "Word Class Conjunctions": 0.9949958298582152,
    "Word Class Foreign words": 0.8292682926829268,
    "Word Class Unanalyzed word": 0.0,
    "Word Class Abbreviation": 0.8846153846153847,
    "Word Class Web email or address": 0.0,
    "Word Class Punctuation": 0.9989963198394112,
    "Word Class Symbol": 0.4,
    "Word Class R Article": 0.9549071618037136
  },
  "per_interval_accuracy": {
    "Subcategories": 0.9855167873601053,
    "Gender": 0.969354488154749,
    "Number": 0.989454094292804,
    "Case": 0.9758748098239514,
    "Article": 0.9938931297709923,
    "Proper Noun": 0.9912213740458016,
    "Degree": 0.9861399861399861,
    "Declension": 0.9879839786381842,
    "Mood": 0.9940443963183541,
    "Voice": 0.9983757444504602,
    "Tense": 0.9929615592853276,
    "Person": 0.9862119013062409,
    "Definiteness": 0.978494623655914
  },
  "per_interval_f1": {
    "Subcategories": 0.9675715187866101,
    "Gender": 0.9714656072585994,
    "Number": 0.9870083138349471,
    "Case": 0.9766207249885254,
    "Article": 0.9934978356106419,
    "Proper Noun": 0.9887550941233704,
    "Degree": 0.9695416787140435,
    "Declension": 0.9746361529849775,
    "Mood": 0.8171842303699378,
    "Voice": 0.9895097547353774,
    "Tense": 0.9926451660350498,
    "Person": 0.9652189520462852,
    "Definiteness": 0.974704202366381
  },
  "learning_rate": 1.9e-05
}