{
  "epoch": 16,
  "mode": "multilabel",
  "fold": 9,
  "eval_decoder": "greedy",
  "mbr_threshold": 0.0,
  "train_loss": 0.029931148116272132,
  "val_loss": 0.3299804165959358,
  "train_composite_accuracy": 0.9950346627826695,
  "train_composite_micro_f1": 0.9950346627826695,
  "train_composite_macro_f1": 0.9564388443455583,
  "val_composite_accuracy": 0.9715203612051749,
  "val_composite_micro_f1": 0.9715203612051749,
  "val_composite_macro_f1": 0.858619531597586,
  "per_word_class_accuracy": {
    "Word Class Noun": 0.9961832061068703,
    "Word Class Adjective": 0.9525483304042179,
    "Word Class Pronoun": 0.9823982398239824,
    "Word Class Number": 0.9854014598540146,
    "Word Class Verbs": 0.9989171629669734,
    "Word Class Participle": 0.9722222222222222,
    "Word Class Adverb": 0.9909365558912386,
    "Word Class Conjunctions": 0.9991638795986622,
    "Word Class Foreign words": 0.7916666666666666,
    "Word Class Unanalyzed word": 0.0,
    "Word Class Abbreviation": 0.875,
    "Word Class Web email or address": 0.0,
    "Word Class Punctuation": 1.0,
    "Word Class Symbol": 0.75,
    "Word Class R Article": 0.9731182795698925
  },
  "per_word_class_f1": {
    "Word Class Noun": 0.9946646341463414,
    "Word Class Adjective": 0.9575971731448764,
    "Word Class Pronoun": 0.9878318584070797,
    "Word Class Number": 0.9854014598540146,
    "Word Class Verbs": 0.9983766233766234,
    "Word Class Participle": 0.9641873278236913,
    "Word Class Adverb": 0.9911504424778762,
    "Word Class Conjunctions": 0.9958333333333333,
    "Word Class Foreign words": 0.8735632183908045,
    "Word Class Unanalyzed word": 0.0,
    "Word Class Abbreviation": 0.8936170212765957,
    "Word Class Web email or address": 0.0,
    "Word Class Punctuation": 0.9996652159357214,
    "Word Class Symbol": 0.8571428571428571,
    "Word Class R Article": 0.9551451187335093
  },
  "per_interval_accuracy": {
    "Subcategories": 0.9868334430546412,
    "Gender": 0.9765268419908716,
    "Number": 0.9920905707196029,
    "Case": 0.9789176266029124,
    "Article": 0.9946564885496183,
    "Proper Noun": 0.9923664122137404,
    "Degree": 0.9868329868329868,
    "Declension": 0.9879839786381842,
    "Mood": 0.9940443963183541,
    "Voice": 0.9994585814834868,
    "Tense": 0.9935029778018408,
    "Person": 0.9887518142235123,
    "Definiteness": 0.978494623655914
  },
  "per_interval_f1": {
    "Subcategories": 0.9711444898973883,
    "Gender": 0.9779077842729363,
    "Number": 0.9900758507073801,
    "Case": 0.979550877275743,
    "Article": 0.9943060277247396,
    "Proper Noun": 0.9902262948480637,
    "Degree": 0.9777807493301691,
    "Declension": 0.9734278762296243,
    "Mood": 0.9122388374847689,
    "Voice": 0.9965032515784591,
    "Tense": 0.9931512434074455,
    "Person": 0.9666046006788488,
    "Definiteness": 0.974704202366381
  },
  "learning_rate": 1.6800000000000002e-05
}