{
  "epoch": 6,
  "mode": "multilabel",
  "fold": 9,
  "eval_decoder": "greedy",
  "mbr_threshold": 0.0,
  "train_loss": 0.14788425399269772,
  "val_loss": 0.2453195109963417,
  "train_composite_accuracy": 0.9795862304150957,
  "train_composite_micro_f1": 0.9795862304150957,
  "train_composite_macro_f1": 0.8169888039228639,
  "val_composite_accuracy": 0.9689592209373098,
  "val_composite_micro_f1": 0.9689592209373098,
  "val_composite_macro_f1": 0.8238795875573867,
  "per_word_class_accuracy": {
    "Word Class Noun": 0.9973282442748092,
    "Word Class Adjective": 0.9437609841827768,
    "Word Class Pronoun": 0.9823982398239824,
    "Word Class Number": 0.9854014598540146,
    "Word Class Verbs": 0.9989171629669734,
    "Word Class Participle": 0.9722222222222222,
    "Word Class Adverb": 0.9900733707380233,
    "Word Class Conjunctions": 0.995819397993311,
    "Word Class Foreign words": 0.7916666666666666,
    "Word Class Unanalyzed word": 0.0,
    "Word Class Abbreviation": 0.9166666666666666,
    "Word Class Web email or address": 0.0,
    "Word Class Punctuation": 1.0,
    "Word Class Symbol": 0.25,
    "Word Class R Article": 0.9838709677419355
  },
  "per_word_class_f1": {
    "Word Class Noun": 0.9965675057208239,
    "Word Class Adjective": 0.9504424778761063,
    "Word Class Pronoun": 0.9872857932559426,
    "Word Class Number": 0.9854014598540146,
    "Word Class Verbs": 0.9983766233766234,
    "Word Class Participle": 0.938337801608579,
    "Word Class Adverb": 0.9905008635578584,
    "Word Class Conjunctions": 0.9949874686716792,
    "Word Class Foreign words": 0.8735632183908045,
    "Word Class Unanalyzed word": 0.0,
    "Word Class Abbreviation": 0.8979591836734694,
    "Word Class Web email or address": 0.0,
    "Word Class Punctuation": 0.9989963198394112,
    "Word Class Symbol": 0.4,
    "Word Class R Article": 0.9656992084432718
  },
  "per_interval_accuracy": {
    "Subcategories": 0.9860105332455563,
    "Gender": 0.975222777657031,
    "Number": 0.9906947890818859,
    "Case": 0.9780482503803521,
    "Article": 0.9965648854961832,
    "Proper Noun": 0.9919847328244275,
    "Degree": 0.9875259875259875,
    "Declension": 0.9879839786381842,
    "Mood": 0.9956686518678939,
    "Voice": 0.9989171629669734,
    "Tense": 0.9951272333513806,
    "Person": 0.9887518142235123,
    "Definiteness": 0.978494623655914
  },
  "per_interval_f1": {
    "Subcategories": 0.9669515865637865,
    "Gender": 0.9766530102910639,
    "Number": 0.9885252237719738,
    "Case": 0.9786520450123921,
    "Article": 0.9963373667344363,
    "Proper Noun": 0.9896854860616272,
    "Degree": 0.9753874863473971,
    "Declension": 0.9740180529043295,
    "Mood": 0.871964210564091,
    "Voice": 0.9929612353470222,
    "Tense": 0.9946574966425051,
    "Person": 0.9705566319451991,
    "Definiteness": 0.974704202366381
  },
  "learning_rate": 1.88e-05
}