{
  "epoch": 3,
  "mode": "multilabel",
  "fold": 9,
  "eval_decoder": "greedy",
  "mbr_threshold": 0.0,
  "train_loss": 0.3744340557849043,
  "val_loss": 0.32087074518203734,
  "train_composite_accuracy": 0.9576393642102061,
  "train_composite_micro_f1": 0.9576393642102061,
  "train_composite_macro_f1": 0.6602516367144068,
  "val_composite_accuracy": 0.9610762800417972,
  "val_composite_micro_f1": 0.9610762800417972,
  "val_composite_macro_f1": 0.7845055264614413,
  "per_word_class_accuracy": {
    "Word Class Noun": 0.9965648854961832,
    "Word Class Adjective": 0.9420035149384886,
    "Word Class Pronoun": 0.976897689768977,
    "Word Class Number": 0.9854014598540146,
    "Word Class Verbs": 0.9967514889009204,
    "Word Class Participle": 0.9277777777777778,
    "Word Class Adverb": 0.9913681484678464,
    "Word Class Conjunctions": 0.9949832775919732,
    "Word Class Foreign words": 0.5416666666666666,
    "Word Class Unanalyzed word": 0.0,
    "Word Class Abbreviation": 0.875,
    "Word Class Web email or address": 0.0,
    "Word Class Punctuation": 1.0,
    "Word Class Symbol": 0.0,
    "Word Class R Article": 0.978494623655914
  },
  "per_word_class_f1": {
    "Word Class Noun": 0.9950457317073169,
    "Word Class Adjective": 0.9478337754199824,
    "Word Class Pronoun": 0.9817578772802654,
    "Word Class Number": 0.9854014598540146,
    "Word Class Verbs": 0.9962121212121212,
    "Word Class Participle": 0.9329608938547486,
    "Word Class Adverb": 0.9877445710599871,
    "Word Class Conjunctions": 0.9929078014184397,
    "Word Class Foreign words": 0.6842105263157894,
    "Word Class Unanalyzed word": 0.0,
    "Word Class Abbreviation": 0.8400000000000001,
    "Word Class Web email or address": 0.0,
    "Word Class Punctuation": 0.9989963198394112,
    "Word Class Symbol": 0.0,
    "Word Class R Article": 0.962962962962963
  },
  "per_interval_accuracy": {
    "Subcategories": 0.9827188940092166,
    "Gender": 0.9673983916539882,
    "Number": 0.9882133995037221,
    "Case": 0.97239730493371,
    "Article": 0.9935114503816794,
    "Proper Noun": 0.9889312977099237,
    "Degree": 0.9819819819819819,
    "Declension": 0.9799732977303071,
    "Mood": 0.9924201407688142,
    "Voice": 0.9972929074174337,
    "Tense": 0.9935029778018408,
    "Person": 0.9833091436865021,
    "Definiteness": 0.978494623655914
  },
  "per_interval_f1": {
    "Subcategories": 0.8958183046559418,
    "Gender": 0.9694105688873922,
    "Number": 0.9853485914913779,
    "Case": 0.9719115866291108,
    "Article": 0.9930872847478402,
    "Proper Noun": 0.9858346034276233,
    "Degree": 0.95562035470978,
    "Declension": 0.9511557543179908,
    "Mood": 0.7431677017706839,
    "Voice": 0.9820541969083083,
    "Tense": 0.9928047603710836,
    "Person": 0.9299307479060046,
    "Definiteness": 0.974704202366381
  },
  "learning_rate": 1.94e-05
}