{
  "epoch": 11,
  "mode": "multilabel",
  "fold": 9,
  "eval_decoder": "greedy",
  "mbr_threshold": 0.0,
  "train_loss": 0.05497696753076157,
  "val_loss": 0.29008148312568666,
  "train_composite_accuracy": 0.991096519032255,
  "train_composite_micro_f1": 0.991096519032255,
  "train_composite_macro_f1": 0.9070670710835514,
  "val_composite_accuracy": 0.9699548454324418,
  "val_composite_micro_f1": 0.9699548454324418,
  "val_composite_macro_f1": 0.8498719246339036,
  "per_word_class_accuracy": {
    "Word Class Noun": 0.9965648854961832,
    "Word Class Adjective": 0.9472759226713533,
    "Word Class Pronoun": 0.9834983498349835,
    "Word Class Number": 0.9854014598540146,
    "Word Class Verbs": 0.9989171629669734,
    "Word Class Participle": 0.9777777777777777,
    "Word Class Adverb": 0.9896417781614156,
    "Word Class Conjunctions": 0.9966555183946488,
    "Word Class Foreign words": 0.8125,
    "Word Class Unanalyzed word": 0.0,
    "Word Class Abbreviation": 0.875,
    "Word Class Web email or address": 0.0,
    "Word Class Punctuation": 1.0,
    "Word Class Symbol": 0.75,
    "Word Class R Article": 0.9731182795698925
  },
  "per_word_class_f1": {
    "Word Class Noun": 0.9944772424300132,
    "Word Class Adjective": 0.9565217391304348,
    "Word Class Pronoun": 0.9867549668874172,
    "Word Class Number": 0.989010989010989,
    "Word Class Verbs": 0.9986468200270635,
    "Word Class Participle": 0.9591280653950954,
    "Word Class Adverb": 0.9902828762686244,
    "Word Class Conjunctions": 0.9945765540258656,
    "Word Class Foreign words": 0.8764044943820225,
    "Word Class Unanalyzed word": 0.0,
    "Word Class Abbreviation": 0.8936170212765957,
    "Word Class Web email or address": 0.0,
    "Word Class Punctuation": 0.9996652159357214,
    "Word Class Symbol": 0.8571428571428571,
    "Word Class R Article": 0.9576719576719576
  },
  "per_interval_accuracy": {
    "Subcategories": 0.9869980250164582,
    "Gender": 0.9732666811562704,
    "Number": 0.9906947890818859,
    "Case": 0.9791349706585525,
    "Article": 0.9958015267175573,
    "Proper Noun": 0.9927480916030534,
    "Degree": 0.9878724878724878,
    "Declension": 0.9893190921228304,
    "Mood": 0.9940443963183541,
    "Voice": 0.9989171629669734,
    "Tense": 0.9951272333513806,
    "Person": 0.9891146589259797,
    "Definiteness": 0.9838709677419355
  },
  "per_interval_f1": {
    "Subcategories": 0.9701002462732172,
    "Gender": 0.9751285666698407,
    "Number": 0.9882459418672256,
    "Case": 0.9797927514319081,
    "Article": 0.9955252609268175,
    "Proper Noun": 0.9907192229353394,
    "Degree": 0.978713302605406,
    "Declension": 0.9804005354441112,
    "Mood": 0.912185525097613,
    "Voice": 0.993051166290444,
    "Tense": 0.9953339977316045,
    "Person": 0.9660149459776728,
    "Definiteness": 0.9809341579253084
  },
  "learning_rate": 1.7800000000000002e-05
}