{
  "epoch": 1,
  "mode": "multilabel",
  "fold": 9,
  "eval_decoder": "greedy",
  "mbr_threshold": 0.0,
  "train_loss": 3.1222143033532945,
  "val_loss": 0.7891934096813202,
  "train_composite_accuracy": 0.7209978151581359,
  "train_composite_micro_f1": 0.7209978151581358,
  "train_composite_macro_f1": 0.28252719522829506,
  "val_composite_accuracy": 0.9202034373903893,
  "val_composite_micro_f1": 0.9202034373903893,
  "val_composite_macro_f1": 0.623859965093187,
  "per_word_class_accuracy": {
    "Word Class Noun": 0.9950381679389313,
    "Word Class Adjective": 0.875219683655536,
    "Word Class Pronoun": 0.9757975797579758,
    "Word Class Number": 0.9781021897810219,
    "Word Class Verbs": 0.9983757444504602,
    "Word Class Participle": 0.9444444444444444,
    "Word Class Adverb": 0.9874838152783773,
    "Word Class Conjunctions": 0.9941471571906354,
    "Word Class Foreign words": 0.0,
    "Word Class Unanalyzed word": 0.0,
    "Word Class Abbreviation": 0.0,
    "Word Class Web email or address": 0.0,
    "Word Class Punctuation": 1.0,
    "Word Class Symbol": 0.0,
    "Word Class R Article": 0.9408602150537635
  },
  "per_word_class_f1": {
    "Word Class Noun": 0.988248673237301,
    "Word Class Adjective": 0.9112534309240622,
    "Word Class Pronoun": 0.9725877192982457,
    "Word Class Number": 0.9781021897810219,
    "Word Class Verbs": 0.9935344827586206,
    "Word Class Participle": 0.9018567639257294,
    "Word Class Adverb": 0.9802913453299058,
    "Word Class Conjunctions": 0.9933166248955723,
    "Word Class Foreign words": 0.0,
    "Word Class Unanalyzed word": 0.0,
    "Word Class Abbreviation": 0.0,
    "Word Class Web email or address": 0.0,
    "Word Class Punctuation": 0.9976612094888071,
    "Word Class Symbol": 0.0,
    "Word Class R Article": 0.9358288770053476
  },
  "per_interval_accuracy": {
    "Subcategories": 0.9611586570111915,
    "Gender": 0.9380569441425777,
    "Number": 0.9793734491315137,
    "Case": 0.9421864811997391,
    "Article": 0.9885496183206107,
    "Proper Noun": 0.982824427480916,
    "Degree": 0.9608454608454609,
    "Declension": 0.9666221628838452,
    "Mood": 0.991878722252301,
    "Voice": 0.9599350297780184,
    "Tense": 0.9935029778018408,
    "Person": 0.9749637155297532,
    "Definiteness": 0.9838709677419355
  },
  "per_interval_f1": {
    "Subcategories": 0.8021419772276897,
    "Gender": 0.9386042366742878,
    "Number": 0.9722878855099942,
    "Case": 0.8618844184178045,
    "Article": 0.9877887433964445,
    "Proper Noun": 0.9780392577604402,
    "Degree": 0.8603127008740938,
    "Declension": 0.9185581419331891,
    "Mood": 0.7431719198297259,
    "Voice": 0.48977900552486187,
    "Tense": 0.9929586712565103,
    "Person": 0.7167404808169829,
    "Definiteness": 0.9809341579253084
  },
  "learning_rate": 1.98e-05
}