{
  "epoch": 12,
  "mode": "multilabel",
  "fold": 9,
  "eval_decoder": "greedy",
  "mbr_threshold": 0.0,
  "train_loss": 0.04755031456696371,
  "val_loss": 0.29756086617708205,
  "train_composite_accuracy": 0.9922616288419878,
  "train_composite_micro_f1": 0.9922616288419878,
  "train_composite_macro_f1": 0.9161609114113156,
  "val_composite_accuracy": 0.9715178881556096,
  "val_composite_micro_f1": 0.9715178881556096,
  "val_composite_macro_f1": 0.8514224004263613,
  "per_word_class_accuracy": {
    "Word Class Noun": 0.9965648854961832,
    "Word Class Adjective": 0.9507908611599297,
    "Word Class Pronoun": 0.9834983498349835,
    "Word Class Number": 0.9854014598540146,
    "Word Class Verbs": 0.9983757444504602,
    "Word Class Participle": 0.9777777777777777,
    "Word Class Adverb": 0.9909365558912386,
    "Word Class Conjunctions": 0.9983277591973244,
    "Word Class Foreign words": 0.8125,
    "Word Class Unanalyzed word": 0.0,
    "Word Class Abbreviation": 0.875,
    "Word Class Web email or address": 0.0,
    "Word Class Punctuation": 1.0,
    "Word Class Symbol": 0.75,
    "Word Class R Article": 0.967741935483871
  },
  "per_word_class_f1": {
    "Word Class Noun": 0.9954250857796415,
    "Word Class Adjective": 0.9600709849157054,
    "Word Class Pronoun": 0.9856670341786108,
    "Word Class Number": 0.989010989010989,
    "Word Class Verbs": 0.9983757444504602,
    "Word Class Participle": 0.9565217391304347,
    "Word Class Adverb": 0.9913644214162349,
    "Word Class Conjunctions": 0.9954147561483953,
    "Word Class Foreign words": 0.8863636363636362,
    "Word Class Unanalyzed word": 0.0,
    "Word Class Abbreviation": 0.8936170212765957,
    "Word Class Web email or address": 0.0,
    "Word Class Punctuation": 0.9996652159357214,
    "Word Class Symbol": 0.8571428571428571,
    "Word Class R Article": 0.949868073878628
  },
  "per_interval_accuracy": {
    "Subcategories": 0.9874917709019092,
    "Gender": 0.9760921538795914,
    "Number": 0.9913151364764268,
    "Case": 0.9791349706585525,
    "Article": 0.9961832061068703,
    "Proper Noun": 0.9919847328244275,
    "Degree": 0.9882189882189882,
    "Declension": 0.9879839786381842,
    "Mood": 0.9940443963183541,
    "Voice": 0.9994585814834868,
    "Tense": 0.9951272333513806,
    "Person": 0.988388969521045,
    "Definiteness": 0.9838709677419355
  },
  "per_interval_f1": {
    "Subcategories": 0.9694291545394371,
    "Gender": 0.9774066474478577,
    "Number": 0.9886997016635158,
    "Case": 0.9791353425755365,
    "Article": 0.9959312322340828,
    "Proper Noun": 0.9897516536215387,
    "Degree": 0.9808136470047216,
    "Declension": 0.9689334921245377,
    "Mood": 0.9716784140757504,
    "Voice": 0.9965032515784591,
    "Tense": 0.9953299982228311,
    "Person": 0.9720171768320154,
    "Definiteness": 0.9809341579253084
  },
  "learning_rate": 1.76e-05
}