{
  "epoch": 14,
  "mode": "multilabel",
  "fold": 9,
  "eval_decoder": "greedy",
  "mbr_threshold": 0.0,
  "train_loss": 0.04209791933250067,
  "val_loss": 0.30887031778693197,
  "train_composite_accuracy": 0.9927155763681945,
  "train_composite_micro_f1": 0.9927155763681945,
  "train_composite_macro_f1": 0.9213626433566952,
  "val_composite_accuracy": 0.9709176143762479,
  "val_composite_micro_f1": 0.9709176143762479,
  "val_composite_macro_f1": 0.8476924593139777,
  "per_word_class_accuracy": {
    "Word Class Noun": 0.9969465648854962,
    "Word Class Adjective": 0.961335676625659,
    "Word Class Pronoun": 0.9856985698569857,
    "Word Class Number": 0.9854014598540146,
    "Word Class Verbs": 0.9989171629669734,
    "Word Class Participle": 0.9611111111111111,
    "Word Class Adverb": 0.9892101855848079,
    "Word Class Conjunctions": 0.9966555183946488,
    "Word Class Foreign words": 0.7291666666666666,
    "Word Class Unanalyzed word": 0.0,
    "Word Class Abbreviation": 0.875,
    "Word Class Web email or address": 0.0,
    "Word Class Punctuation": 1.0,
    "Word Class Symbol": 0.75,
    "Word Class R Article": 0.956989247311828
  },
  "per_word_class_f1": {
    "Word Class Noun": 0.995047619047619,
    "Word Class Adjective": 0.9588080631025415,
    "Word Class Pronoun": 0.9862410566868465,
    "Word Class Number": 0.9854014598540146,
    "Word Class Verbs": 0.9983766233766234,
    "Word Class Participle": 0.9584487534626039,
    "Word Class Adverb": 0.9902786779001944,
    "Word Class Conjunctions": 0.9949916527545909,
    "Word Class Foreign words": 0.8433734939759037,
    "Word Class Unanalyzed word": 0.0,
    "Word Class Abbreviation": 0.8936170212765957,
    "Word Class Web email or address": 0.0,
    "Word Class Punctuation": 0.9996652159357214,
    "Word Class Symbol": 0.8571428571428571,
    "Word Class R Article": 0.9544235924932977
  },
  "per_interval_accuracy": {
    "Subcategories": 0.9866688610928243,
    "Gender": 0.9776135622690719,
    "Number": 0.9924007444168734,
    "Case": 0.977830906324712,
    "Article": 0.9965648854961832,
    "Proper Noun": 0.9935114503816794,
    "Degree": 0.9871794871794872,
    "Declension": 0.9879839786381842,
    "Mood": 0.9951272333513806,
    "Voice": 0.9989171629669734,
    "Tense": 0.9951272333513806,
    "Person": 0.9912917271407837,
    "Definiteness": 0.9731182795698925
  },
  "per_interval_f1": {
    "Subcategories": 0.970329490719257,
    "Gender": 0.9789158597586429,
    "Number": 0.9904542985287358,
    "Case": 0.9800036775367674,
    "Article": 0.9963373667344363,
    "Proper Noun": 0.9916885478303172,
    "Degree": 0.9783499197210885,
    "Declension": 0.9740503279645557,
    "Mood": 0.913109278493022,
    "Voice": 0.9929612353470222,
    "Tense": 0.9943297486373751,
    "Person": 0.9754442930645097,
    "Definiteness": 0.9685332431060735
  },
  "learning_rate": 1.72e-05
}