{
  "epoch": 7,
  "mode": "multilabel",
  "fold": 9,
  "eval_decoder": "greedy",
  "mbr_threshold": 0.0,
  "train_loss": 0.11624666769193076,
  "val_loss": 0.24536579251289367,
  "train_composite_accuracy": 0.9832648267762771,
  "train_composite_micro_f1": 0.9832648267762771,
  "train_composite_macro_f1": 0.8513009882725427,
  "val_composite_accuracy": 0.9682939541348159,
  "val_composite_micro_f1": 0.9682939541348159,
  "val_composite_macro_f1": 0.8319296490664645,
  "per_word_class_accuracy": {
    "Word Class Noun": 0.9969465648854962,
    "Word Class Adjective": 0.9595782073813708,
    "Word Class Pronoun": 0.9834983498349835,
    "Word Class Number": 0.9854014598540146,
    "Word Class Verbs": 0.9972929074174337,
    "Word Class Participle": 0.9555555555555556,
    "Word Class Adverb": 0.9896417781614156,
    "Word Class Conjunctions": 0.9983277591973244,
    "Word Class Foreign words": 0.7916666666666666,
    "Word Class Unanalyzed word": 0.0,
    "Word Class Abbreviation": 0.9166666666666666,
    "Word Class Web email or address": 0.0,
    "Word Class Punctuation": 1.0,
    "Word Class Symbol": 0.25,
    "Word Class R Article": 0.9623655913978495
  },
  "per_word_class_f1": {
    "Word Class Noun": 0.996186117467582,
    "Word Class Adjective": 0.9578947368421052,
    "Word Class Pronoun": 0.9867549668874172,
    "Word Class Number": 0.989010989010989,
    "Word Class Verbs": 0.9978331527627303,
    "Word Class Participle": 0.9555555555555556,
    "Word Class Adverb": 0.9902828762686244,
    "Word Class Conjunctions": 0.994585589337776,
    "Word Class Foreign words": 0.8636363636363635,
    "Word Class Unanalyzed word": 0.0,
    "Word Class Abbreviation": 0.8799999999999999,
    "Word Class Web email or address": 0.0,
    "Word Class Punctuation": 0.9989963198394112,
    "Word Class Symbol": 0.4,
    "Word Class R Article": 0.9521276595744681
  },
  "per_interval_accuracy": {
    "Subcategories": 0.9868334430546412,
    "Gender": 0.9773962182134318,
    "Number": 0.9903846153846154,
    "Case": 0.9745707454901108,
    "Article": 0.9946564885496183,
    "Proper Noun": 0.9938931297709923,
    "Degree": 0.9864864864864865,
    "Declension": 0.9879839786381842,
    "Mood": 0.9924201407688142,
    "Voice": 0.9994585814834868,
    "Tense": 0.9935029778018408,
    "Person": 0.9880261248185777,
    "Definiteness": 0.978494623655914
  },
  "per_interval_f1": {
    "Subcategories": 0.9711477553115959,
    "Gender": 0.979012829926468,
    "Number": 0.9884653493594996,
    "Case": 0.9748041884440275,
    "Article": 0.9943083213954979,
    "Proper Noun": 0.9921738714842163,
    "Degree": 0.9776426400869348,
    "Declension": 0.9740180529043295,
    "Mood": 0.8151952210342401,
    "Voice": 0.9965032515784591,
    "Tense": 0.9932885142172813,
    "Person": 0.9687088250292399,
    "Definiteness": 0.974704202366381
  },
  "learning_rate": 1.86e-05
}