{
  "epoch": 1,
  "mode": "multilabel",
  "fold": 0,
  "eval_decoder": "greedy",
  "mbr_threshold": 0.0,
  "train_loss": 1.3389779823402477,
  "val_loss": 0.42701037526130675,
  "train_composite_accuracy": 0.8354217392165014,
  "train_composite_micro_f1": 0.8354217392165014,
  "train_composite_macro_f1": 0.4242622724560902,
  "val_composite_accuracy": 0.9494565697623045,
  "val_composite_micro_f1": 0.9494565697623045,
  "val_composite_macro_f1": 0.7438749470421004,
  "per_word_class_accuracy": {
    "Word Class Noun": 0.9957064793130367,
    "Word Class Adjective": 0.9496644295302014,
    "Word Class Pronoun": 0.9865016872890888,
    "Word Class Number": 0.9375,
    "Word Class Verbs": 0.9961325966850829,
    "Word Class Participle": 0.9383561643835616,
    "Word Class Adverb": 0.9843342036553525,
    "Word Class Conjunctions": 0.9932203389830508,
    "Word Class Foreign words": 0.0,
    "Word Class Unanalyzed word": 0.0,
    "Word Class Abbreviation": 0.40625,
    "Word Class Web email or address": 0.0,
    "Word Class Punctuation": 1.0,
    "Word Class Symbol": 0.0,
    "Word Class R Article": 0.9362745098039216
  },
  "per_word_class_f1": {
    "Word Class Noun": 0.9874201664408748,
    "Word Class Adjective": 0.9520605550883096,
    "Word Class Pronoun": 0.9755283648498332,
    "Word Class Number": 0.9493670886075949,
    "Word Class Verbs": 0.995857497928749,
    "Word Class Participle": 0.9256756756756757,
    "Word Class Adverb": 0.9864805931094637,
    "Word Class Conjunctions": 0.9936413734633319,
    "Word Class Foreign words": 0.0,
    "Word Class Unanalyzed word": 0.0,
    "Word Class Abbreviation": 0.5777777777777777,
    "Word Class Web email or address": 0.0,
    "Word Class Punctuation": 1.0,
    "Word Class Symbol": 0.0,
    "Word Class R Article": 0.9317073170731707
  },
  "per_interval_accuracy": {
    "Subcategories": 0.9733954107083472,
    "Gender": 0.9596225587008997,
    "Number": 0.9860216742578922,
    "Case": 0.966864165020847,
    "Article": 0.9941451990632318,
    "Proper Noun": 0.9921935987509758,
    "Degree": 0.9768486523842432,
    "Declension": 0.9878706199460916,
    "Mood": 0.988950276243094,
    "Voice": 0.992817679558011,
    "Tense": 0.9933701657458563,
    "Person": 0.9840681733975547,
    "Definiteness": 0.9950980392156863
  },
  "per_interval_f1": {
    "Subcategories": 0.8974454430578025,
    "Gender": 0.9619514464396391,
    "Number": 0.9829587913664707,
    "Case": 0.9586048361419817,
    "Article": 0.9936324781722247,
    "Proper Noun": 0.9895533038390181,
    "Degree": 0.7393122572323259,
    "Declension": 0.9792124461485748,
    "Mood": 0.7388572140116793,
    "Voice": 0.938515648068064,
    "Tense": 0.9938848646192634,
    "Person": 0.9302144563595396,
    "Definiteness": 0.9947432164300255
  },
  "learning_rate": 1.98e-05
}