{
  "epoch": 19,
  "mode": "multilabel",
  "fold": 0,
  "eval_decoder": "greedy",
  "mbr_threshold": 0.0,
  "train_loss": 0.011859948832604064,
  "val_loss": 0.33472790718078616,
  "train_composite_accuracy": 0.9972906124915036,
  "train_composite_micro_f1": 0.9972906124915036,
  "train_composite_macro_f1": 0.981103537147968,
  "val_composite_accuracy": 0.97164744210619,
  "val_composite_micro_f1": 0.97164744210619,
  "val_composite_macro_f1": 0.8595048377327047,
  "per_word_class_accuracy": {
    "Word Class Noun": 0.9972677595628415,
    "Word Class Adjective": 0.9664429530201343,
    "Word Class Pronoun": 0.9943757030371203,
    "Word Class Number": 0.975,
    "Word Class Verbs": 0.9972375690607734,
    "Word Class Participle": 0.9794520547945206,
    "Word Class Adverb": 0.9891209747606614,
    "Word Class Conjunctions": 0.9966101694915255,
    "Word Class Foreign words": 0.875,
    "Word Class Unanalyzed word": 0.0,
    "Word Class Abbreviation": 0.875,
    "Word Class Web email or address": 0.0,
    "Word Class Punctuation": 1.0,
    "Word Class Symbol": 1.0,
    "Word Class R Article": 0.9509803921568627
  },
  "per_word_class_f1": {
    "Word Class Noun": 0.9964898595943839,
    "Word Class Adjective": 0.9688814129520605,
    "Word Class Pronoun": 0.9860568878973788,
    "Word Class Number": 0.9842271293375395,
    "Word Class Verbs": 0.9972375690607734,
    "Word Class Participle": 0.9501661129568107,
    "Word Class Adverb": 0.9917102966841187,
    "Word Class Conjunctions": 0.9966101694915255,
    "Word Class Foreign words": 0.9032258064516129,
    "Word Class Unanalyzed word": 0.0,
    "Word Class Abbreviation": 0.9333333333333333,
    "Word Class Web email or address": 0.0,
    "Word Class Punctuation": 1.0,
    "Word Class Symbol": 1.0,
    "Word Class R Article": 0.9603960396039604
  },
  "per_interval_accuracy": {
    "Subcategories": 0.9871965414033921,
    "Gender": 0.97761685319289,
    "Number": 0.9901052300926653,
    "Case": 0.9800307219662059,
    "Article": 0.9960967993754879,
    "Proper Noun": 0.9953161592505855,
    "Degree": 0.9892881824464409,
    "Declension": 0.9932614555256065,
    "Mood": 0.9917127071823204,
    "Voice": 1.0,
    "Tense": 0.9917127071823204,
    "Person": 0.989996294924046,
    "Definiteness": 0.9901960784313726
  },
  "per_interval_f1": {
    "Subcategories": 0.9789334480770298,
    "Gender": 0.9790566509802784,
    "Number": 0.9875752389496214,
    "Case": 0.9754210752401677,
    "Article": 0.9957498482088647,
    "Proper Noun": 0.993731982303411,
    "Degree": 0.9859761352746916,
    "Declension": 0.9875571289717319,
    "Mood": 0.9927137019516012,
    "Voice": 1.0,
    "Tense": 0.9921795389797089,
    "Person": 0.9810048090125232,
    "Definiteness": 0.989514802631579
  },
  "learning_rate": 1.62e-05
}