{
  "epoch": 18,
  "mode": "multilabel",
  "fold": 0,
  "eval_decoder": "greedy",
  "mbr_threshold": 0.0,
  "train_loss": 0.013265541302388618,
  "val_loss": 0.3193059116601944,
  "train_composite_accuracy": 0.9973189336152859,
  "train_composite_micro_f1": 0.9973189336152859,
  "train_composite_macro_f1": 0.9644220549715312,
  "val_composite_accuracy": 0.9713933632602764,
  "val_composite_micro_f1": 0.9713933632602764,
  "val_composite_macro_f1": 0.8598399700067714,
  "per_word_class_accuracy": {
    "Word Class Noun": 0.9960967993754879,
    "Word Class Adjective": 0.9614093959731543,
    "Word Class Pronoun": 0.9932508436445444,
    "Word Class Number": 0.975,
    "Word Class Verbs": 0.9966850828729282,
    "Word Class Participle": 0.9657534246575342,
    "Word Class Adverb": 0.9908616187989556,
    "Word Class Conjunctions": 0.9940677966101695,
    "Word Class Foreign words": 0.84375,
    "Word Class Unanalyzed word": 0.0,
    "Word Class Abbreviation": 0.9375,
    "Word Class Web email or address": 0.0,
    "Word Class Punctuation": 1.0,
    "Word Class Symbol": 1.0,
    "Word Class R Article": 0.9705882352941176
  },
  "per_word_class_f1": {
    "Word Class Noun": 0.9953198127925117,
    "Word Class Adjective": 0.9654591406908172,
    "Word Class Pronoun": 0.9882484611080021,
    "Word Class Number": 0.9842271293375395,
    "Word Class Verbs": 0.9969604863221885,
    "Word Class Participle": 0.9591836734693877,
    "Word Class Adverb": 0.9912929908576404,
    "Word Class Conjunctions": 0.9957555178268251,
    "Word Class Foreign words": 0.870967741935484,
    "Word Class Unanalyzed word": 0.0,
    "Word Class Abbreviation": 0.9090909090909091,
    "Word Class Web email or address": 0.0,
    "Word Class Punctuation": 1.0,
    "Word Class Symbol": 1.0,
    "Word Class R Article": 0.9705882352941176
  },
  "per_interval_accuracy": {
    "Subcategories": 0.9873628200864649,
    "Gender": 0.9760807548825982,
    "Number": 0.9904193497722632,
    "Case": 0.9804696071977178,
    "Article": 0.9941451990632318,
    "Proper Noun": 0.9968774395003903,
    "Degree": 0.9896337249481686,
    "Declension": 0.9878706199460916,
    "Mood": 0.9922651933701657,
    "Voice": 1.0,
    "Tense": 0.9933701657458563,
    "Person": 0.989996294924046,
    "Definiteness": 0.9950980392156863
  },
  "per_interval_f1": {
    "Subcategories": 0.9796457974782291,
    "Gender": 0.9769749403136826,
    "Number": 0.9879435567011906,
    "Case": 0.9735900023668951,
    "Article": 0.9936324781722247,
    "Proper Noun": 0.9958125109815348,
    "Degree": 0.9837036385781145,
    "Declension": 0.9853613638150551,
    "Mood": 0.9570243963695462,
    "Voice": 1.0,
    "Tense": 0.9936620994760191,
    "Person": 0.9739542500674756,
    "Definiteness": 0.9947432164300255
  },
  "learning_rate": 1.64e-05
}