{
  "epoch": 16,
  "mode": "multilabel",
  "fold": 0,
  "eval_decoder": "greedy",
  "mbr_threshold": 0.0,
  "train_loss": 0.018445550588134466,
  "val_loss": 0.28708544969558714,
  "train_composite_accuracy": 0.9959876514071543,
  "train_composite_micro_f1": 0.9959876514071543,
  "train_composite_macro_f1": 0.9549324645387018,
  "val_composite_accuracy": 0.9739390737805952,
  "val_composite_micro_f1": 0.9739390737805952,
  "val_composite_macro_f1": 0.8748801251733295,
  "per_word_class_accuracy": {
    "Word Class Noun": 0.9976580796252927,
    "Word Class Adjective": 0.964765100671141,
    "Word Class Pronoun": 0.9921259842519685,
    "Word Class Number": 0.975,
    "Word Class Verbs": 0.9972375690607734,
    "Word Class Participle": 0.958904109589041,
    "Word Class Adverb": 0.9899912967798086,
    "Word Class Conjunctions": 0.9940677966101695,
    "Word Class Foreign words": 0.90625,
    "Word Class Unanalyzed word": 0.0,
    "Word Class Abbreviation": 0.875,
    "Word Class Web email or address": 0.0,
    "Word Class Punctuation": 1.0,
    "Word Class Symbol": 1.0,
    "Word Class R Article": 0.9607843137254902
  },
  "per_word_class_f1": {
    "Word Class Noun": 0.9955209347614411,
    "Word Class Adjective": 0.9663865546218487,
    "Word Class Pronoun": 0.9865771812080536,
    "Word Class Number": 0.9873417721518987,
    "Word Class Verbs": 0.9977888336097291,
    "Word Class Participle": 0.955631399317406,
    "Word Class Adverb": 0.9908536585365854,
    "Word Class Conjunctions": 0.994910941475827,
    "Word Class Foreign words": 0.9354838709677419,
    "Word Class Unanalyzed word": 0.0,
    "Word Class Abbreviation": 0.9333333333333333,
    "Word Class Web email or address": 0.0,
    "Word Class Punctuation": 1.0,
    "Word Class Symbol": 1.0,
    "Word Class R Article": 0.9655172413793103
  },
  "per_interval_accuracy": {
    "Subcategories": 0.9863651479880279,
    "Gender": 0.97871406627167,
    "Number": 0.9929323072090467,
    "Case": 0.9831029185867896,
    "Article": 0.9960967993754879,
    "Proper Noun": 0.9960967993754879,
    "Degree": 0.9892881824464409,
    "Declension": 0.9932614555256065,
    "Mood": 0.9933701657458563,
    "Voice": 1.0,
    "Tense": 0.9939226519337017,
    "Person": 0.9907373101148573,
    "Definiteness": 0.9950980392156863
  },
  "per_interval_f1": {
    "Subcategories": 0.9788821479207127,
    "Gender": 0.9799730781386174,
    "Number": 0.9911188327526976,
    "Case": 0.9754302331853216,
    "Article": 0.9957498482088647,
    "Proper Noun": 0.994782128402818,
    "Degree": 0.9473317595849909,
    "Declension": 0.9905830509729859,
    "Mood": 0.9578893357587559,
    "Voice": 1.0,
    "Tense": 0.9941553651489055,
    "Person": 0.9810962724961096,
    "Definiteness": 0.9947432164300255
  },
  "learning_rate": 1.6800000000000002e-05
}