{
  "epoch": 6,
  "mode": "multilabel",
  "fold": 0,
  "eval_decoder": "greedy",
  "mbr_threshold": 0.0,
  "train_loss": 0.07611243606353886,
  "val_loss": 0.2427235633134842,
  "train_composite_accuracy": 0.9852614672398319,
  "train_composite_micro_f1": 0.9852614672398319,
  "train_composite_macro_f1": 0.863724753696214,
  "val_composite_accuracy": 0.9702490977906875,
  "val_composite_micro_f1": 0.9702490977906875,
  "val_composite_macro_f1": 0.8376217198456742,
  "per_word_class_accuracy": {
    "Word Class Noun": 0.9960967993754879,
    "Word Class Adjective": 0.959731543624161,
    "Word Class Pronoun": 0.9910011248593926,
    "Word Class Number": 0.975,
    "Word Class Verbs": 0.9966850828729282,
    "Word Class Participle": 0.9726027397260274,
    "Word Class Adverb": 0.9873803307223673,
    "Word Class Conjunctions": 0.9983050847457627,
    "Word Class Foreign words": 0.84375,
    "Word Class Unanalyzed word": 0.0,
    "Word Class Abbreviation": 0.90625,
    "Word Class Web email or address": 0.0,
    "Word Class Punctuation": 1.0,
    "Word Class Symbol": 1.0,
    "Word Class R Article": 0.9656862745098039
  },
  "per_word_class_f1": {
    "Word Class Noun": 0.9957081545064378,
    "Word Class Adjective": 0.9621530698065601,
    "Word Class Pronoun": 0.9865621500559911,
    "Word Class Number": 0.9780564263322885,
    "Word Class Verbs": 0.9972360420121614,
    "Word Class Participle": 0.9403973509933774,
    "Word Class Adverb": 0.9903972064600611,
    "Word Class Conjunctions": 0.9961945031712474,
    "Word Class Foreign words": 0.8852459016393444,
    "Word Class Unanalyzed word": 0.0,
    "Word Class Abbreviation": 0.9354838709677419,
    "Word Class Web email or address": 0.0,
    "Word Class Punctuation": 1.0,
    "Word Class Symbol": 1.0,
    "Word Class R Article": 0.9656862745098039
  },
  "per_interval_accuracy": {
    "Subcategories": 0.9850349185234453,
    "Gender": 0.9745446565723064,
    "Number": 0.9899481702528663,
    "Case": 0.9837612464340575,
    "Article": 0.9937548790007806,
    "Proper Noun": 0.9941451990632318,
    "Degree": 0.9847961299239807,
    "Declension": 0.9932614555256065,
    "Mood": 0.9922651933701657,
    "Voice": 1.0,
    "Tense": 0.992817679558011,
    "Person": 0.9896257873286403,
    "Definiteness": 0.9901960784313726
  },
  "per_interval_f1": {
    "Subcategories": 0.9764834508795924,
    "Gender": 0.9759782359154768,
    "Number": 0.9876807718543942,
    "Case": 0.9764184451124024,
    "Article": 0.9932096115007236,
    "Proper Noun": 0.9921854586086537,
    "Degree": 0.7799929806142893,
    "Declension": 0.9935611346772967,
    "Mood": 0.992397268546031,
    "Voice": 1.0,
    "Tense": 0.9933909770488265,
    "Person": 0.9796235478410347,
    "Definiteness": 0.989514802631579
  },
  "learning_rate": 1.88e-05
}