{
  "epoch": 14,
  "mode": "multilabel",
  "fold": 0,
  "eval_decoder": "greedy",
  "mbr_threshold": 0.0,
  "train_loss": 0.021334851484303804,
  "val_loss": 0.2896263048052788,
  "train_composite_accuracy": 0.9956286113523924,
  "train_composite_micro_f1": 0.9956286113523924,
  "train_composite_macro_f1": 0.9674891723280594,
  "val_composite_accuracy": 0.9740271174502553,
  "val_composite_micro_f1": 0.9740271174502553,
  "val_composite_macro_f1": 0.8560107560617406,
  "per_word_class_accuracy": {
    "Word Class Noun": 0.9972677595628415,
    "Word Class Adjective": 0.9714765100671141,
    "Word Class Pronoun": 0.9910011248593926,
    "Word Class Number": 0.975,
    "Word Class Verbs": 0.9977900552486187,
    "Word Class Participle": 0.952054794520548,
    "Word Class Adverb": 0.9891209747606614,
    "Word Class Conjunctions": 0.9949152542372881,
    "Word Class Foreign words": 0.71875,
    "Word Class Unanalyzed word": 0.0,
    "Word Class Abbreviation": 0.84375,
    "Word Class Web email or address": 0.0,
    "Word Class Punctuation": 1.0,
    "Word Class Symbol": 1.0,
    "Word Class R Article": 0.9656862745098039
  },
  "per_word_class_f1": {
    "Word Class Noun": 0.9957131722525332,
    "Word Class Adjective": 0.9625935162094763,
    "Word Class Pronoun": 0.9849077697037452,
    "Word Class Number": 0.9873417721518987,
    "Word Class Verbs": 0.9975144987572493,
    "Word Class Participle": 0.9553264604810997,
    "Word Class Adverb": 0.9914940021810251,
    "Word Class Conjunctions": 0.9957591178965225,
    "Word Class Foreign words": 0.8214285714285714,
    "Word Class Unanalyzed word": 0.0,
    "Word Class Abbreviation": 0.9152542372881356,
    "Word Class Web email or address": 0.0,
    "Word Class Punctuation": 1.0,
    "Word Class Symbol": 1.0,
    "Word Class R Article": 0.9656862745098039
  },
  "per_interval_accuracy": {
    "Subcategories": 0.9863651479880279,
    "Gender": 0.9809084924292297,
    "Number": 0.9923040678498508,
    "Case": 0.9835418038183015,
    "Article": 0.9960967993754879,
    "Proper Noun": 0.9964871194379391,
    "Degree": 0.9896337249481686,
    "Declension": 0.9959568733153639,
    "Mood": 0.9950276243093923,
    "Voice": 1.0,
    "Tense": 0.9950276243093923,
    "Person": 0.9914783253056688,
    "Definiteness": 0.9950980392156863
  },
  "per_interval_f1": {
    "Subcategories": 0.9763007326328889,
    "Gender": 0.9819032433675029,
    "Number": 0.9905444747823937,
    "Case": 0.9748928671020864,
    "Article": 0.9957498482088647,
    "Proper Noun": 0.9953014533950759,
    "Degree": 0.889879894515379,
    "Declension": 0.996121374886596,
    "Mood": 0.9953335918339896,
    "Voice": 1.0,
    "Tense": 0.9953603759571875,
    "Person": 0.9822119388845469,
    "Definiteness": 0.9947432164300255
  },
  "learning_rate": 1.72e-05
}