{
  "epoch": 15,
  "mode": "multilabel",
  "fold": 0,
  "eval_decoder": "greedy",
  "mbr_threshold": 0.0,
  "train_loss": 0.01986023494831437,
  "val_loss": 0.28263908326625825,
  "train_composite_accuracy": 0.995647453146391,
  "train_composite_micro_f1": 0.995647453146391,
  "train_composite_macro_f1": 0.9657000420537618,
  "val_composite_accuracy": 0.9742935117527951,
  "val_composite_micro_f1": 0.9742935117527951,
  "val_composite_macro_f1": 0.8644306099491373,
  "per_word_class_accuracy": {
    "Word Class Noun": 0.9960967993754879,
    "Word Class Adjective": 0.9731543624161074,
    "Word Class Pronoun": 0.9898762654668166,
    "Word Class Number": 0.975,
    "Word Class Verbs": 0.9972375690607734,
    "Word Class Participle": 0.952054794520548,
    "Word Class Adverb": 0.9895561357702349,
    "Word Class Conjunctions": 0.9966101694915255,
    "Word Class Foreign words": 0.875,
    "Word Class Unanalyzed word": 0.0,
    "Word Class Abbreviation": 0.90625,
    "Word Class Web email or address": 0.0,
    "Word Class Punctuation": 1.0,
    "Word Class Symbol": 1.0,
    "Word Class R Article": 0.9509803921568627
  },
  "per_word_class_f1": {
    "Word Class Noun": 0.9955139457772576,
    "Word Class Adjective": 0.9650582362728786,
    "Word Class Pronoun": 0.9854423292273237,
    "Word Class Number": 0.9873417721518987,
    "Word Class Verbs": 0.9972375690607734,
    "Word Class Participle": 0.9586206896551724,
    "Word Class Adverb": 0.9910655916321638,
    "Word Class Conjunctions": 0.9966101694915255,
    "Word Class Foreign words": 0.9032258064516129,
    "Word Class Unanalyzed word": 0.0,
    "Word Class Abbreviation": 0.9354838709677419,
    "Word Class Web email or address": 0.0,
    "Word Class Punctuation": 1.0,
    "Word Class Symbol": 1.0,
    "Word Class R Article": 0.9603960396039604
  },
  "per_interval_accuracy": {
    "Subcategories": 0.9870302627203192,
    "Gender": 0.9802501645819618,
    "Number": 0.9916758284906549,
    "Case": 0.9822251481237656,
    "Article": 0.994535519125683,
    "Proper Noun": 0.9957064793130367,
    "Degree": 0.9903248099516241,
    "Declension": 0.9946091644204852,
    "Mood": 0.9939226519337017,
    "Voice": 1.0,
    "Tense": 0.9933701657458563,
    "Person": 0.989996294924046,
    "Definiteness": 0.9950980392156863
  },
  "per_interval_f1": {
    "Subcategories": 0.9789969519832216,
    "Gender": 0.9811451462443088,
    "Number": 0.9895133587963728,
    "Case": 0.9765726881588315,
    "Article": 0.9940555465324021,
    "Proper Noun": 0.9942633450711321,
    "Degree": 0.949056022108369,
    "Declension": 0.9918856406074062,
    "Mood": 0.9944686524447799,
    "Voice": 1.0,
    "Tense": 0.9936620994760191,
    "Person": 0.979779538580386,
    "Definiteness": 0.9947432164300255
  },
  "learning_rate": 1.7e-05
}