{
  "epoch": 17,
  "mode": "multilabel",
  "fold": 0,
  "eval_decoder": "greedy",
  "mbr_threshold": 0.0,
  "train_loss": 0.013945078116325116,
  "val_loss": 0.29576597064733506,
  "train_composite_accuracy": 0.9967995015152803,
  "train_composite_micro_f1": 0.9967995015152803,
  "train_composite_macro_f1": 0.9741947532280524,
  "val_composite_accuracy": 0.9744763245907411,
  "val_composite_micro_f1": 0.9744763245907411,
  "val_composite_macro_f1": 0.8784654989001,
  "per_word_class_accuracy": {
    "Word Class Noun": 0.9972677595628415,
    "Word Class Adjective": 0.9714765100671141,
    "Word Class Pronoun": 0.9921259842519685,
    "Word Class Number": 0.975,
    "Word Class Verbs": 0.9977900552486187,
    "Word Class Participle": 0.9657534246575342,
    "Word Class Adverb": 0.9895561357702349,
    "Word Class Conjunctions": 0.997457627118644,
    "Word Class Foreign words": 0.875,
    "Word Class Unanalyzed word": 0.0,
    "Word Class Abbreviation": 0.90625,
    "Word Class Web email or address": 0.0,
    "Word Class Punctuation": 1.0,
    "Word Class Symbol": 1.0,
    "Word Class R Article": 0.9656862745098039
  },
  "per_word_class_f1": {
    "Word Class Noun": 0.9962955741860012,
    "Word Class Adjective": 0.9690376569037658,
    "Word Class Pronoun": 0.987129266927812,
    "Word Class Number": 0.9873417721518987,
    "Word Class Verbs": 0.9977900552486187,
    "Word Class Participle": 0.962457337883959,
    "Word Class Adverb": 0.9917139119058003,
    "Word Class Conjunctions": 0.997457627118644,
    "Word Class Foreign words": 0.9032258064516129,
    "Word Class Unanalyzed word": 0.0,
    "Word Class Abbreviation": 0.9354838709677419,
    "Word Class Web email or address": 0.0,
    "Word Class Punctuation": 1.0,
    "Word Class Symbol": 1.0,
    "Word Class R Article": 0.9656862745098039
  },
  "per_interval_accuracy": {
    "Subcategories": 0.9866977053541736,
    "Gender": 0.9798112793504499,
    "Number": 0.9921470080100518,
    "Case": 0.9820057055080097,
    "Article": 0.9957064793130367,
    "Proper Noun": 0.9960967993754879,
    "Degree": 0.9899792674498963,
    "Declension": 0.9946091644204852,
    "Mood": 0.9939226519337017,
    "Voice": 1.0,
    "Tense": 0.9933701657458563,
    "Person": 0.991107817710263,
    "Definiteness": 0.9950980392156863
  },
  "per_interval_f1": {
    "Subcategories": 0.9787077586375111,
    "Gender": 0.9806193487336824,
    "Number": 0.9898865154258898,
    "Case": 0.9782311415331237,
    "Article": 0.9953259674171069,
    "Proper Noun": 0.9947766519195091,
    "Degree": 0.9489774208215517,
    "Declension": 0.9948387382597909,
    "Mood": 0.9944594668819875,
    "Voice": 1.0,
    "Tense": 0.9936620994760191,
    "Person": 0.9816531818251675,
    "Definiteness": 0.9947432164300255
  },
  "learning_rate": 1.66e-05
}