{
  "epoch": 3,
  "mode": "multilabel",
  "fold": 0,
  "eval_decoder": "greedy",
  "mbr_threshold": 0.0,
  "train_loss": 0.17775749577293404,
  "val_loss": 0.2825458124279976,
  "train_composite_accuracy": 0.9697230524762589,
  "train_composite_micro_f1": 0.9697230524762589,
  "train_composite_macro_f1": 0.7631065061613254,
  "val_composite_accuracy": 0.9676594994712725,
  "val_composite_micro_f1": 0.9676594994712725,
  "val_composite_macro_f1": 0.8201843404975775,
  "per_word_class_accuracy": {
    "Word Class Noun": 0.9949258391881343,
    "Word Class Adjective": 0.9731543624161074,
    "Word Class Pronoun": 0.9898762654668166,
    "Word Class Number": 0.975,
    "Word Class Verbs": 0.9961325966850829,
    "Word Class Participle": 0.9452054794520548,
    "Word Class Adverb": 0.9825935596170583,
    "Word Class Conjunctions": 0.9949152542372881,
    "Word Class Foreign words": 0.6875,
    "Word Class Unanalyzed word": 0.0,
    "Word Class Abbreviation": 0.84375,
    "Word Class Web email or address": 0.0,
    "Word Class Punctuation": 1.0,
    "Word Class Symbol": 1.0,
    "Word Class R Article": 0.9656862745098039
  },
  "per_word_class_f1": {
    "Word Class Noun": 0.9939559368297913,
    "Word Class Adjective": 0.9578860445912469,
    "Word Class Pronoun": 0.9821428571428571,
    "Word Class Number": 0.9780564263322885,
    "Word Class Verbs": 0.9964078474716773,
    "Word Class Participle": 0.9355932203389831,
    "Word Class Adverb": 0.9888329319027807,
    "Word Class Conjunctions": 0.9957591178965225,
    "Word Class Foreign words": 0.7857142857142857,
    "Word Class Unanalyzed word": 0.0,
    "Word Class Abbreviation": 0.8852459016393444,
    "Word Class Web email or address": 0.0,
    "Word Class Punctuation": 1.0,
    "Word Class Symbol": 1.0,
    "Word Class R Article": 0.9586374695863747
  },
  "per_interval_accuracy": {
    "Subcategories": 0.9827070169604257,
    "Gender": 0.9732280008777705,
    "Number": 0.9891628710538716,
    "Case": 0.9828834759710335,
    "Article": 0.9929742388758782,
    "Proper Noun": 0.9921935987509758,
    "Degree": 0.9823773324118866,
    "Declension": 0.9905660377358491,
    "Mood": 0.9906077348066298,
    "Voice": 0.9994475138121547,
    "Tense": 0.9933701657458563,
    "Person": 0.9877732493516117,
    "Definiteness": 0.9950980392156863
  },
  "per_interval_f1": {
    "Subcategories": 0.9633878093927191,
    "Gender": 0.9744468314997816,
    "Number": 0.9862287796585093,
    "Case": 0.972872104753583,
    "Article": 0.9923644809615363,
    "Proper Noun": 0.9896076713395638,
    "Degree": 0.7636396128240609,
    "Declension": 0.9910208238710654,
    "Mood": 0.954967238702086,
    "Voice": 0.9955837609277518,
    "Tense": 0.9938848646192634,
    "Person": 0.9711984117344512,
    "Definiteness": 0.9947432164300255
  },
  "learning_rate": 1.94e-05
}