{
  "epoch": 10,
  "mode": "multilabel",
  "fold": 0,
  "eval_decoder": "greedy",
  "mbr_threshold": 0.0,
  "train_loss": 0.03357312894931939,
  "val_loss": 0.2647686004638672,
  "train_composite_accuracy": 0.9933989971008471,
  "train_composite_micro_f1": 0.9933989971008471,
  "train_composite_macro_f1": 0.9325238324991955,
  "val_composite_accuracy": 0.973505853357979,
  "val_composite_micro_f1": 0.973505853357979,
  "val_composite_macro_f1": 0.8675495638155922,
  "per_word_class_accuracy": {
    "Word Class Noun": 0.9976580796252927,
    "Word Class Adjective": 0.9832214765100671,
    "Word Class Pronoun": 0.9921259842519685,
    "Word Class Number": 0.9875,
    "Word Class Verbs": 0.9966850828729282,
    "Word Class Participle": 0.952054794520548,
    "Word Class Adverb": 0.9873803307223673,
    "Word Class Conjunctions": 0.9906779661016949,
    "Word Class Foreign words": 0.75,
    "Word Class Unanalyzed word": 0.0,
    "Word Class Abbreviation": 0.90625,
    "Word Class Web email or address": 0.0,
    "Word Class Punctuation": 1.0,
    "Word Class Symbol": 1.0,
    "Word Class R Article": 0.9705882352941176
  },
  "per_word_class_f1": {
    "Word Class Noun": 0.9955209347614411,
    "Word Class Adjective": 0.9677952105697771,
    "Word Class Pronoun": 0.988235294117647,
    "Word Class Number": 0.9875,
    "Word Class Verbs": 0.9972360420121614,
    "Word Class Participle": 0.9553264604810997,
    "Word Class Adverb": 0.990613403187077,
    "Word Class Conjunctions": 0.9940476190476191,
    "Word Class Foreign words": 0.8421052631578947,
    "Word Class Unanalyzed word": 0.0,
    "Word Class Abbreviation": 0.9354838709677419,
    "Word Class Web email or address": 0.0,
    "Word Class Punctuation": 1.0,
    "Word Class Symbol": 1.0,
    "Word Class R Article": 0.9753694581280787
  },
  "per_interval_accuracy": {
    "Subcategories": 0.9847023611572996,
    "Gender": 0.9804696071977178,
    "Number": 0.9919899481702529,
    "Case": 0.9863945578231292,
    "Article": 0.9960967993754879,
    "Proper Noun": 0.9972677595628415,
    "Degree": 0.9882515549412578,
    "Declension": 0.9959568733153639,
    "Mood": 0.9922651933701657,
    "Voice": 1.0,
    "Tense": 0.9933701657458563,
    "Person": 0.9896257873286403,
    "Definiteness": 0.9901960784313726
  },
  "per_interval_f1": {
    "Subcategories": 0.9752465077857111,
    "Gender": 0.9815543759173626,
    "Number": 0.989898157984221,
    "Case": 0.9773315275036346,
    "Article": 0.9957498482088647,
    "Proper Noun": 0.9963417343165679,
    "Degree": 0.7847947735403019,
    "Declension": 0.996136680806378,
    "Mood": 0.9931654169256141,
    "Voice": 1.0,
    "Tense": 0.9938800649068916,
    "Person": 0.9800183668640239,
    "Definiteness": 0.989514802631579
  },
  "learning_rate": 1.8e-05
}