{
  "epoch": 12,
  "mode": "multilabel",
  "fold": 0,
  "eval_decoder": "greedy",
  "mbr_threshold": 0.0,
  "train_loss": 0.026359260554684346,
  "val_loss": 0.27061860263347626,
  "train_composite_accuracy": 0.9945230833152343,
  "train_composite_micro_f1": 0.9945230833152343,
  "train_composite_macro_f1": 0.9595478180113145,
  "val_composite_accuracy": 0.9732441471571907,
  "val_composite_micro_f1": 0.9732441471571907,
  "val_composite_macro_f1": 0.8702317197286669,
  "per_word_class_accuracy": {
    "Word Class Noun": 0.9964871194379391,
    "Word Class Adjective": 0.959731543624161,
    "Word Class Pronoun": 0.9910011248593926,
    "Word Class Number": 0.975,
    "Word Class Verbs": 0.9966850828729282,
    "Word Class Participle": 0.9794520547945206,
    "Word Class Adverb": 0.9908616187989556,
    "Word Class Conjunctions": 0.9966101694915255,
    "Word Class Foreign words": 0.78125,
    "Word Class Unanalyzed word": 0.0,
    "Word Class Abbreviation": 0.84375,
    "Word Class Web email or address": 0.0,
    "Word Class Punctuation": 1.0,
    "Word Class Symbol": 1.0,
    "Word Class R Article": 0.9558823529411765
  },
  "per_word_class_f1": {
    "Word Class Noun": 0.9951276554277918,
    "Word Class Adjective": 0.9662162162162162,
    "Word Class Pronoun": 0.9860100727476216,
    "Word Class Number": 0.9811320754716981,
    "Word Class Verbs": 0.9975117500691181,
    "Word Class Participle": 0.959731543624161,
    "Word Class Adverb": 0.9906460735262127,
    "Word Class Conjunctions": 0.995766299745978,
    "Word Class Foreign words": 0.847457627118644,
    "Word Class Unanalyzed word": 0.0,
    "Word Class Abbreviation": 0.9152542372881356,
    "Word Class Web email or address": 0.0,
    "Word Class Punctuation": 1.0,
    "Word Class Symbol": 1.0,
    "Word Class R Article": 0.960591133004926
  },
  "per_interval_accuracy": {
    "Subcategories": 0.9866977053541736,
    "Gender": 0.978055738424402,
    "Number": 0.9910475891314591,
    "Case": 0.9835418038183015,
    "Article": 0.994535519125683,
    "Proper Noun": 0.9957064793130367,
    "Degree": 0.9896337249481686,
    "Declension": 0.9919137466307277,
    "Mood": 0.9933701657458563,
    "Voice": 1.0,
    "Tense": 0.9939226519337017,
    "Person": 0.989996294924046,
    "Definiteness": 0.9901960784313726
  },
  "per_interval_f1": {
    "Subcategories": 0.9787796071674777,
    "Gender": 0.9796002712034608,
    "Number": 0.9891474156423582,
    "Case": 0.9756525572719031,
    "Article": 0.9940555465324021,
    "Proper Noun": 0.9942512967831781,
    "Degree": 0.9465561422521928,
    "Declension": 0.9893004866715603,
    "Mood": 0.9940411673701572,
    "Voice": 1.0,
    "Tense": 0.994373960155583,
    "Person": 0.9799187072271032,
    "Definiteness": 0.989514802631579
  },
  "learning_rate": 1.76e-05
}