{
  "epoch": 11,
  "mode": "multilabel",
  "fold": 0,
  "eval_decoder": "greedy",
  "mbr_threshold": 0.0,
  "train_loss": 0.035474262862524565,
  "val_loss": 0.2644367516040802,
  "train_composite_accuracy": 0.9926811532613725,
  "train_composite_micro_f1": 0.9926811532613725,
  "train_composite_macro_f1": 0.9299068632922032,
  "val_composite_accuracy": 0.9730538922155688,
  "val_composite_micro_f1": 0.9730538922155688,
  "val_composite_macro_f1": 0.8602256050646677,
  "per_word_class_accuracy": {
    "Word Class Noun": 0.9972677595628415,
    "Word Class Adjective": 0.959731543624161,
    "Word Class Pronoun": 0.9932508436445444,
    "Word Class Number": 0.975,
    "Word Class Verbs": 0.9972375690607734,
    "Word Class Participle": 0.9794520547945206,
    "Word Class Adverb": 0.9891209747606614,
    "Word Class Conjunctions": 0.9983050847457627,
    "Word Class Foreign words": 0.84375,
    "Word Class Unanalyzed word": 0.0,
    "Word Class Abbreviation": 0.84375,
    "Word Class Web email or address": 0.0,
    "Word Class Punctuation": 1.0,
    "Word Class Symbol": 1.0,
    "Word Class R Article": 0.9754901960784313
  },
  "per_word_class_f1": {
    "Word Class Noun": 0.9955191895577635,
    "Word Class Adjective": 0.9686706181202371,
    "Word Class Pronoun": 0.9882484611080021,
    "Word Class Number": 0.9811320754716981,
    "Word Class Verbs": 0.9969621651477492,
    "Word Class Participle": 0.962962962962963,
    "Word Class Adverb": 0.9912778020061055,
    "Word Class Conjunctions": 0.9961945031712474,
    "Word Class Foreign words": 0.8852459016393444,
    "Word Class Unanalyzed word": 0.0,
    "Word Class Abbreviation": 0.9152542372881356,
    "Word Class Web email or address": 0.0,
    "Word Class Punctuation": 1.0,
    "Word Class Symbol": 1.0,
    "Word Class R Article": 0.9707317073170731
  },
  "per_interval_accuracy": {
    "Subcategories": 0.9863651479880279,
    "Gender": 0.9767390827298661,
    "Number": 0.9921470080100518,
    "Case": 0.9815668202764977,
    "Article": 0.9957064793130367,
    "Proper Noun": 0.9960967993754879,
    "Degree": 0.9885970974429855,
    "Declension": 0.9905660377358491,
    "Mood": 0.9939226519337017,
    "Voice": 0.9994475138121547,
    "Tense": 0.994475138121547,
    "Person": 0.9918488329010745,
    "Definiteness": 0.9950980392156863
  },
  "per_interval_f1": {
    "Subcategories": 0.9786883297122739,
    "Gender": 0.9779288191991115,
    "Number": 0.990223273503632,
    "Case": 0.9721827122947919,
    "Article": 0.9953259674171069,
    "Proper Noun": 0.9947766519195091,
    "Degree": 0.7867705989844472,
    "Declension": 0.9879927419504156,
    "Mood": 0.9937001825462297,
    "Voice": 0.9955837609277518,
    "Tense": 0.9946481737185948,
    "Person": 0.9829796905283634,
    "Definiteness": 0.9947432164300255
  },
  "learning_rate": 1.7800000000000002e-05
}