{
  "epoch": 9,
  "mode": "multilabel",
  "fold": 0,
  "eval_decoder": "greedy",
  "mbr_threshold": 0.0,
  "train_loss": 0.04052093592668942,
  "val_loss": 0.2790249362587929,
  "train_composite_accuracy": 0.9911140909176755,
  "train_composite_micro_f1": 0.9911140909176755,
  "train_composite_macro_f1": 0.9063662336842515,
  "val_composite_accuracy": 0.9733251166475922,
  "val_composite_micro_f1": 0.9733251166475922,
  "val_composite_macro_f1": 0.8703942985182376,
  "per_word_class_accuracy": {
    "Word Class Noun": 0.9984387197501952,
    "Word Class Adjective": 0.9765100671140939,
    "Word Class Pronoun": 0.9921259842519685,
    "Word Class Number": 0.975,
    "Word Class Verbs": 0.9966850828729282,
    "Word Class Participle": 0.952054794520548,
    "Word Class Adverb": 0.9865100087032201,
    "Word Class Conjunctions": 0.997457627118644,
    "Word Class Foreign words": 0.59375,
    "Word Class Unanalyzed word": 0.0,
    "Word Class Abbreviation": 0.90625,
    "Word Class Web email or address": 0.0,
    "Word Class Punctuation": 1.0,
    "Word Class Symbol": 1.0,
    "Word Class R Article": 0.9705882352941176
  },
  "per_word_class_f1": {
    "Word Class Noun": 0.9951371328535304,
    "Word Class Adjective": 0.9683860232945091,
    "Word Class Pronoun": 0.9865771812080536,
    "Word Class Number": 0.9811320754716981,
    "Word Class Verbs": 0.9975117500691181,
    "Word Class Participle": 0.952054794520548,
    "Word Class Adverb": 0.9910382513661202,
    "Word Class Conjunctions": 0.9966130397967824,
    "Word Class Foreign words": 0.7307692307692308,
    "Word Class Unanalyzed word": 0.0,
    "Word Class Abbreviation": 0.9354838709677419,
    "Word Class Web email or address": 0.0,
    "Word Class Punctuation": 1.0,
    "Word Class Symbol": 1.0,
    "Word Class R Article": 0.9682151589242053
  },
  "per_interval_accuracy": {
    "Subcategories": 0.9866977053541736,
    "Gender": 0.9795918367346939,
    "Number": 0.991204648971258,
    "Case": 0.9833223612025456,
    "Article": 0.9968774395003903,
    "Proper Noun": 0.9972677595628415,
    "Degree": 0.98790601243953,
    "Declension": 0.9946091644204852,
    "Mood": 0.9933701657458563,
    "Voice": 1.0,
    "Tense": 0.9950276243093923,
    "Person": 0.9907373101148573,
    "Definiteness": 0.9950980392156863
  },
  "per_interval_f1": {
    "Subcategories": 0.9775711452694229,
    "Gender": 0.9804085526830082,
    "Number": 0.9892129278146853,
    "Case": 0.9754202412124833,
    "Article": 0.9965982239595504,
    "Proper Noun": 0.9963378797070876,
    "Degree": 0.7855108537129251,
    "Declension": 0.9918856406074062,
    "Mood": 0.993272697180122,
    "Voice": 1.0,
    "Tense": 0.9953603759571875,
    "Person": 0.980799232608393,
    "Definiteness": 0.9947432164300255
  },
  "learning_rate": 1.8200000000000002e-05
}