{
  "epoch": 8,
  "mode": "multilabel",
  "fold": 0,
  "eval_decoder": "greedy",
  "mbr_threshold": 0.0,
  "train_loss": 0.05031101911002024,
  "val_loss": 0.2641339495778084,
  "train_composite_accuracy": 0.9901009738450349,
  "train_composite_micro_f1": 0.9901009738450349,
  "train_composite_macro_f1": 0.8741334430912986,
  "val_composite_accuracy": 0.9718260257087515,
  "val_composite_micro_f1": 0.9718260257087515,
  "val_composite_macro_f1": 0.8508748154090767,
  "per_word_class_accuracy": {
    "Word Class Noun": 0.9957064793130367,
    "Word Class Adjective": 0.9580536912751678,
    "Word Class Pronoun": 0.9921259842519685,
    "Word Class Number": 0.975,
    "Word Class Verbs": 0.9966850828729282,
    "Word Class Participle": 0.958904109589041,
    "Word Class Adverb": 0.9899912967798086,
    "Word Class Conjunctions": 0.9923728813559322,
    "Word Class Foreign words": 0.8125,
    "Word Class Unanalyzed word": 0.0,
    "Word Class Abbreviation": 0.875,
    "Word Class Web email or address": 0.0,
    "Word Class Punctuation": 1.0,
    "Word Class Symbol": 1.0,
    "Word Class R Article": 0.9705882352941176
  },
  "per_word_class_f1": {
    "Word Class Noun": 0.9951238541057148,
    "Word Class Adjective": 0.9620893007582141,
    "Word Class Pronoun": 0.987129266927812,
    "Word Class Number": 0.9842271293375395,
    "Word Class Verbs": 0.9972360420121614,
    "Word Class Participle": 0.9523809523809523,
    "Word Class Adverb": 0.9880564603691641,
    "Word Class Conjunctions": 0.9949022939677146,
    "Word Class Foreign words": 0.8813559322033898,
    "Word Class Unanalyzed word": 0.0,
    "Word Class Abbreviation": 0.9333333333333333,
    "Word Class Web email or address": 0.0,
    "Word Class Punctuation": 1.0,
    "Word Class Symbol": 1.0,
    "Word Class R Article": 0.9658536585365853
  },
  "per_interval_accuracy": {
    "Subcategories": 0.9857000332557366,
    "Gender": 0.9769585253456221,
    "Number": 0.9916758284906549,
    "Case": 0.9817862628922537,
    "Article": 0.9937548790007806,
    "Proper Noun": 0.9953161592505855,
    "Degree": 0.9875604699378023,
    "Declension": 0.9905660377358491,
    "Mood": 0.992817679558011,
    "Voice": 1.0,
    "Tense": 0.994475138121547,
    "Person": 0.989996294924046,
    "Definiteness": 0.9901960784313726
  },
  "per_interval_f1": {
    "Subcategories": 0.9709268940271494,
    "Gender": 0.9784422242651712,
    "Number": 0.9897226825068706,
    "Case": 0.9720019380116653,
    "Article": 0.9932096115007236,
    "Proper Noun": 0.9937385540833816,
    "Degree": 0.7813645844946981,
    "Declension": 0.9849478880573272,
    "Mood": 0.9936144907970752,
    "Voice": 1.0,
    "Tense": 0.9948673964779816,
    "Person": 0.980315457387651,
    "Definiteness": 0.989514802631579
  },
  "learning_rate": 1.8400000000000003e-05
}