{
  "epoch": 20,
  "mode": "multilabel",
  "fold": 0,
  "eval_decoder": "greedy",
  "mbr_threshold": 0.0,
  "train_loss": 0.014819559092996737,
  "val_loss": 0.31877012699842455,
  "train_composite_accuracy": 0.9969602567733409,
  "train_composite_micro_f1": 0.9969602567733409,
  "train_composite_macro_f1": 0.973407301285633,
  "val_composite_accuracy": 0.9727064624053531,
  "val_composite_micro_f1": 0.9727064624053531,
  "val_composite_macro_f1": 0.8692634805965672,
  "per_word_class_accuracy": {
    "Word Class Noun": 0.9976580796252927,
    "Word Class Adjective": 0.9731543624161074,
    "Word Class Pronoun": 0.9932508436445444,
    "Word Class Number": 0.975,
    "Word Class Verbs": 0.9966850828729282,
    "Word Class Participle": 0.9726027397260274,
    "Word Class Adverb": 0.9869451697127938,
    "Word Class Conjunctions": 0.9940677966101695,
    "Word Class Foreign words": 0.84375,
    "Word Class Unanalyzed word": 0.0,
    "Word Class Abbreviation": 0.875,
    "Word Class Web email or address": 0.0,
    "Word Class Punctuation": 1.0,
    "Word Class Symbol": 1.0,
    "Word Class R Article": 0.9607843137254902
  },
  "per_word_class_f1": {
    "Word Class Noun": 0.9962970181251218,
    "Word Class Adjective": 0.9658617818484597,
    "Word Class Pronoun": 0.9860413176996092,
    "Word Class Number": 0.9811320754716981,
    "Word Class Verbs": 0.9966850828729282,
    "Word Class Participle": 0.9594594594594594,
    "Word Class Adverb": 0.9908256880733946,
    "Word Class Conjunctions": 0.9957555178268251,
    "Word Class Foreign words": 0.8852459016393444,
    "Word Class Unanalyzed word": 0.0,
    "Word Class Abbreviation": 0.9333333333333333,
    "Word Class Web email or address": 0.0,
    "Word Class Punctuation": 1.0,
    "Word Class Symbol": 1.0,
    "Word Class R Article": 0.9655172413793103
  },
  "per_interval_accuracy": {
    "Subcategories": 0.9850349185234453,
    "Gender": 0.9813473776607418,
    "Number": 0.9916758284906549,
    "Case": 0.9839806890498135,
    "Article": 0.9957064793130367,
    "Proper Noun": 0.9964871194379391,
    "Degree": 0.9903248099516241,
    "Declension": 0.9932614555256065,
    "Mood": 0.9922651933701657,
    "Voice": 1.0,
    "Tense": 0.9939226519337017,
    "Person": 0.989996294924046,
    "Definiteness": 0.9901960784313726
  },
  "per_interval_f1": {
    "Subcategories": 0.976430021433252,
    "Gender": 0.9824904705485453,
    "Number": 0.9897426773189052,
    "Case": 0.978943398787516,
    "Article": 0.9953259674171069,
    "Proper Noun": 0.995296515549873,
    "Degree": 0.9890462886048181,
    "Declension": 0.9935097673822636,
    "Mood": 0.9570565387601007,
    "Voice": 1.0,
    "Tense": 0.9941643690694084,
    "Person": 0.9743217176668282,
    "Definiteness": 0.989514802631579
  },
  "learning_rate": 1.6000000000000003e-05
}