{
  "epoch": 4,
  "mode": "multilabel",
  "fold": 0,
  "eval_decoder": "greedy",
  "mbr_threshold": 0.0,
  "train_loss": 0.1265372781047741,
  "val_loss": 0.2872929468750954,
  "train_composite_accuracy": 0.976913914046399,
  "train_composite_micro_f1": 0.976913914046399,
  "train_composite_macro_f1": 0.8126050036243507,
  "val_composite_accuracy": 0.9676737426230952,
  "val_composite_micro_f1": 0.9676737426230952,
  "val_composite_macro_f1": 0.8470227825336372,
  "per_word_class_accuracy": {
    "Word Class Noun": 0.9964871194379391,
    "Word Class Adjective": 0.947986577181208,
    "Word Class Pronoun": 0.9932508436445444,
    "Word Class Number": 0.975,
    "Word Class Verbs": 0.9961325966850829,
    "Word Class Participle": 0.9657534246575342,
    "Word Class Adverb": 0.9865100087032201,
    "Word Class Conjunctions": 0.9915254237288136,
    "Word Class Foreign words": 0.625,
    "Word Class Unanalyzed word": 0.0,
    "Word Class Abbreviation": 0.8125,
    "Word Class Web email or address": 0.0,
    "Word Class Punctuation": 1.0,
    "Word Class Symbol": 1.0,
    "Word Class R Article": 0.9411764705882353
  },
  "per_word_class_f1": {
    "Word Class Noun": 0.993385214007782,
    "Word Class Adjective": 0.9560067681895092,
    "Word Class Pronoun": 0.981111111111111,
    "Word Class Number": 0.9780564263322885,
    "Word Class Verbs": 0.9961325966850829,
    "Word Class Participle": 0.94,
    "Word Class Adverb": 0.9880148180431466,
    "Word Class Conjunctions": 0.994475138121547,
    "Word Class Foreign words": 0.7407407407407406,
    "Word Class Unanalyzed word": 0.0,
    "Word Class Abbreviation": 0.896551724137931,
    "Word Class Web email or address": 0.0,
    "Word Class Punctuation": 1.0,
    "Word Class Symbol": 1.0,
    "Word Class R Article": 0.9528535980148882
  },
  "per_interval_accuracy": {
    "Subcategories": 0.983372131692717,
    "Gender": 0.9741057713407943,
    "Number": 0.9908905292916601,
    "Case": 0.9820057055080097,
    "Article": 0.9941451990632318,
    "Proper Noun": 0.9949258391881343,
    "Degree": 0.9837595024187975,
    "Declension": 0.9919137466307277,
    "Mood": 0.9922651933701657,
    "Voice": 0.9994475138121547,
    "Tense": 0.9939226519337017,
    "Person": 0.9903668025194516,
    "Definiteness": 0.9901960784313726
  },
  "per_interval_f1": {
    "Subcategories": 0.9669584871587513,
    "Gender": 0.9762486008033175,
    "Number": 0.9886697088526583,
    "Case": 0.9738985688966537,
    "Article": 0.9936324781722247,
    "Proper Noun": 0.9932132104595541,
    "Degree": 0.7745273007477355,
    "Declension": 0.9893004866715603,
    "Mood": 0.9924089110816168,
    "Voice": 0.995655502989542,
    "Tense": 0.994373960155583,
    "Person": 0.9805027902773726,
    "Definiteness": 0.989514802631579
  },
  "learning_rate": 1.9200000000000003e-05
}