{
  "epoch": 5,
  "mode": "multilabel",
  "fold": 0,
  "eval_decoder": "greedy",
  "mbr_threshold": 0.0,
  "train_loss": 0.09367819958443725,
  "val_loss": 0.26618089228868486,
  "train_composite_accuracy": 0.9822928576152996,
  "train_composite_micro_f1": 0.9822928576152996,
  "train_composite_macro_f1": 0.8527241116845566,
  "val_composite_accuracy": 0.9699638861974809,
  "val_composite_micro_f1": 0.9699638861974809,
  "val_composite_macro_f1": 0.8275716931651629,
  "per_word_class_accuracy": {
    "Word Class Noun": 0.9968774395003903,
    "Word Class Adjective": 0.9546979865771812,
    "Word Class Pronoun": 0.984251968503937,
    "Word Class Number": 0.975,
    "Word Class Verbs": 0.9966850828729282,
    "Word Class Participle": 0.9657534246575342,
    "Word Class Adverb": 0.9873803307223673,
    "Word Class Conjunctions": 0.9983050847457627,
    "Word Class Foreign words": 0.75,
    "Word Class Unanalyzed word": 0.0,
    "Word Class Abbreviation": 0.8125,
    "Word Class Web email or address": 0.0,
    "Word Class Punctuation": 1.0,
    "Word Class Symbol": 1.0,
    "Word Class R Article": 0.9754901960784313
  },
  "per_word_class_f1": {
    "Word Class Noun": 0.9949357226334242,
    "Word Class Adjective": 0.9587194608256108,
    "Word Class Pronoun": 0.983698707138842,
    "Word Class Number": 0.975,
    "Word Class Verbs": 0.9966850828729282,
    "Word Class Participle": 0.94314381270903,
    "Word Class Adverb": 0.9901811040802967,
    "Word Class Conjunctions": 0.9961945031712474,
    "Word Class Foreign words": 0.8275862068965517,
    "Word Class Unanalyzed word": 0.0,
    "Word Class Abbreviation": 0.896551724137931,
    "Word Class Web email or address": 0.0,
    "Word Class Punctuation": 1.0,
    "Word Class Symbol": 1.0,
    "Word Class R Article": 0.9590361445783132
  },
  "per_interval_accuracy": {
    "Subcategories": 0.9848686398403724,
    "Gender": 0.9736668861092824,
    "Number": 0.9905764096120622,
    "Case": 0.9809084924292297,
    "Article": 0.9949258391881343,
    "Proper Noun": 0.994535519125683,
    "Degree": 0.9851416724257084,
    "Declension": 0.9919137466307277,
    "Mood": 0.9922651933701657,
    "Voice": 0.9994475138121547,
    "Tense": 0.992817679558011,
    "Person": 0.9870322341608003,
    "Definiteness": 0.9950980392156863
  },
  "per_interval_f1": {
    "Subcategories": 0.9601040331340186,
    "Gender": 0.9756621831201321,
    "Number": 0.9885223956919803,
    "Case": 0.971111402736182,
    "Article": 0.9944788171479924,
    "Proper Noun": 0.9927102302289281,
    "Degree": 0.7798333252829652,
    "Declension": 0.9893004866715603,
    "Mood": 0.9923855571687336,
    "Voice": 0.9955837609277518,
    "Tense": 0.9933857086422678,
    "Person": 0.9753971942139747,
    "Definiteness": 0.9947432164300255
  },
  "learning_rate": 1.9e-05
}