{
  "epoch": 7,
  "mode": "multilabel",
  "fold": 0,
  "eval_decoder": "greedy",
  "mbr_threshold": 0.0,
  "train_loss": 0.06101234224279244,
  "val_loss": 0.2447497010231018,
  "train_composite_accuracy": 0.9881823935612466,
  "train_composite_micro_f1": 0.9881823935612466,
  "train_composite_macro_f1": 0.8896715279241539,
  "val_composite_accuracy": 0.9724471830985916,
  "val_composite_micro_f1": 0.9724471830985916,
  "val_composite_macro_f1": 0.8730496370999346,
  "per_word_class_accuracy": {
    "Word Class Noun": 0.9960967993754879,
    "Word Class Adjective": 0.9681208053691275,
    "Word Class Pronoun": 0.9921259842519685,
    "Word Class Number": 0.975,
    "Word Class Verbs": 0.9966850828729282,
    "Word Class Participle": 0.9657534246575342,
    "Word Class Adverb": 0.9886858137510879,
    "Word Class Conjunctions": 0.997457627118644,
    "Word Class Foreign words": 0.9375,
    "Word Class Unanalyzed word": 0.0,
    "Word Class Abbreviation": 0.90625,
    "Word Class Web email or address": 0.0,
    "Word Class Punctuation": 1.0,
    "Word Class Symbol": 1.0,
    "Word Class R Article": 0.9558823529411765
  },
  "per_word_class_f1": {
    "Word Class Noun": 0.9953198127925117,
    "Word Class Adjective": 0.9656903765690378,
    "Word Class Pronoun": 0.9854748603351955,
    "Word Class Number": 0.9780564263322885,
    "Word Class Verbs": 0.9977876106194692,
    "Word Class Participle": 0.9591836734693877,
    "Word Class Adverb": 0.9917066783064165,
    "Word Class Conjunctions": 0.9970351545955104,
    "Word Class Foreign words": 0.9375,
    "Word Class Unanalyzed word": 0.0,
    "Word Class Abbreviation": 0.90625,
    "Word Class Web email or address": 0.0,
    "Word Class Punctuation": 1.0,
    "Word Class Symbol": 1.0,
    "Word Class R Article": 0.962962962962963
  },
  "per_interval_accuracy": {
    "Subcategories": 0.9865314266711007,
    "Gender": 0.9771779679613781,
    "Number": 0.9910475891314591,
    "Case": 0.9826640333552776,
    "Article": 0.9941451990632318,
    "Proper Noun": 0.9957064793130367,
    "Degree": 0.9885970974429855,
    "Declension": 0.9932614555256065,
    "Mood": 0.9917127071823204,
    "Voice": 1.0,
    "Tense": 0.992817679558011,
    "Person": 0.9888847721378288,
    "Definiteness": 0.9950980392156863
  },
  "per_interval_f1": {
    "Subcategories": 0.9777776672490159,
    "Gender": 0.9783839821464764,
    "Number": 0.9888403110338074,
    "Case": 0.9758660522113262,
    "Article": 0.9936324781722247,
    "Proper Noun": 0.994245239539709,
    "Degree": 0.7859461059661472,
    "Declension": 0.9906030062387062,
    "Mood": 0.99276354864103,
    "Voice": 1.0,
    "Tense": 0.9934014135948477,
    "Person": 0.9795723816790436,
    "Definiteness": 0.9947432164300255
  },
  "learning_rate": 1.86e-05
}