{
  "epoch": 2,
  "mode": "multilabel",
  "fold": 0,
  "eval_decoder": "greedy",
  "mbr_threshold": 0.0,
  "train_loss": 0.2951672276837163,
  "val_loss": 0.2839869812130928,
  "train_composite_accuracy": 0.9540514161715515,
  "train_composite_micro_f1": 0.9540514161715515,
  "train_composite_macro_f1": 0.667863944456817,
  "val_composite_accuracy": 0.9646353293941264,
  "val_composite_micro_f1": 0.9646353293941264,
  "val_composite_macro_f1": 0.8127675469344918,
  "per_word_class_accuracy": {
    "Word Class Noun": 0.9953161592505855,
    "Word Class Adjective": 0.9546979865771812,
    "Word Class Pronoun": 0.9887514060742407,
    "Word Class Number": 0.96875,
    "Word Class Verbs": 0.9961325966850829,
    "Word Class Participle": 0.958904109589041,
    "Word Class Adverb": 0.984769364664926,
    "Word Class Conjunctions": 0.997457627118644,
    "Word Class Foreign words": 0.4375,
    "Word Class Unanalyzed word": 0.0,
    "Word Class Abbreviation": 0.78125,
    "Word Class Web email or address": 0.0,
    "Word Class Punctuation": 1.0,
    "Word Class Symbol": 1.0,
    "Word Class R Article": 0.9509803921568627
  },
  "per_word_class_f1": {
    "Word Class Noun": 0.99241097489784,
    "Word Class Adjective": 0.9579124579124579,
    "Word Class Pronoun": 0.9826718837339296,
    "Word Class Number": 0.9779179810725551,
    "Word Class Verbs": 0.9955825510767531,
    "Word Class Participle": 0.9090909090909091,
    "Word Class Adverb": 0.9884254203974666,
    "Word Class Conjunctions": 0.9953488372093023,
    "Word Class Foreign words": 0.5957446808510638,
    "Word Class Unanalyzed word": 0.0,
    "Word Class Abbreviation": 0.847457627118644,
    "Word Class Web email or address": 0.0,
    "Word Class Punctuation": 1.0,
    "Word Class Symbol": 1.0,
    "Word Class R Article": 0.9580246913580247
  },
  "per_interval_accuracy": {
    "Subcategories": 0.9828732956434985,
    "Gender": 0.9716919025674786,
    "Number": 0.9901052300926653,
    "Case": 0.978275181040158,
    "Article": 0.9933645589383294,
    "Proper Noun": 0.9941451990632318,
    "Degree": 0.9813407049067036,
    "Declension": 0.9905660377358491,
    "Mood": 0.9900552486187846,
    "Voice": 0.9994475138121547,
    "Tense": 0.9933701657458563,
    "Person": 0.987402741756206,
    "Definiteness": 0.9901960784313726
  },
  "per_interval_f1": {
    "Subcategories": 0.9603115947182617,
    "Gender": 0.9739484164961232,
    "Number": 0.9879043469151196,
    "Case": 0.9703276999038518,
    "Article": 0.9927869459521094,
    "Proper Noun": 0.9921690889917932,
    "Degree": 0.7565178358426703,
    "Declension": 0.9880229726374109,
    "Mood": 0.8416946850874258,
    "Voice": 0.9955837609277518,
    "Tense": 0.9938848646192634,
    "Person": 0.9652110054127758,
    "Definiteness": 0.989514802631579
  },
  "learning_rate": 1.9600000000000002e-05
}