{
  "epoch": 13,
  "mode": "multilabel",
  "fold": 0,
  "eval_decoder": "greedy",
  "mbr_threshold": 0.0,
  "train_loss": 0.025635169136773096,
  "val_loss": 0.2837287649512291,
  "train_composite_accuracy": 0.9946084263403395,
  "train_composite_micro_f1": 0.9946084263403395,
  "train_composite_macro_f1": 0.953771080752477,
  "val_composite_accuracy": 0.9739367790789821,
  "val_composite_micro_f1": 0.9739367790789821,
  "val_composite_macro_f1": 0.8619994709657476,
  "per_word_class_accuracy": {
    "Word Class Noun": 0.9960967993754879,
    "Word Class Adjective": 0.9546979865771812,
    "Word Class Pronoun": 0.9921259842519685,
    "Word Class Number": 0.975,
    "Word Class Verbs": 0.9972375690607734,
    "Word Class Participle": 0.9863013698630136,
    "Word Class Adverb": 0.9904264577893821,
    "Word Class Conjunctions": 0.997457627118644,
    "Word Class Foreign words": 0.8125,
    "Word Class Unanalyzed word": 0.0,
    "Word Class Abbreviation": 0.90625,
    "Word Class Web email or address": 0.0,
    "Word Class Punctuation": 1.0,
    "Word Class Symbol": 1.0,
    "Word Class R Article": 0.9509803921568627
  },
  "per_word_class_f1": {
    "Word Class Noun": 0.9955139457772576,
    "Word Class Adjective": 0.9627749576988156,
    "Word Class Pronoun": 0.9838259899609593,
    "Word Class Number": 0.9842271293375395,
    "Word Class Verbs": 0.9975131251726996,
    "Word Class Participle": 0.9664429530201343,
    "Word Class Adverb": 0.9915051187105206,
    "Word Class Conjunctions": 0.9966130397967824,
    "Word Class Foreign words": 0.8524590163934426,
    "Word Class Unanalyzed word": 0.0,
    "Word Class Abbreviation": 0.90625,
    "Word Class Web email or address": 0.0,
    "Word Class Punctuation": 1.0,
    "Word Class Symbol": 1.0,
    "Word Class R Article": 0.9603960396039604
  },
  "per_interval_accuracy": {
    "Subcategories": 0.9871965414033921,
    "Gender": 0.978275181040158,
    "Number": 0.9908905292916601,
    "Case": 0.9822251481237656,
    "Article": 0.994535519125683,
    "Proper Noun": 0.9968774395003903,
    "Degree": 0.9892881824464409,
    "Declension": 0.9905660377358491,
    "Mood": 0.9933701657458563,
    "Voice": 1.0,
    "Tense": 0.9939226519337017,
    "Person": 0.9903668025194516,
    "Definiteness": 0.9901960784313726
  },
  "per_interval_f1": {
    "Subcategories": 0.9795407716932706,
    "Gender": 0.9790392991647312,
    "Number": 0.988413073338501,
    "Case": 0.9767050575633002,
    "Article": 0.9940526723511278,
    "Proper Noun": 0.9958213215356072,
    "Degree": 0.7885250452898628,
    "Declension": 0.9879927419504156,
    "Mood": 0.9940411673701572,
    "Voice": 1.0,
    "Tense": 0.994373960155583,
    "Person": 0.9812691622689321,
    "Definiteness": 0.989514802631579
  },
  "learning_rate": 1.7400000000000003e-05
}